frame_id,timestamp,fps,total_latency_ms,detection_time_ms,tracking_time_ms,queue_frame_depth,queue_ocr_depth,gpu_memory_gb,active_overlays
1,13.454526662826538,24.38166101832852,40.01426696777344,0.0,0.0,0,0,0.1838397979736328,0
2,13.552555561065674,10.201917159820884,10.004520416259766,0.0,0.0,1,0,0.1838397979736328,0
3,13.579561948776245,35.713225026395556,7.0056915283203125,0.0,0.0,0,0,0.1838397979736328,0
4,13.6025550365448,45.45389917204907,6.007671356201172,0.0,0.0,1,0,0.1838397979736328,0
5,13.621554613113403,50.01912848522432,4.999876022338867,0.0,0.0,1,0,0.1838397979736328,0
6,13.642559289932251,47.60844494892168,6.997346878051758,0.0,0.0,2,0,0.1838397979736328,0
7,13.66155481338501,52.64398227755952,4.999637603759766,0.0,0.0,2,0,0.1838397979736328,0
8,13.682554244995117,47.620336519902814,5.990505218505859,0.0,0.0,3,0,0.1838397979736328,0
9,13.702558755874634,49.988725344139205,5.995512008666992,0.0,0.0,3,0,0.18384265899658203,0
10,13.72255563735962,50.00779750336819,5.993127822875977,0.0,0.0,4,0,0.18384265899658203,0
11,13.743556499481201,47.61709277507833,5.994319915771484,0.0,0.0,4,0,0.18384313583374023,0
12,13.76358437538147,52.52992009618516,5.935430526733398,0.0,0.0,5,0,0.18384265899658203,0
13,13.781591892242432,52.635393921140476,5.001544952392578,0.0,0.0,5,0,0.18384265899658203,0
14,13.80258584022522,47.63277497018909,5.002021789550781,0.0,0.0,6,0,0.18384265899658203,0
15,13.823590993881226,47.6073641915053,6.006479263305664,0.0,0.0,6,0,0.21509504318237305,0
16,13.844592571258545,47.615471068375584,7.009267807006836,0.0,0.0,7,0,0.21509504318237305,0
17,13.865583658218384,47.639267176266145,6.000518798828125,0.0,0.0,7,0,0.21509504318237305,0
18,13.891591548919678,38.449869367924094,11.00468635559082,0.0,0.0,8,0,0.21509504318237305,0
19,13.930591344833374,26.30515277708093,10.001897811889648,0.0,0.0,8,0,0.21509504318237305,0
20,13.96658444404602,27.794334183757993,10.985612869262695,0.0,0.0,9,0,0.21509504318237305,0
21,13.993585586547852,37.0371050633135,8.996963500976562,0.0,0.0,9,0,0.21509408950805664,0
22,14.020598411560059,37.02435450412676,7.008552551269531,0.0,0.0,10,0,0.21509456634521484,0
23,14.040583848953247,47.643596296927356,5.993127822875977,0.0,0.0,10,0,0.21508216857910156,0
24,14.064587116241455,43.472849576600574,8.00180435180664,0.0,0.0,11,0,0.21536874771118164,0
25,14.09459662437439,32.24775304655365,6.012678146362305,0.0,0.0,11,0,0.21561813354492188,0
26,14.120589017868042,38.472793982755455,7.999897003173828,0.0,0.0,12,0,0.21614933013916016,0
27,14.142587184906006,47.62249926198424,5.002498626708984,0.0,0.0,12,0,0.21509695053100586,0
28,14.164587497711182,43.478257263991544,6.997585296630859,0.0,0.0,13,0,0.21526193618774414,0
29,14.186588287353516,45.45291402067665,6.999969482421875,0.0,0.0,13,0,0.21500015258789062,0
30,14.207590341567993,50.00600887023702,5.990266799926758,0.0,0.0,14,0,0.21498489379882812,0
31,14.236607551574707,34.48440750150046,13.990640640258789,0.0,0.0,14,0,0.2150259017944336,0
32,14.259584426879883,43.44808154470871,7.01451301574707,0.0,0.0,15,0,0.21549701690673828,0
33,14.280591249465942,45.47361117134307,7.008075714111328,0.0,0.0,15,0,0.21493816375732422,0
34,14.303584337234497,43.49133139776026,7.924318313598633,0.0,0.0,16,0,0.2149195671081543,0
35,14.326584577560425,43.477806571991295,7.992029190063477,0.0,0.0,16,0,0.2110748291015625,0
36,14.349584579467773,45.439126383983705,7.0056915283203125,0.0,0.0,17,0,0.21236419677734375,0
37,14.370620965957642,47.56309534609453,6.003379821777344,0.0,0.0,17,0,0.21236419677734375,0
38,14.395623207092285,39.987644198684336,7.001399993896484,0.0,0.0,18,0,0.21236419677734375,0
39,14.417618751525879,45.4593182680323,5.995273590087891,0.0,0.0,18,0,0.21236419677734375,0
40,14.440619945526123,43.49178237020293,7.002115249633789,0.0,0.0,19,0,0.21236419677734375,0
41,14.46263599395752,45.45981097719587,7.000207901000977,0.0,0.0,19,0,0.21236419677734375,0
42,14.485612392425537,41.666789187685644,6.993293762207031,0.0,0.0,20,0,0.21236419677734375,0
43,14.509613990783691,41.663891924108476,7.00068473815918,0.0,0.0,20,0,0.21236419677734375,0
44,14.533612489700317,41.66927287719682,7.892131805419922,0.0,0.0,21,0,0.21236419677734375,0
45,14.55861210823059,40.00061036087587,7.999420166015625,0.0,0.0,21,0,0.21236419677734375,0
46,14.582615375518799,41.66099506342064,6.928682327270508,0.0,0.0,22,0,0.21236419677734375,0
47,14.60661244392395,41.671756862823024,6.992101669311523,0.0,0.0,22,0,0.21236419677734375,0
48,14.629626750946045,43.45123227216691,7.012844085693359,0.0,0.0,23,0,0.21236419677734375,0
49,14.673622846603394,23.26317540959966,24.99556541442871,0.0,0.0,23,0,0.21236419677734375,0
50,14.698626518249512,38.44176412362063,6.995677947998047,0.0,0.0,24,0,0.21236419677734375,0
51,14.720611810684204,45.48495331460857,4.992961883544922,0.0,0.0,24,0,0.21236419677734375,0
52,14.745619058609009,39.988406681412556,6.990671157836914,0.0,0.0,25,0,0.21236419677734375,0
53,14.769653558731079,41.60685659868265,7.0037841796875,0.0,0.0,25,0,0.21236419677734375,0
54,14.794645547866821,41.67589749704395,7.002353668212891,0.0,0.0,26,0,0.21236419677734375,0
55,14.819647550582886,38.46256270117103,6.999492645263672,0.0,0.0,26,0,0.21236419677734375,0
56,14.845645904541016,38.463973588885324,9.000062942504883,0.0,0.0,27,0,0.21236419677734375,0
57,14.870689392089844,39.93054074638233,8.009910583496094,0.0,0.0,27,0,0.21236419677734375,0
58,14.896676778793335,39.99832160363144,6.999492645263672,0.0,0.0,28,0,0.21236419677734375,0
59,14.920669555664062,40.03344468836499,6.9980621337890625,0.0,0.0,28,0,0.21236419677734375,0
60,14.946681499481201,38.443878205715755,8.997201919555664,0.0,0.0,29,0,0.21236419677734375,0
61,14.971720218658447,41.60231702357691,5.993366241455078,0.0,0.0,29,0,0.21236419677734375,0
62,14.998741149902344,37.03448884807601,7.001638412475586,0.0,0.0,30,0,0.21236419677734375,0
63,15.023727178573608,38.45163182984965,6.998300552368164,0.0,0.0,30,0,0.21236419677734375,0
64,15.050720453262329,38.47244108933141,9.000539779663086,0.0,0.0,31,0,0.21236419677734375,0
65,15.076356649398804,39.00371968457075,6.001710891723633,0.0,0.0,31,0,0.21236419677734375,0
66,15.10135793685913,38.462209995414945,8.00013542175293,0.0,0.0,32,0,0.21236419677734375,0
67,15.128357410430908,38.381961602518345,7.053613662719727,0.0,0.0,32,0,0.21236419677734375,0
68,15.153364419937134,40.087011373411066,6.995439529418945,0.0,0.0,33,0,0.21236419677734375,0
69,15.179356813430786,37.03808623932605,6.999015808105469,0.0,0.0,33,0,0.21236419677734375,0
70,15.206356525421143,37.03743211620822,10.00070571899414,0.0,0.0,34,0,0.21236419677734375,0
71,15.232382774353027,38.422747842655866,6.991386413574219,0.0,0.0,34,0,0.21236419677734375,0
72,15.258735418319702,37.94685653798482,9.346723556518555,0.0,0.0,35,0,0.21236419677734375,0
73,15.285737752914429,38.446697343575266,6.00886344909668,0.0,0.0,35,0,0.21236419677734375,0
74,15.311744451522827,37.03841330954946,8.010387420654297,0.0,0.0,36,0,0.21236419677734375,0
75,15.339736700057983,35.72417552466612,8.002281188964844,0.0,0.0,36,0,0.21236419677734375,0
76,15.366735696792603,37.03841330954946,9.000062942504883,0.0,0.0,37,0,0.21236419677734375,0
77,15.395735502243042,34.482989953466955,7.999897003173828,0.0,0.0,37,0,0.21623468399047852,0
78,15.427962303161621,32.02198775404254,10.006189346313477,0.0,0.0,38,0,0.21623468399047852,0
79,15.456034898757935,35.719307807603215,7.002830505371094,0.0,0.0,38,0,0.21623468399047852,0
80,15.481981039047241,37.00834700972347,7.020235061645508,0.0,0.0,39,0,0.21623468399047852,0
81,15.5089590549469,37.067218127507644,6.993770599365234,0.0,0.0,39,0,0.21623468399047852,0
82,15.53295373916626,41.67589749704395,5.990028381347656,0.0,0.0,40,0,0.21623468399047852,0
83,15.556957960128784,43.477806571991295,5.000829696655273,0.0,0.0,40,0,0.21623468399047852,0
84,15.579954385757446,41.66596135697611,6.999969482421875,0.0,0.0,41,0,0.21623468399047852,0
85,15.604954242706299,41.66761705129097,4.99272346496582,0.0,0.0,41,0,0.21623468399047852,0
86,15.626953125,45.45291402067665,6.000995635986328,0.0,0.0,42,0,0.21623468399047852,0
87,15.649962902069092,41.65230689785299,5.00941276550293,0.0,0.0,42,0,0.21623468399047852,0
88,15.674971103668213,41.681281551854354,5.993843078613281,0.0,0.0,43,0,0.21623468399047852,0
89,15.697955846786499,41.664305794236554,5.000591278076172,0.0,0.0,43,0,0.21623468399047852,0
90,15.7219557762146,41.666789187685644,6.999969482421875,0.0,0.0,44,0,0.21623468399047852,0
91,15.745953559875488,41.67051483299223,4.941701889038086,0.0,0.0,44,0,0.21623468399047852,0
92,15.768960952758789,43.464290155440416,5.996942520141602,0.0,0.0,45,0,0.21236419677734375,0
93,15.804955005645752,27.782367357753195,5.992650985717773,0.0,0.0,45,0,0.21300888061523438,0
94,15.83095383644104,38.46326813208983,7.936000823974609,0.0,0.0,46,0,0.2149519920349121,0
95,15.858956336975098,35.71109654238789,7.002353668212891,0.0,0.0,46,0,0.2149519920349121,0
96,15.884955406188965,38.46291541339593,7.00068473815918,0.0,0.0,47,0,0.2149519920349121,0
97,15.910960674285889,38.45374699745127,6.003618240356445,0.0,0.0,47,0,0.21236419677734375,0
98,15.93595838546753,40.00366244468182,7.997035980224609,0.0,0.0,48,0,0.21236419677734375,0
99,15.962955951690674,38.46644289146903,5.99980354309082,0.0,0.0,48,0,0.2136540412902832,0
100,15.992954730987549,33.317742755465176,7.005453109741211,0.0,0.0,49,0,0.21236419677734375,0
101,16.019958019256592,35.72843586554679,7.002115249633789,0.0,0.0,49,0,0.21236419677734375,0
102,16.043957471847534,41.66761705129097,6.995439529418945,0.0,0.0,50,0,0.2130112648010254,0
103,16.072957515716553,34.48270645784519,8.00323486328125,0.0,0.0,50,0,0.21494293212890625,0
104,16.09795570373535,41.65354784249466,7.0018768310546875,0.0,0.0,51,0,0.21494293212890625,0
105,16.127959728240967,33.34396489359165,9.993314743041992,0.0,0.0,51,0,0.21719980239868164,0
106,16.162963151931763,27.771881848940918,16.0067081451416,0.0,0.0,52,0,0.21268653869628906,0
107,16.197969913482666,28.565910004154492,12.002229690551758,0.0,0.0,52,0,0.21268653869628906,0
108,16.234968185424805,27.0282893634571,17.00425148010254,0.0,0.0,53,0,0.21268653869628906,0
109,16.268966913223267,29.412865267424493,11.999845504760742,0.0,0.0,53,0,0.21571016311645508,0
110,16.31095838546753,23.814359119943223,20.003557205200195,0.0,0.0,54,0,0.21571016311645508,0
111,16.346953630447388,27.781447259480046,11.997699737548828,0.0,0.0,54,0,0.21171951293945312,0
112,16.38195514678955,28.570190794716872,16.99066162109375,0.0,0.0,55,0,0.21303606033325195,0
113,16.414955377578735,31.247142963569992,10.99705696105957,0.0,0.0,55,0,0.2140650749206543,0
114,16.448963403701782,28.567077365262936,16.99376106262207,0.0,0.0,56,0,0.2140650749206543,0
115,16.48095726966858,31.25599141528556,12.002944946289062,0.0,0.0,56,0,0.2119612693786621,0
116,16.517958879470825,27.025851181731486,17.000675201416016,0.0,0.0,57,0,0.21413755416870117,0
117,16.566954135894775,20.835257416496116,26.99899673461914,0.0,0.0,57,0,0.21479272842407227,0
118,16.641966581344604,13.155794214881217,44.00944709777832,0.0,0.0,58,0,0.21204185485839844,0
119,16.70895791053772,15.154310572201767,34.99770164489746,0.0,0.0,58,0,0.21419572830200195,0
120,16.776955127716064,14.492602190663764,37.999868392944336,0.0,0.0,59,0,0.2122030258178711,0
121,16.830954551696777,18.51871605810411,24.990320205688477,0.0,0.0,59,0,0.3467268943786621,0
122,16.894961833953857,15.870742662110874,39.00909423828125,0.0,0.0,60,0,0.21204185485839844,0
123,16.955963373184204,16.395335837669013,31.996726989746094,0.0,0.0,60,0,0.2120828628540039,0
124,17.015962600708008,16.391811722774136,39.00909423828125,0.0,0.0,61,0,0.2120828628540039,0
125,17.06995463371277,18.521251087393303,24.99246597290039,0.0,0.0,61,0,0.2120828628540039,0
126,17.13990330696106,14.504379700873173,44.74687576293945,0.0,0.0,62,0,0.21370697021484375,0
127,17.206905841827393,14.704473425886972,28.01036834716797,0.0,0.0,62,0,0.21200180053710938,0
128,17.265902757644653,16.95003859349932,36.00645065307617,0.0,0.0,63,0,0.2122035026550293,0
129,17.32789659500122,16.130635602509027,34.00087356567383,0.0,0.0,63,0,0.21204185485839844,0
130,17.387894868850708,16.667146166715014,38.99955749511719,0.0,0.0,64,0,0.21235084533691406,0
131,17.4429030418396,18.51634520724531,25.997400283813477,0.0,0.0,64,0,0.2127079963684082,0
132,17.50692844390869,15.378171472149708,43.02620887756348,0.0,0.0,65,0,0.2127079963684082,0
133,17.943516969680786,2.290486215210369,11.997699737548828,0.0,0.0,65,0,0.2127079963684082,0
134,17.976062774658203,30.725926142981677,15.546560287475586,0.0,0.0,66,0,0.2127079963684082,0
135,18.009137630462646,30.234447760333317,12.000560760498047,0.0,0.0,66,0,0.2127079963684082,0
136,18.04113745689392,31.250169501627962,16.00027084350586,0.0,0.0,67,0,0.2127079963684082,0
137,18.066644430160522,40.78792593745138,10.515689849853516,0.0,0.0,67,0,0.2127079963684082,0
138,18.096644639968872,32.268344847748146,16.000032424926758,0.0,0.0,68,0,0.2127079963684082,0
139,18.121644973754883,39.99946594951316,12.000560760498047,0.0,0.0,68,0,0.2127079963684082,0
140,18.15183448791504,33.124083901945916,17.188549041748047,0.0,0.0,69,0,0.2119612693786621,0
141,18.176844358444214,39.98421338620959,11.009454727172852,0.0,0.0,69,0,0.2119612693786621,0
142,18.205846309661865,34.48043866067098,15.002965927124023,0.0,0.0,70,0,0.2119612693786621,0
143,18.230834484100342,40.018929852683,11.99197769165039,0.0,0.0,70,0,0.21228361129760742,0
144,18.260833978652954,33.333894951004154,15.999794006347656,0.0,0.0,71,0,0.230224609375,0
145,18.292854070663452,32.256185063561766,11.002302169799805,0.0,0.0,71,0,0.2160177230834961,0
146,18.321837186813354,34.4790214389057,15.004634857177734,0.0,0.0,72,0,0.212646484375,0
147,18.350833654403687,33.33919416248698,11.99960708618164,0.0,0.0,72,0,0.2133312225341797,0
148,18.378840684890747,37.02762304127124,13.998031616210938,0.0,0.0,73,0,0.2133312225341797,0
149,18.40783381462097,33.34078425449718,11.000394821166992,0.0,0.0,73,0,0.21913480758666992,0
150,18.438835382461548,32.256433130815964,14.002323150634766,0.0,0.0,74,0,0.21913480758666992,0
151,18.46683430671692,35.715657890255116,11.00015640258789,0.0,0.0,74,0,0.21913480758666992,0
152,18.497833251953125,32.259162122459024,14.9993896484375,0.0,0.0,75,0,0.21913480758666992,0
153,18.528844356536865,33.33151085539909,11.883258819580078,0.0,0.0,75,0,0.21333646774291992,0
154,18.560835599899292,30.302380522342233,14.002323150634766,0.0,0.0,76,0,0.21333646774291992,0
155,18.61383581161499,18.86784915811587,30.99679946899414,0.0,0.0,76,0,0.21493959426879883,0
156,18.781933069229126,5.948937027250511,133.09717178344727,0.0,0.0,77,0,0.2132558822631836,0
157,18.84644913673401,15.500014781966001,41.51725769042969,0.0,0.0,77,0,0.2132558822631836,0
158,18.945028066635132,10.14415556146758,70.57809829711914,0.0,0.0,78,0,0.2132558822631836,0
159,19.052541255950928,9.301184406898432,44.00062561035156,0.0,0.0,78,0,0.2132558822631836,0
160,19.11953854560852,14.925976932958966,42.00029373168945,0.0,0.0,79,0,0.21317672729492188,0
161,19.17454218864441,18.180613952198073,34.00301933288574,0.0,0.0,79,0,0.22290277481079102,0
162,19.277726888656616,9.786285260972024,69.99945640563965,0.0,0.0,80,0,0.21333646774291992,0
163,19.33924126625061,15.996094703441543,37.51683235168457,0.0,0.0,80,0,0.2135467529296875,0
164,19.397873163223267,17.353777917532085,35.623788833618164,0.0,0.0,81,0,0.2135467529296875,0
165,19.53717541694641,7.12708537948894,43.732643127441406,0.0,0.0,81,0,0.2135477066040039,0
166,19.653568744659424,8.663948276218214,85.27016639709473,0.0,0.0,82,0,0.2135472297668457,0
167,19.72457766532898,13.892471978589787,33.18047523498535,0.0,0.0,82,0,0.2135472297668457,0
168,19.800575733184814,13.158229257840564,49.99852180480957,0.0,0.0,83,0,0.2135477066040039,0
169,19.867576360702515,14.925233345550689,43.00880432128906,0.0,0.0,83,0,0.2135477066040039,0
170,19.93126630783081,15.701065004585697,40.71354866027832,0.0,0.0,84,0,0.2135477066040039,0
171,19.98564624786377,18.73636530137274,33.01548957824707,0.0,0.0,84,0,0.2135477066040039,0
172,20.053823232650757,14.45404608142476,44.98147964477539,0.0,0.0,85,0,0.2135481834411621,0
173,20.109824180603027,17.85684058156119,32.991647720336914,0.0,0.0,85,0,0.2135481834411621,0
174,20.18683433532715,12.985300491634778,51.01132392883301,0.0,0.0,86,0,0.2135477066040039,0
175,20.240830659866333,18.86929216040885,30.00617027282715,0.0,0.0,86,0,0.2135477066040039,0
176,20.300833463668823,16.392644558653977,37.01019287109375,0.0,0.0,87,0,0.2135477066040039,0
177,20.374833583831787,13.513491569983794,33.01048278808594,0.0,0.0,87,0,0.2135477066040039,0
178,20.429824590682983,18.18479160976202,30.999422073364258,0.0,0.0,88,0,0.21355819702148438,0
179,20.714595079421997,3.511599830544518,256.76870346069336,0.0,0.0,88,0,0.21355819702148438,0
180,20.75746178627014,23.32812743331331,21.86441421508789,0.0,0.0,89,0,0.2135634422302246,0
181,20.793463468551636,27.776479781724746,18.001556396484375,0.0,0.0,89,0,0.21356439590454102,0
182,20.83846426010132,22.221831340365675,23.995161056518555,0.0,0.0,90,0,0.21356916427612305,0
183,20.953470468521118,8.69518275352374,19.995450973510742,0.0,0.0,90,0,0.2143998146057129,0
184,20.99646282196045,23.259950200473593,21.993398666381836,0.0,0.0,91,0,0.21397638320922852,0
185,21.035472869873047,25.634421219899767,17.008304595947266,0.0,0.0,91,0,0.2140030860900879,0
186,21.07947087287903,23.257241715831967,22.002696990966797,0.0,0.0,92,0,0.2140030860900879,0
187,21.115471601486206,27.026025322980765,16.001224517822266,0.0,0.0,92,0,0.2140030860900879,0
188,21.160462856292725,22.226541675719503,22.99952507019043,0.0,0.0,93,0,0.2140030860900879,0
189,21.200470447540283,25.641316574558616,16.99519157409668,0.0,0.0,93,0,0.2140030860900879,0
190,21.246463537216187,21.276087188097616,24.990320205688477,0.0,0.0,94,0,0.2140030860900879,0
191,21.285470485687256,26.31687131769327,16.988277435302734,0.0,0.0,94,0,0.2140030860900879,0
192,21.3304705619812,21.735073118658473,23.00882339477539,0.0,0.0,95,0,0.2140030860900879,0
193,21.372462272644043,23.814223907884127,22.99356460571289,0.0,0.0,95,0,0.2140030860900879,0
194,21.41847062110901,21.735185751374544,23.99921417236328,0.0,0.0,96,0,0.2140030860900879,0
195,21.457461833953857,26.32149558516213,16.99352264404297,0.0,0.0,96,0,0.2140030860900879,0
196,21.50146985054016,22.72387133824908,21.999835968017578,0.0,0.0,97,0,0.21463823318481445,0
197,21.537463426589966,27.031076395602128,16.994953155517578,0.0,0.0,97,0,0.21463823318481445,0
198,21.68412971496582,6.865373787106996,124.65333938598633,0.0,0.0,98,0,0.21463823318481445,0
199,21.70824122428894,39.810019172725376,7.079362869262695,0.0,0.0,98,0,0.21463823318481445,0
200,21.732249975204468,41.65147964250248,6.9942474365234375,0.0,0.0,99,0,0.21463823318481445,0
201,21.755268335342407,43.4435812980341,5.993843078613281,0.0,0.0,99,0,0.21463823318481445,0
202,21.78083872795105,40.70400993750243,5.999326705932617,0.0,0.0,100,0,0.21463823318481445,0
203,21.803829193115234,41.67838227256919,6.999731063842773,0.0,0.0,100,0,0.21463823318481445,0
204,21.827836275100708,41.65437518000258,7.006406784057617,0.0,0.0,101,0,0.21463823318481445,0
205,21.855835914611816,35.714745527465325,11.998414993286133,0.0,0.0,101,0,0.21463823318481445,0
206,21.88283133506775,38.47067671931466,8.99958610534668,0.0,0.0,102,0,0.21463823318481445,0
207,21.904836654663086,43.46519098841427,8.007287979125977,0.0,0.0,102,0,0.21463823318481445,0
208,21.927829265594482,43.49223335199817,8.001089096069336,0.0,0.0,103,0,0.21463823318481445,0
209,21.95183801651001,41.65147964250248,10.002374649047852,0.0,0.0,103,0,0.21442699432373047,0
210,21.98883628845215,27.0282893634571,20.00737190246582,0.0,0.0,104,0,0.21442699432373047,0
211,22.0168399810791,35.70957635199564,10.998964309692383,0.0,0.0,104,0,0.2140030860900879,0
212,22.03982925415039,43.49854807931635,7.9936981201171875,0.0,0.0,105,0,0.2140030860900879,0
213,22.064829111099243,40.00022888314562,9.992361068725586,0.0,0.0,105,0,0.21357965469360352,0
214,22.10983657836914,22.21853529333863,9.000539779663086,0.0,0.0,106,0,0.21357965469360352,0
215,22.130842447280884,47.60574314738096,7.0056915283203125,0.0,0.0,106,0,0.21357965469360352,0
216,22.155836820602417,40.009004712211684,10.006189346313477,0.0,0.0,107,0,0.2135930061340332,0
217,22.201862335205078,21.7270791784299,30.033111572265625,0.0,0.0,107,0,0.21363306045532227,0
218,22.22586989402771,41.65354784249466,8.999109268188477,0.0,0.0,108,0,0.21363306045532227,0
219,22.246864557266235,47.63115219514411,6.995439529418945,0.0,0.0,108,0,0.21363306045532227,0
220,22.27186417579651,40.00061036087587,8.990287780761719,0.0,0.0,109,0,0.2136063575744629,0
221,22.29486322402954,43.48006012543409,7.00068473815918,0.0,0.0,109,0,0.21357965469360352,0
222,22.31986904144287,39.990694304075056,8.999109268188477,0.0,0.0,110,0,0.21358633041381836,0
223,22.341871976852417,45.44848136790664,7.002830505371094,0.0,0.0,110,0,0.21358633041381836,0
224,22.366862773895264,40.014730153884315,8.991003036499023,0.0,0.0,111,0,0.21358633041381836,0
225,22.388870000839233,45.43961865554412,7.000446319580078,0.0,0.0,111,0,0.21358633041381836,0
226,22.414862871170044,39.99641450599331,9.009599685668945,0.0,0.0,112,0,0.21358633041381836,0
227,22.43792724609375,43.3900998293074,6.994724273681641,0.0,0.0,112,0,0.2101140022277832,0
228,22.46392512321472,37.02860371495162,9.999513626098633,0.0,0.0,113,0,0.2101140022277832,0
229,22.487927675247192,41.662236525816,8.003473281860352,0.0,0.0,113,0,0.2101140022277832,0
230,22.51391911506653,38.47420562119322,9.9945068359375,0.0,0.0,114,0,0.2101140022277832,0
231,22.536927938461304,43.46158788054629,8.010149002075195,0.0,0.0,114,0,0.2101140022277832,0
232,22.561918258666992,40.015493669919955,9.994029998779297,0.0,0.0,115,0,0.2101140022277832,0
233,22.58392834663391,45.43371210069651,7.002830505371094,0.0,0.0,115,0,0.2101140022277832,0
234,22.610923767089844,37.04332005617035,10.00523567199707,0.0,0.0,116,0,0.2101140022277832,0
235,22.634918689727783,43.48862575949236,6.999731063842773,0.0,0.0,116,0,0.2101140022277832,0
236,22.659921407699585,38.456920185210656,8.003950119018555,0.0,0.0,117,0,0.2101140022277832,0
237,22.683917760849,41.67299896669581,5.999565124511719,0.0,0.0,117,0,0.2101140022277832,0
238,22.706918478012085,45.451928912006935,6.001710891723633,0.0,0.0,118,0,0.2101140022277832,0
239,22.733847618103027,35.805601796126034,7.992267608642578,0.0,0.0,118,0,0.2101140022277832,0
240,22.79384684562683,16.666881246150485,42.9987907409668,0.0,0.0,119,0,0.2101140022277832,0
241,22.840853214263916,21.273713094507478,4.999876022338867,0.0,0.0,119,0,0.2101140022277832,0
242,22.862850666046143,47.6333159197765,5.993843078613281,0.0,0.0,120,0,0.2101140022277832,0
243,22.881853818893433,49.98276827742358,4.999876022338867,0.0,0.0,120,0,0.2101140022277832,0
244,22.90285873413086,49.98693807503456,5.004405975341797,0.0,0.0,121,0,0.21059751510620117,0
245,22.921847343444824,50.02927108555888,4.992008209228516,0.0,0.0,121,0,0.2115645408630371,0
246,22.941856145858765,52.634733394405615,4.989147186279297,0.0,0.0,122,0,0.21108102798461914,0
247,22.96185326576233,49.98276827742358,5.000114440917969,0.0,0.0,122,0,0.21108102798461914,0
248,22.981847047805786,47.63277497018909,5.994081497192383,0.0,0.0,123,0,0.2123703956604004,0
249,23.001854181289673,49.98217264883932,4.999637603759766,0.0,0.0,123,0,0.2123703956604004,0
250,23.02286171913147,47.601961140366804,6.006956100463867,0.0,0.0,124,0,0.2123703956604004,0
251,23.041847467422485,52.67108700020093,4.993200302124023,0.0,0.0,124,0,0.2123703956604004,0
252,23.0628559589386,49.97621714367419,5.002260208129883,0.0,0.0,125,0,0.2123703956604004,0
253,23.084853649139404,43.484567933233116,6.995201110839844,0.0,0.0,125,0,0.2123703956604004,0
254,23.107853174209595,43.47915867602393,6.005287170410156,0.0,0.0,126,0,0.2123703956604004,0
255,23.127854347229004,49.99706762346378,5.0048828125,0.0,0.0,126,0,0.2123703956604004,0
256,23.147854328155518,50.000047683761295,6.001472473144531,0.0,0.0,127,0,0.2123703956604004,0
257,23.16785478591919,49.99885561701316,6.001949310302734,0.0,0.0,127,0,0.2123703956604004,0
258,23.18784785270691,50.017339041463444,5.997419357299805,0.0,0.0,128,0,0.2123703956604004,0
259,23.206858158111572,55.53824763972935,4.996776580810547,0.0,0.0,128,0,0.2123703956604004,0
260,23.225853443145752,50.000047683761295,6.000518798828125,0.0,0.0,129,0,0.2123703956604004,0
261,23.245853900909424,49.99885561701316,6.000995635986328,0.0,0.0,129,0,0.2123703956604004,0
262,23.26585340499878,52.624827482371835,6.003141403198242,0.0,0.0,130,0,0.21301746368408203,0
263,23.283857345581055,52.62878939971893,4.985332489013672,0.0,0.0,130,0,0.21301746368408203,0
264,23.302850008010864,52.65191247913032,6.003141403198242,0.0,0.0,131,0,0.21301746368408203,0
265,23.323853254318237,49.97800364619949,5.002498626708984,0.0,0.0,131,0,0.21301746368408203,0
266,23.343854188919067,47.62952953066624,6.00743293762207,0.0,0.0,132,0,0.21301746368408203,0
267,23.367123126983643,42.975747205344426,6.005764007568359,0.0,0.0,132,0,0.21301746368408203,0
268,23.391117572784424,43.48546960695883,6.001949310302734,0.0,0.0,133,0,0.21301746368408203,0
269,23.413119316101074,43.478257263991544,5.000114440917969,0.0,0.0,133,0,0.21301746368408203,0
270,23.435117721557617,45.45784020462132,6.006717681884766,0.0,0.0,134,0,0.21301746368408203,0
271,23.45911979675293,41.663064208518755,5.002021789550781,0.0,0.0,134,0,0.21301746368408203,0
272,23.48111915588379,45.455869602913126,5.99980354309082,0.0,0.0,135,0,0.21301746368408203,0
273,23.50411820411682,43.48006012543409,4.999876022338867,0.0,0.0,135,0,0.21301746368408203,0
274,23.52511715888977,47.62141786638812,6.0062408447265625,0.0,0.0,136,0,0.2149491310119629,0
275,23.548133611679077,43.44718142078767,6.022930145263672,0.0,0.0,136,0,0.2149491310119629,0
276,23.57213020324707,41.67258492384425,5.993843078613281,0.0,0.0,137,0,0.21220922470092773,0
277,23.592129707336426,50.00123980735301,4.998207092285156,0.0,0.0,137,0,0.21220970153808594,0
278,23.61313223838806,47.61330896459343,5.99217414855957,0.0,0.0,138,0,0.21220970153808594,0
279,23.633132457733154,49.999451643282036,5.991935729980469,0.0,0.0,138,0,0.21220970153808594,0
280,23.657130241394043,41.67051483299223,7.993459701538086,0.0,0.0,139,0,0.21220970153808594,0
281,23.68113899230957,41.65147964250248,5.997896194458008,0.0,0.0,139,0,0.21220970153808594,0
282,23.701130867004395,52.622186535518026,6.002664566040039,0.0,0.0,140,0,0.21220970153808594,0
283,23.71913743019104,52.645303811926546,6.006002426147461,0.0,0.0,140,0,0.2121109962463379,0
284,23.738130807876587,52.64992970475999,5.995512008666992,0.0,0.0,141,0,0.21200799942016602,0
285,23.758137941360474,49.98217264883932,8.001565933227539,0.0,0.0,141,0,0.21220970153808594,0
286,23.78513193130493,37.04528311885604,10.00213623046875,0.0,0.0,142,0,0.21220970153808594,0
287,23.806137084960938,47.6073641915053,7.999420166015625,0.0,0.0,142,0,0.21220970153808594,0
288,23.837130308151245,32.265117889149586,16.000032424926758,0.0,0.0,143,0,0.2121286392211914,0
289,23.864136934280396,37.02794992672634,11.00611686706543,0.0,0.0,143,0,0.2122354507446289,0
290,23.89018750190735,38.38687948455118,10.057449340820312,0.0,0.0,144,0,0.2122354507446289,0
291,23.90813159942627,55.728631598527826,4.9991607666015625,0.0,0.0,144,0,0.2122354507446289,0
292,23.928133010864258,49.996471654031374,5.999326705932617,0.0,0.0,145,0,0.2122354507446289,0
293,23.948131799697876,50.003028099331196,6.999969482421875,0.0,0.0,145,0,0.2122354507446289,0
294,23.971133708953857,43.474651989593376,8.000373840332031,0.0,0.0,146,0,0.2123422622680664,0
295,23.98820734024048,58.569848628721445,5.057811737060547,0.0,0.0,146,0,0.2123422622680664,0
296,24.007168769836426,52.73863950710424,5.957365036010742,0.0,0.0,147,0,0.21227598190307617,0
297,24.025147914886475,55.619997347831855,6.000280380249023,0.0,0.0,147,0,0.21227598190307617,0
298,24.043158054351807,55.524278527932225,6.009817123413086,0.0,0.0,148,0,0.21227598190307617,0
299,24.060147523880005,58.859989615346834,4.992008209228516,0.0,0.0,148,0,0.21196746826171875,0
300,24.07815647125244,55.527953928642354,6.008625030517578,0.0,0.0,149,0,0.21196746826171875,0
301,24.09815788269043,49.996471654031374,4.996299743652344,0.0,0.0,149,0,0.21228981018066406,0
302,24.117149353027344,52.655217434970375,5.993843078613281,0.0,0.0,150,0,0.21300363540649414,0
303,24.135155200958252,55.53751224808665,5.999326705932617,0.0,0.0,150,0,0.2132244110107422,0
304,24.153152227401733,55.56473471550639,6.003856658935547,0.0,0.0,150,0,0.2132244110107422,0
305,24.169156312942505,62.48404493042934,5.00178337097168,0.0,0.0,150,0,0.2132244110107422,0
306,24.20615530014038,27.027766858910333,7.006168365478516,0.0,0.0,150,0,0.21154451370239258,0
307,24.222148180007935,62.52782539990161,4.000186920166016,0.0,0.0,150,0,0.21155118942260742,0
308,24.240156888961792,55.528689067175044,6.009340286254883,0.0,0.0,150,0,0.21155118942260742,0
309,24.25714874267578,58.851730766532434,5.001068115234375,0.0,0.0,150,0,0.21155118942260742,0
310,24.2751567363739,55.53089459956839,6.001710891723633,0.0,0.0,150,0,0.21155118942260742,0
311,24.292152881622314,62.499873340386536,4.009246826171875,0.0,0.0,150,0,0.21155452728271484,0
312,24.309154272079468,55.56326254851829,6.003856658935547,0.0,0.0,150,0,0.21155452728271484,0
313,24.32915449142456,49.999451643282036,5.0067901611328125,0.0,0.0,150,0,0.21155452728271484,0
314,24.365150690078735,27.780711224739864,6.991147994995117,0.0,0.0,150,0,0.21160078048706055,0
315,24.38215160369873,58.82036826679008,5.001544952392578,0.0,0.0,150,0,0.21160078048706055,0
316,24.403226375579834,47.45009842296989,8.077383041381836,0.0,0.0,150,0,0.2115478515625,0
317,24.420154571533203,59.07304019605082,4.998445510864258,0.0,0.0,150,0,0.2115478515625,0
318,24.438150644302368,58.821193167475386,5.995750427246094,0.0,0.0,150,0,0.2115478515625,0
319,24.454158306121826,62.51570977165683,3.9963722229003906,0.0,0.0,150,0,0.2115478515625,0
320,24.473150491714478,52.63275191366545,6.000757217407227,0.0,0.0,150,0,0.2115478515625,0
321,24.48915433883667,58.81129588603158,5.006551742553711,0.0,0.0,150,0,0.2115478515625,0
322,24.507149696350098,55.56988791435915,7.001399993896484,0.0,0.0,150,0,0.2115478515625,0
323,24.523159742355347,62.46078241574958,5.002021789550781,0.0,0.0,150,0,0.2115483283996582,0
324,24.541160821914673,55.552223782151465,6.011724472045898,0.0,0.0,150,0,0.2115488052368164,0
325,24.560154676437378,52.648607938141744,4.007101058959961,0.0,0.0,150,0,0.2115488052368164,0
326,24.58114767074585,50.01912848522432,6.985187530517578,0.0,0.0,150,0,0.2115483283996582,0
327,24.60014796257019,49.99766360710454,4.996776580810547,0.0,0.0,150,0,0.2115483283996582,0
328,24.619148015975952,52.631431009386134,6.000518798828125,0.0,0.0,150,0,0.2115488052368164,0
329,24.638150215148926,52.62548776050489,5.002498626708984,0.0,0.0,150,0,0.2115488052368164,0
330,24.658167123794556,49.95776409352407,7.0095062255859375,0.0,0.0,150,0,0.2115488052368164,0
331,24.676238536834717,55.33601593730623,5.006074905395508,0.0,0.0,150,0,0.2115488052368164,0
332,24.695240020751953,52.62746869432106,7.00068473815918,0.0,0.0,150,0,0.2115492820739746,0
333,24.713242530822754,58.83934683800011,4.992485046386719,0.0,0.0,150,0,0.21155023574829102,0
334,24.814167737960815,9.81043423345457,88.9289379119873,0.0,0.0,150,0,0.21155071258544922,0
335,24.848192930221558,30.271106684565307,5.011796951293945,0.0,0.0,150,0,0.21155071258544922,0
336,24.866191387176514,55.56988791435915,4.998445510864258,0.0,0.0,150,0,0.21155071258544922,0
337,24.884198665618896,52.629449777275866,4.006862640380859,0.0,0.0,150,0,0.21155166625976562,0
338,24.903194189071655,52.64398227755952,5.995273590087891,0.0,0.0,150,0,0.21155166625976562,0
339,24.919198274612427,62.48404493042934,4.005670547485352,0.0,0.0,150,0,0.21155166625976562,0
340,24.938199758529663,52.62746869432106,6.997823715209961,0.0,0.0,150,0,0.21155166625976562,0
341,24.954199075698853,62.50266742169106,5.001544952392578,0.0,0.0,150,0,0.21155214309692383,0
342,24.97220015525818,55.552223782151465,6.001949310302734,0.0,0.0,150,0,0.21155166625976562,0
343,24.988198280334473,62.5073247790644,4.999876022338867,0.0,0.0,150,0,0.21155118942260742,0
344,25.006208419799805,55.524278527932225,6.008625030517578,0.0,0.0,150,0,0.21155166625976562,0
345,25.023193836212158,58.8740349793661,4.994869232177734,0.0,0.0,150,0,0.21155166625976562,0
346,25.0412015914917,55.531629815967165,6.009817123413086,0.0,0.0,150,0,0.21155166625976562,0
347,25.057260036468506,62.272530213498825,4.028558731079102,0.0,0.0,150,0,0.21155166625976562,0
348,25.0761981010437,52.80370631483533,5.995750427246094,0.0,0.0,150,0,0.21155166625976562,0
349,25.09519863128662,55.55590288355829,3.9963722229003906,0.0,0.0,150,0,0.21155166625976562,0
350,25.11419129371643,50.016742588661785,6.992578506469727,0.0,0.0,150,0,0.21155214309692383,0
351,25.1301908493042,62.50173603349874,4.99272346496582,0.0,0.0,150,0,0.21155214309692383,0
352,25.149197578430176,55.534570876254534,6.006479263305664,0.0,0.0,150,0,0.21155214309692383,0
353,25.165192365646362,58.84182320674513,4.992961883544922,0.0,0.0,150,0,0.21154499053955078,0
354,25.183204650878906,55.5176640326146,6.003379821777344,0.0,0.0,150,0,0.21154546737670898,0
355,25.217193603515625,30.31201624617875,20.997285842895508,0.0,0.0,150,0,0.21154499053955078,0
356,25.269196271896362,18.867424787678136,7.004737854003906,0.0,0.0,150,0,0.2101144790649414,0
357,25.288190841674805,52.646625412644816,4.997968673706055,0.0,0.0,150,0,0.2101144790649414,0
358,25.307265996932983,52.42421288137288,6.013154983520508,0.0,0.0,150,0,0.2101144790649414,0
359,25.324252128601074,58.87155589865956,4.9839019775390625,0.0,0.0,150,0,0.2101144790649414,0
360,25.574317455291748,3.9989550460027647,6.995439529418945,0.0,0.0,51,0,0.21253204345703125,0
361,25.594310760498047,50.016742588661785,4.987001419067383,0.0,0.0,51,0,0.21154499053955078,0
362,25.61332082748413,52.603707326861816,5.999565124511719,0.0,0.0,52,0,0.2101140022277832,0
363,25.63131308555603,55.579460677135096,5.993843078613281,0.0,0.0,52,0,0.2101140022277832,0
364,25.649317741394043,55.54118940106201,5.995035171508789,0.0,0.0,53,0,0.2101140022277832,0
365,25.668318271636963,52.630110171405626,6.006956100463867,0.0,0.0,53,0,0.2101140022277832,0
366,25.711318016052246,23.25595218292913,5.99980354309082,0.0,0.0,51,0,0.2129344940185547,0
367,25.729318618774414,55.55369536423841,5.00035285949707,0.0,0.0,51,0,0.2115478515625,0
368,25.748326778411865,52.608985776283774,5.014896392822266,0.0,0.0,51,0,0.21154451370239258,0
369,25.766310453414917,55.60598708719458,4.991054534912109,0.0,0.0,50,0,0.21108102798461914,0
370,25.78531002998352,52.63275191366545,5.99980354309082,0.0,0.0,51,0,0.21154451370239258,0
371,25.801385641098022,62.20603328093021,4.0740966796875,0.0,0.0,50,0,0.21289587020874023,0
372,25.819384813308716,55.558110578324104,6.071805953979492,0.0,0.0,51,0,0.21154451370239258,0
373,25.861318111419678,23.847396819440416,27.004718780517578,0.0,0.0,49,0,0.21265268325805664,0
374,25.882313013076782,47.630611294700145,7.003068923950195,0.0,0.0,49,0,0.2101140022277832,0
375,25.899312257766724,58.82614305750351,3.998994827270508,0.0,0.0,49,0,0.21318435668945312,0
376,25.919371843338013,49.85147855852429,6.059408187866211,0.0,0.0,49,0,0.21275901794433594,0
377,25.937326192855835,55.69681034711709,5.013942718505859,0.0,0.0,49,0,0.21154451370239258,0
378,25.955317497253418,55.58240680616478,4.993677139282227,0.0,0.0,49,0,0.21289491653442383,0
379,25.974321365356445,55.556638762318535,4.998922348022461,0.0,0.0,48,0,0.2101140022277832,0
380,25.99332046508789,49.99170441001192,5.998134613037109,0.0,0.0,49,0,0.21154451370239258,0
381,26.012324333190918,52.62086616148944,6.013154983520508,0.0,0.0,48,0,0.21231651306152344,0
382,26.031317472457886,52.65059061295708,5.999326705932617,0.0,0.0,48,0,0.2118062973022461,0
383,26.048319339752197,58.81706889540183,4.9991607666015625,0.0,0.0,48,0,0.21155118942260742,0
384,26.06732201576233,52.624167220807244,5.0106048583984375,0.0,0.0,48,0,0.21334266662597656,0
385,26.08731985092163,50.00541268762593,4.002094268798828,0.0,0.0,47,0,0.21227598190307617,0
386,26.107319116592407,50.00183589046648,6.000757217407227,0.0,0.0,47,0,0.21108102798461914,0
387,26.128318071365356,47.62141786638812,5.006551742553711,0.0,0.0,47,0,0.2101140022277832,0
388,26.14831781387329,50.00064373845145,6.006479263305664,0.0,0.0,47,0,0.21154451370239258,0
389,26.166311979293823,55.57356935592861,5.001068115234375,0.0,0.0,46,0,0.2138209342956543,0
390,26.18431806564331,58.803875110407,4.997014999389648,0.0,0.0,46,0,0.21108102798461914,0
391,26.20131826400757,58.800577588986556,4.006385803222656,0.0,0.0,46,0,0.21154451370239258,0
392,26.21931791305542,52.64926881315509,4.995107650756836,0.0,0.0,45,0,0.2101140022277832,0
393,26.238320350646973,55.53751224808665,5.01251220703125,0.0,0.0,44,0,0.2101140022277832,0
394,26.257312297821045,52.63275191366545,5.01251220703125,0.0,0.0,44,0,0.2123703956604004,0
395,26.2743182182312,55.57136043245535,5.005598068237305,0.0,0.0,43,0,0.2123703956604004,0
396,26.292311191558838,55.57725128531298,6.000280380249023,0.0,0.0,43,0,0.2120685577392578,0
397,26.314318656921387,47.620336519902814,4.99272346496582,0.0,0.0,42,0,0.21285390853881836,0
398,26.332311868667603,52.62812903873421,5.988121032714844,0.0,0.0,42,0,0.21285486221313477,0
399,26.35031771659851,55.53751224808665,5.007028579711914,0.0,0.0,41,0,0.2128753662109375,0
400,26.3693208694458,55.52648370996995,6.015300750732422,0.0,0.0,41,0,0.21301507949829102,0
401,26.386310815811157,55.60598708719458,4.989147186279297,0.0,0.0,40,0,0.21289491653442383,0
402,26.405311822891235,52.62878939971893,6.990909576416016,0.0,0.0,40,0,0.21334266662597656,0
403,26.42231512069702,58.81212053227141,3.9963722229003906,0.0,0.0,39,0,0.21333742141723633,0
404,26.440480947494507,55.04841652120273,5.030393600463867,0.0,0.0,39,0,0.21277379989624023,0
405,26.45948100090027,52.631431009386134,5.995035171508789,0.0,0.0,38,0,0.21301507949829102,0
406,26.478482723236084,55.570624163652504,4.994869232177734,0.0,0.0,38,0,0.21154451370239258,0
407,26.49648094177246,52.618225612203936,5.99980354309082,0.0,0.0,37,0,0.2131638526916504,0
408,26.515483617782593,52.624167220807244,7.002353668212891,0.0,0.0,37,0,0.21162748336791992,0
409,26.53648066520691,47.625743743470956,5.999565124511719,0.0,0.0,35,0,0.2101140022277832,0
410,26.556480884552002,52.645964603991466,5.994558334350586,0.0,0.0,35,0,0.21216964721679688,0
411,26.57447361946106,55.538983050847456,4.993200302124023,0.0,0.0,34,0,0.21204805374145508,0
412,26.594480514526367,47.61979586507567,6.998777389526367,0.0,0.0,34,0,0.21333742141723633,0
413,26.613484144210815,55.576514860406256,4.992485046386719,0.0,0.0,33,0,0.21334266662597656,0
414,26.633475303649902,47.615471068375584,7.00068473815918,0.0,0.0,33,0,0.21155166625976562,0
415,26.653486967086792,49.97085840233514,7.012367248535156,0.0,0.0,33,0,0.21155166625976562,0
416,26.67855477333069,39.891803465789124,8.081436157226562,0.0,0.0,33,0,0.2101144790649414,0
417,26.7454731464386,14.943579073379983,52.999258041381836,0.0,0.0,33,0,0.2101144790649414,0
418,26.766474723815918,49.97979027645376,6.006717681884766,0.0,0.0,32,0,0.2115650177001953,0
419,26.783483266830444,58.846776569624694,3.993988037109375,0.0,0.0,31,0,0.2101144790649414,0
420,26.80347442626953,47.61925522252498,5.988836288452148,0.0,0.0,31,0,0.21301555633544922,0
421,26.82348108291626,49.98336392020402,4.007101058959961,0.0,0.0,31,0,0.21154546737670898,0
422,26.847483158111572,41.663064208518755,4.999399185180664,0.0,0.0,31,0,0.21283483505249023,0
423,26.865480661392212,55.56326254851829,3.9997100830078125,0.0,0.0,30,0,0.21285533905029297,0
424,26.8884756565094,43.48772395487724,9.994268417358398,0.0,0.0,30,0,0.21154546737670898,0
425,26.906474351882935,55.55958247231495,5.000114440917969,0.0,0.0,28,0,0.2101144790649414,0
426,26.925541162490845,55.3257970479218,5.075216293334961,0.0,0.0,28,0,0.21108150482177734,0
427,26.942480325698853,58.99991559994373,4.022836685180664,0.0,0.0,27,0,0.21108150482177734,0
428,26.996480464935303,18.187709225885904,42.00005531311035,0.0,0.0,27,0,0.2118067741394043,0
429,27.0134859085083,58.80469954855172,5.004644393920898,0.0,0.0,26,0,0.2121295928955078,0
430,27.04348111152649,33.33866416552075,6.0062408447265625,0.0,0.0,26,0,0.21200847625732422,0
431,27.060474157333374,58.847602211185006,3.993511199951172,0.0,0.0,25,0,0.21208953857421875,0
432,27.07948112487793,52.61228534514118,6.000041961669922,0.0,0.0,25,0,0.21216964721679688,0
433,27.107481241226196,35.71413731150109,3.9997100830078125,0.0,0.0,24,0,0.21154499053955078,0
434,27.12748122215271,50.000047683761295,5.998849868774414,0.0,0.0,24,0,0.21155261993408203,0
435,27.145475387573242,55.57356935592861,5.994558334350586,0.0,0.0,23,0,0.2101144790649414,0
436,27.16547918319702,49.99051274105504,7.0037841796875,0.0,0.0,22,0,0.21059799194335938,0
437,27.182481050491333,58.81706889540183,3.995180130004883,0.0,0.0,21,0,0.21301555633544922,0
438,27.201481580734253,52.630110171405626,6.007194519042969,0.0,0.0,21,0,0.21220970153808594,0
439,27.218481302261353,58.82449300159883,5.0067901611328125,0.0,0.0,20,0,0.2121295928955078,0
440,27.236486196517944,55.540453931513014,6.004095077514648,0.0,0.0,20,0,0.21273374557495117,0
441,27.254480838775635,55.572096720768464,4.996776580810547,0.0,0.0,19,0,0.2138214111328125,0
442,27.29448390007019,24.998086837321573,7.010459899902344,0.0,0.0,19,0,0.21204853057861328,0
443,27.312474250793457,55.58535324754496,4.998922348022461,0.0,0.0,18,0,0.21206903457641602,0
444,27.333481550216675,47.60250139029179,7.007598876953125,0.0,0.0,18,0,0.212371826171875,0
445,27.391993284225464,17.090589040649345,22.998809814453125,0.0,0.0,17,0,0.21206903457641602,0
446,27.411993265151978,52.631431009386134,4.996776580810547,0.0,0.0,17,0,0.2123427391052246,0
447,27.430986642837524,52.648607938141744,5.000591278076172,0.0,0.0,16,0,0.212371826171875,0
448,27.453988313674927,41.66471967258712,7.001399993896484,0.0,0.0,16,0,0.21221017837524414,0
449,27.471988677978516,55.554431184519004,4.989862442016602,0.0,0.0,15,0,0.21208906173706055,0
450,27.497986316680908,38.465031822600466,8.997917175292969,0.0,0.0,15,0,0.21273374557495117,0
451,27.516985654830933,52.633412390668724,5.000114440917969,0.0,0.0,14,0,0.21285438537597656,0
452,27.537986993789673,47.61601162500284,6.941795349121094,0.0,0.0,14,0,0.21301555633544922,0
453,27.561988592147827,41.663891924108476,10.001420974731445,0.0,0.0,12,0,0.2101144790649414,0
454,27.581990718841553,49.9946838309792,7.003307342529297,0.0,0.0,12,0,0.21059799194335938,0
455,27.600992918014526,52.62548776050489,5.005121231079102,0.0,0.0,11,0,0.21221065521240234,0
456,27.622986793518066,45.46720289650836,7.999420166015625,0.0,0.0,11,0,0.21285533905029297,0
457,27.6539888381958,32.25593700012305,8.001327514648438,0.0,0.0,9,0,0.2126932144165039,0
458,27.682989358901978,34.48213948058568,12.000083923339844,0.0,0.0,9,0,0.21273374557495117,0
459,27.7219877243042,25.642100372315387,19.999265670776367,0.0,0.0,8,0,0.21221017837524414,0
460,27.749987840652466,37.03481585476764,7.002592086791992,0.0,0.0,8,0,0.2122182846069336,0
461,27.768986225128174,50.00779750336819,4.99272346496582,0.0,0.0,7,0,0.21213912963867188,0
462,27.788987398147583,49.99706762346378,6.000518798828125,0.0,0.0,7,0,0.2127838134765625,0
463,27.808998107910156,49.973239923270306,6.009817123413086,0.0,0.0,6,0,0.21407461166381836,0
464,27.82998824119568,47.64143163825123,7.995367050170898,0.0,0.0,6,0,0.2133493423461914,0
465,27.84798765182495,55.55737466057355,5.000591278076172,0.0,0.0,5,0,0.21319198608398438,0
466,27.86799144744873,49.99051274105504,6.002187728881836,0.0,0.0,5,0,0.21335315704345703,0
467,27.885987281799316,55.56841547429783,4.999637603759766,0.0,0.0,4,0,0.21319198608398438,0
468,27.905991315841675,49.989916927881005,6.998777389526367,0.0,0.0,4,0,0.2131333351135254,0
469,27.930989980697632,40.00213634456186,5.001306533813477,0.0,0.0,2,0,0.21012306213378906,0
470,27.95599389076233,41.65975367500993,8.998394012451172,0.0,0.0,2,0,0.21302413940429688,0
471,27.97298765182495,55.57504206913914,4.993677139282227,0.0,0.0,1,0,0.21284198760986328,0
472,27.992989778518677,49.9946838309792,5.998373031616211,0.0,0.0,1,0,0.21306228637695312,0
473,28.010989904403687,55.55516702429203,5.00035285949707,0.0,0.0,0,0,0.21477937698364258,0
474,28.028990268707275,55.554431184519004,6.000757217407227,0.0,0.0,1,0,0.21018600463867188,0
475,28.046991109848022,55.55295956344949,5.002021789550781,0.0,0.0,0,0,0.21018171310424805,0
476,28.0669903755188,50.00183589046648,7.999658584594727,0.0,0.0,1,0,0.21018171310424805,0
477,28.08598756790161,52.63935742971888,5.997657775878906,0.0,0.0,0,0,0.21020078659057617,0
478,28.10499382019043,52.61426528513008,5.999088287353516,0.0,0.0,1,0,0.21313047409057617,0
479,28.12400221824646,55.57798772973618,3.9920806884765625,0.0,0.0,0,0,0.30831480026245117,0
480,28.14202094078064,52.536499824640515,6.006956100463867,0.0,0.0,1,0,0.30688047409057617,0
481,28.171022415161133,34.48100558199949,7.008552551269531,0.0,0.0,0,0,0.30688047409057617,0
482,28.190018892288208,52.641339407859235,6.006479263305664,0.0,0.0,1,0,0.30688047409057617,0
483,28.20901918411255,52.630770582108845,5.997657775878906,0.0,0.0,0,0,0.30688047409057617,0
484,28.226012229919434,58.847602211185006,4.9877166748046875,0.0,0.0,1,0,0.30688047409057617,0
485,28.244019508361816,55.53310030717085,4.999876022338867,0.0,0.0,0,0,0.3059077262878418,0
486,28.262022256851196,55.547073858745314,5.00178337097168,0.0,0.0,1,0,0.3059077262878418,0
487,28.280025005340576,55.547073858745314,5.005598068237305,0.0,0.0,0,0,0.3059115409851074,0
488,28.299020528793335,52.64398227755952,6.98089599609375,0.0,0.0,1,0,0.3059120178222656,0
489,28.31601881980896,58.829443447037704,4.007101058959961,0.0,0.0,0,0,0.3059120178222656,0
490,28.33401870727539,55.55590288355829,5.9986114501953125,0.0,0.0,1,0,0.3049454689025879,0
491,28.35101866722107,58.823668008358695,4.006624221801758,0.0,0.0,0,0,0.3069424629211426,0
492,28.372020483016968,47.61493052402143,9.00721549987793,0.0,0.0,1,0,0.3049454689025879,0
493,28.393012523651123,50.00481651923031,3.985881805419922,0.0,0.0,0,0,0.3049468994140625,0
494,28.41201901435852,49.99885561701316,5.999088287353516,0.0,0.0,1,0,0.3049468994140625,0
495,28.430025100708008,55.5367768759186,5.005598068237305,0.0,0.0,0,0,0.30802249908447266,0
496,28.4480197429657,55.572096720768464,6.000041961669922,0.0,0.0,1,0,0.30495214462280273,0
497,28.46601939201355,55.556638762318535,5.000591278076172,0.0,0.0,0,0,0.30495214462280273,0
498,28.484018802642822,58.84595095123183,4.987001419067383,0.0,0.0,1,0,0.30495214462280273,0
499,28.502012014389038,52.63407288424857,4.9915313720703125,0.0,0.0,0,0,0.30495214462280273,0
500,28.520023345947266,55.52060361374016,6.003618240356445,0.0,0.0,1,0,0.30495214462280273,0
501,28.537019968032837,58.83522001991892,5.000591278076172,0.0,0.0,0,0,0.30495214462280273,0
502,28.555025100708008,58.807173001696505,5.003213882446289,0.0,0.0,1,0,0.3040003776550293,0
503,28.57302165031433,55.58977349538111,5.001068115234375,0.0,0.0,0,0,0.30404138565063477,0
504,28.59101915359497,52.61624537414539,5.998373031616211,0.0,0.0,1,0,0.3069949150085449,0
505,28.613014459609985,47.61438999193997,5.008459091186523,0.0,0.0,0,0,0.30405426025390625,0
506,28.632023096084595,49.99527975778959,7.003545761108398,0.0,0.0,1,0,0.3039536476135254,0
507,28.654258728027344,44.972861692203765,6.24537467956543,0.0,0.0,0,0,0.3039536476135254,0
508,28.679325103759766,41.67382707708205,6.000757217407227,0.0,0.0,1,0,0.3039536476135254,0
509,28.698262453079224,49.98038584825844,5.007505416870117,0.0,0.0,0,0,0.3039536476135254,0
510,28.720253467559814,47.63818501902436,7.00068473815918,0.0,0.0,1,0,0.3039536476135254,0
511,28.73928689956665,49.917928210987334,6.032705307006836,0.0,0.0,0,0,0.3039536476135254,0
512,28.75826644897461,52.68828982739994,7.006168365478516,0.0,0.0,1,0,0.3039536476135254,0
513,28.778262853622437,50.00898999654231,7.0018768310546875,0.0,0.0,0,0,0.3039536476135254,0
514,28.797256231307983,55.56326254851829,6.006479263305664,0.0,0.0,1,0,0.3039536476135254,0
515,28.815264463424683,52.620205999322536,4.000663757324219,0.0,0.0,0,0,0.3039579391479492,0
516,28.8332622051239,55.562526494277236,6.006956100463867,0.0,0.0,1,0,0.30396080017089844,0
517,28.854254007339478,47.637643958839696,4.993438720703125,0.0,0.0,0,0,0.30396223068237305,0
518,28.87325429916382,55.55737466057355,4.98652458190918,0.0,0.0,1,0,0.3040151596069336,0
519,28.891260385513306,52.61228534514118,4.999876022338867,0.0,0.0,0,0,0.3040151596069336,0
520,28.910260915756226,52.630110171405626,6.000041961669922,0.0,0.0,1,0,0.30402231216430664,0
521,28.929263591766357,55.54339592658315,4.00090217590332,0.0,0.0,0,0,0.3087730407714844,0
522,28.947253465652466,52.66315102204811,4.999399185180664,0.0,0.0,1,0,0.30797863006591797,0
523,28.965254068374634,55.55369536423841,4.998922348022461,0.0,0.0,0,0,0.3099207878112793,0
524,28.9832603931427,55.536041523224405,4.996776580810547,0.0,0.0,1,0,0.3079090118408203,0
525,29.00126028060913,55.55590288355829,4.006624221801758,0.0,0.0,0,0,0.3093419075012207,0
526,29.020262718200684,55.55148802034356,5.001306533813477,0.0,0.0,1,0,0.3079047203063965,0
527,29.037253856658936,55.579460677135096,3.9832592010498047,0.0,0.0,0,0,0.3079047203063965,0
528,29.05526089668274,55.53383558197731,6.0062408447265625,0.0,0.0,1,0,0.30791187286376953,0
529,29.07625389099121,49.99587569880681,4.001140594482422,0.0,0.0,0,0,0.30791187286376953,0
530,29.095253229141235,50.02330435197443,4.99272346496582,0.0,0.0,1,0,0.3079233169555664,0
531,29.117255449295044,45.44995882276451,5.002260208129883,0.0,0.0,0,0,0.307924747467041,0
532,29.135261297225952,55.53751224808665,5.997180938720703,0.0,0.0,1,0,0.30792903900146484,0
533,29.153255462646484,55.57356935592861,4.99272346496582,0.0,0.0,0,0,0.30936145782470703,0
534,29.171260595321655,55.53971848144175,5.99980354309082,0.0,0.0,1,0,0.3079361915588379,0
535,29.190261125564575,52.630110171405626,5.000829696655273,0.0,0.0,0,0,0.30792760848999023,0
536,29.20727014541626,58.792335403204326,5.016565322875977,0.0,0.0,1,0,0.30792760848999023,0
537,29.226338863372803,52.4419104776194,5.084753036499023,0.0,0.0,0,0,0.30793046951293945,0
538,29.24526047706604,52.84961505991457,6.997585296630859,0.0,0.0,1,0,0.30793046951293945,0
539,29.263267993927002,58.84512535600545,3.9908885955810547,0.0,0.0,0,0,0.30793190002441406,0
540,29.28126096725464,52.61294530858003,6.000518798828125,0.0,0.0,1,0,0.3079190254211426,0
541,29.3032546043396,45.467695776602206,5.001306533813477,0.0,0.0,0,0,0.31148242950439453,0
542,29.322253942489624,52.633412390668724,6.000041961669922,0.0,0.0,1,0,0.3094978332519531,0
543,29.342254161834717,49.999451643282036,5.000591278076172,0.0,0.0,0,0,0.30908966064453125,0
544,29.36125349998474,52.633412390668724,6.000041961669922,0.0,0.0,1,0,0.30963611602783203,0
545,29.378252267837524,58.827793205980534,4.999876022338867,0.0,0.0,1,0,0.3096275329589844,0
546,29.400253295898438,45.45242146100413,6.000041961669922,0.0,0.0,1,0,0.3135719299316406,0
547,29.417252779006958,58.82531801798011,4.000186920166016,0.0,0.0,1,0,0.3097686767578125,0
548,29.4382541179657,47.61601162500284,7.000923156738281,0.0,0.0,1,0,0.3119049072265625,0
549,29.45525336265564,58.82614305750351,3.999471664428711,0.0,0.0,1,0,0.31154441833496094,0
550,29.496253967285156,24.38988422331932,28.00154685974121,0.0,0.0,1,0,0.30849504470825195,0
551,29.51625943183899,49.98634234706646,3.9932727813720703,0.0,0.0,0,0,0.31284236907958984,0
552,29.560259103775024,22.727442183063484,5.000114440917969,0.0,0.0,1,0,0.3038644790649414,0
553,29.581260442733765,49.988725344139205,4.003047943115234,0.0,0.0,0,0,0.3038644790649414,0
554,29.669269323349,11.235234398647798,75.00886917114258,22.00150489807129,0.99945068359375,0,0,0.3038644790649414,2
555,29.70926809310913,25.000768923566614,14.001131057739258,0.0,0.0,0,0,0.3038644790649414,2
556,29.737269639968872,35.71231278789582,16.002416610717773,0.0,0.0,0,0,0.3058791160583496,2
557,29.764270067214966,37.036450974851654,14.001607894897461,0.0,0.0,0,0,0.3038644790649414,2
558,29.7903151512146,38.394961598667166,13.967037200927734,0.0,0.0,0,0,0.3057985305786133,2
559,29.823275566101074,30.3394239254662,19.997835159301758,0.0,0.0,0,0,0.3038644790649414,2
560,29.850277185440063,37.03481585476764,15.001296997070312,0.0,0.0,0,0,0.3058795928955078,2
561,29.875269412994385,40.01243978058669,13.001441955566406,0.0,0.0,0,0,0.3038644790649414,2
562,29.916277647018433,24.38534659682211,30.002355575561523,0.0,0.0,0,0,0.306121826171875,2
563,29.940274715423584,41.671756862823024,11.999845504760742,0.0,0.0,0,0,0.3038644790649414,2
564,29.966269493103027,38.46926533981473,14.000654220581055,0.0,0.0,0,0,0.3058805465698242,2
565,29.993269205093384,37.03743211620822,12.994766235351562,0.0,0.0,0,0,0.3038644790649414,2
566,30.020277976989746,37.0250081653911,14.009237289428711,0.0,0.0,0,0,0.3058600425720215,2
567,30.046268701553345,40.001754837725194,13.007640838623047,0.0,0.0,0,0,0.3038644790649414,2
568,30.071320295333862,38.397422048080266,14.049768447875977,0.0,0.0,0,0,0.3058600425720215,2
569,30.09526777267456,41.758051830391366,11.926651000976562,0.0,0.0,0,0,0.3038644790649414,2
570,30.121350049972534,38.34021042624569,14.021635055541992,0.0,0.0,0,0,0.3058600425720215,2
571,30.146276473999023,40.118069039397795,12.944698333740234,0.0,0.0,0,0,0.3038644790649414,2
572,30.171281576156616,39.99183821356039,13.005495071411133,0.0,0.0,0,0,0.3058600425720215,2
573,30.19827628135681,38.463973588885324,13.005495071411133,0.0,0.0,0,0,0.3038644790649414,2
574,30.22328019142151,38.46115191695781,14.005661010742188,0.0,0.0,0,0,0.3058600425720215,2
575,30.247277975082397,41.67051483299223,11.92617416381836,0.0,0.0,0,0,0.3038644790649414,2
576,30.27327060699463,38.47244108933141,13.995647430419922,0.0,0.0,0,0,0.3057990074157715,2
577,30.30127477645874,37.030565218159026,11.99960708618164,0.0,0.0,0,0,0.3038644790649414,2
578,30.327269792556763,37.04462874151012,13.9923095703125,0.0,0.0,0,0,0.3058600425720215,2
579,30.3542742729187,37.03089215556439,13.996362686157227,0.0,0.0,0,0,0.3038644790649414,2
580,30.380280256271362,38.4526893845632,14.011859893798828,0.0,0.0,0,0,0.30583953857421875,2
581,30.40630578994751,38.423803809122475,14.036417007446289,0.0,0.0,0,0,0.3038644790649414,2
582,30.433269739151,37.08655555064326,14.992237091064453,0.0,0.0,0,0,0.3059859275817871,2
583,30.459277391433716,38.450221847383666,14.002799987792969,0.0,0.0,0,0,0.3038644790649414,2
584,30.485268354415894,38.474911479259546,15.00082015991211,0.0,0.0,0,0,0.3058795928955078,2
585,30.51127529144287,38.451279324538646,14.005661010742188,0.0,0.0,0,0,0.3038644790649414,2
586,30.538275718688965,37.036450974851654,15.001058578491211,0.0,0.0,0,0,0.3058791160583496,2
587,30.563270092010498,40.009004712211684,12.995481491088867,0.0,0.0,0,0,0.3038644790649414,2
588,30.590277671813965,38.46432632698727,13.993978500366211,0.0,0.0,0,0,0.3060264587402344,2
589,30.619269132614136,33.3323055160411,14.93072509765625,0.0,0.0,0,0,0.3038644790649414,2
590,30.65927505493164,24.99629909950714,23.00572395324707,0.0,0.0,0,0,0.30596017837524414,2
591,30.693267822265625,29.41802266861183,18.000364303588867,0.0,0.0,0,0,0.3038644790649414,2
592,30.72726845741272,29.411215280942997,18.999576568603516,0.0,0.0,0,0,0.30571794509887695,2
593,30.758275270462036,32.25097653246394,16.00480079650879,0.0,0.0,0,0,0.3038644790649414,2
594,30.791269302368164,30.308511637653826,19.001245498657227,0.0,0.0,0,0,0.305819034576416,2
595,30.821274995803833,33.3270084940367,14.006614685058594,0.0,0.0,0,0,0.3038644790649414,2
596,30.848267555236816,37.04724638961268,14.999628067016602,0.0,0.0,0,0,0.3059196472167969,2
597,30.87527632713318,37.0250081653911,14.001846313476562,0.0,0.0,0,0,0.3038644790649414,2
598,30.901276350021362,38.46150460330851,14.007329940795898,0.0,0.0,0,0,0.30583953857421875,2
599,30.927276611328125,40.01282149126154,12.993335723876953,0.0,0.0,0,0,0.3038644790649414,2
600,30.952268362045288,38.46150460330851,13.992547988891602,0.0,0.0,0,0,0.3058600425720215,2
601,30.981277227401733,35.70228123935989,13.006448745727539,0.0,0.0,0,0,0.3038644790649414,2
602,31.00926971435547,34.49234792477036,14.993906021118164,0.0,0.0,0,0,0.305880069732666,2
603,31.03727436065674,37.028930617722104,15.00701904296875,0.0,0.0,0,0,0.3038644790649414,2
604,31.06328010559082,37.03089215556439,14.004945755004883,0.0,0.0,0,0,0.30604076385498047,2
605,31.087335348129272,41.57097973140394,11.99483871459961,0.0,0.0,0,0,0.3038644790649414,2
606,31.11327838897705,38.54598255723121,14.002799987792969,0.0,0.0,0,0,0.3058805465698242,2
607,31.13826847076416,40.0158754388643,12.937307357788086,0.0,0.0,0,0,0.3038644790649414,2
608,31.164276361465454,38.449869367924094,14.00136947631836,0.0,0.0,0,0,0.306121826171875,2
609,31.192267894744873,37.03743211620822,15.001773834228516,0.0,0.0,0,0,0.3038644790649414,2
610,31.2172691822052,38.47173532190455,14.000892639160156,0.0,0.0,0,0,0.305819034576416,2
611,31.241275310516357,41.65602995361956,11.99960708618164,0.0,0.0,0,0,0.3038644790649414,2
612,31.270267963409424,35.72387125348142,16.99972152709961,0.0,0.0,0,0,0.30773258209228516,2
613,31.311267852783203,24.390167881046946,25.99310874938965,0.0,0.0,0,0,0.3038644790649414,2
614,31.338268280029297,35.71383321128727,14.999866485595703,0.0,0.0,0,0,0.3058600425720215,2
615,31.36327838897705,39.98383222116301,13.010263442993164,0.0,0.0,0,0,0.3038644790649414,2
616,31.38926863670349,38.47597031492235,13.993978500366211,0.0,0.0,0,0,0.3057985305786133,2
617,31.41027522087097,47.60412221364689,8.944988250732422,0.0,0.0,0,0,0.3038644790649414,1
618,31.432268142700195,45.46917448100168,9.999990463256836,0.0,0.0,0,0,0.3043479919433594,1
619,31.460275650024414,35.7047126123672,8.940696716308594,0.0,0.0,0,0,0.3038644790649414,1
620,31.4822678565979,45.47065328158539,10.993480682373047,0.0,0.0,0,0,0.3043479919433594,1
621,31.503338098526,47.460299858557285,9.071111679077148,0.0,0.0,0,0,0.3038644790649414,1
622,31.527268886566162,41.78717384157094,10.991811752319336,0.0,0.0,0,0,0.30483150482177734,1
623,31.587268114089966,16.666881246150485,48.00105094909668,0.0,0.0,0,0,0.3038644790649414,1
624,31.61027479171753,45.439126383983705,10.000944137573242,0.0,0.0,1,0,0.3038644790649414,1
625,31.637282371520996,35.70562446262418,12.014389038085938,0.0,0.0,0,0,0.30583953857421875,1
626,31.663270473480225,40.02083909811742,12.002229690551758,0.0,0.0,0,0,0.3038644790649414,1
627,31.689271688461304,38.4618572961275,10.00070571899414,0.0,0.0,0,0,0.3038644790649414,1
628,31.71327042579651,39.99794016955456,11.002779006958008,0.0,0.0,0,0,0.30483150482177734,1
629,31.741267442703247,35.71809108560139,15.000343322753906,0.0,0.0,0,0,0.3038644790649414,1
630,31.764267444610596,43.478257263991544,10.999917984008789,0.0,0.0,0,0,0.3043479919433594,1
631,31.788268089294434,41.66554745395665,11.000871658325195,0.0,0.0,0,0,0.3038644790649414,1
632,31.811267852783203,43.47870796533566,11.000871658325195,0.0,0.0,0,0,0.3043479919433594,1
633,31.835267305374146,41.66761705129097,10.999679565429688,0.0,0.0,0,0,0.3038644790649414,1
634,31.857267379760742,45.45439176374966,9.990692138671875,0.0,0.0,0,0,0.3043479919433594,1
635,31.878268718719482,47.61601162500284,9.000778198242188,0.0,0.0,0,0,0.3038644790649414,1
636,31.90126895904541,45.455376979181345,10.00070571899414,0.0,0.0,0,0,0.3043479919433594,1
637,31.930269241333008,33.3323055160411,8.001089096069336,0.0,0.0,0,0,0.3038644790649414,1
638,31.95226788520813,45.45734753817642,9.999752044677734,0.0,0.0,0,0,0.3043479919433594,1
639,31.974273681640625,47.60574314738096,9.006738662719727,0.0,0.0,0,0,0.3038644790649414,1
640,31.996274948120117,45.46178192065901,9.998798370361328,0.0,0.0,0,0,0.3043479919433594,1
641,32.01833510398865,45.45833288174537,9.00125503540039,0.0,0.0,0,0,0.3038644790649414,1
642,32.03927779197693,45.43518859544598,10.00356674194336,0.0,0.0,0,0,0.3043479919433594,1
643,32.06126880645752,47.639267176266145,9.001493453979492,0.0,0.0,0,0,0.3038644790649414,1
644,32.084736585617065,42.62244172103327,10.4522705078125,0.0,0.0,0,0,0.3043479919433594,1
645,32.10680913925171,43.330482034752784,10.081052780151367,0.0,0.0,0,0,0.3038644790649414,1
646,32.12973880767822,45.61505165851006,9.990453720092773,0.0,0.0,0,0,0.3043479919433594,1
647,32.15181493759155,43.321531120246235,10.086536407470703,0.0,0.0,0,0,0.3038644790649414,1
648,32.174737215042114,45.622990406160945,9.005308151245117,0.0,0.0,0,0,0.3043479919433594,1
649,32.19878673553467,39.91534069280548,9.055376052856445,0.0,0.0,0,0,0.3038644790649414,1
650,32.2227349281311,41.7568046512554,10.99705696105957,0.0,0.0,0,0,0.3043479919433594,1
651,32.24573636054993,43.47555325213786,10.006904602050781,0.0,0.0,0,0,0.3038644790649414,1
652,32.27572965621948,33.34078425449718,12.000322341918945,0.0,0.0,0,0,0.3043479919433594,1
653,32.298731565475464,45.45784020462132,8.997678756713867,0.0,0.0,0,0,0.33657217025756836,1
654,32.322808027267456,39.872462996587224,11.078596115112305,0.0,0.0,0,0,0.3370180130004883,1
655,32.353737592697144,32.33152442032561,11.008977890014648,0.0,0.0,0,0,0.3365745544433594,1
656,32.37872910499573,40.013584934460326,10.999917984008789,0.0,0.0,0,0,0.3371129035949707,1
657,32.401729345321655,45.455869602913126,8.998632431030273,0.0,0.0,0,0,0.33809661865234375,1
658,32.42672848701477,38.46150460330851,13.000726699829102,0.0,0.0,0,0,0.3367128372192383,1
659,32.44872832298279,45.45488436612697,8.99815559387207,0.0,0.0,0,0,0.33807992935180664,1
660,32.47573685646057,37.02533500467859,11.008501052856445,0.0,0.0,0,0,0.3367037773132324,1
661,32.50172829627991,40.01396666698467,9.000062942504883,0.0,0.0,0,0,0.371370792388916,1
662,32.52872824668884,35.71413731150109,13.994216918945312,0.0,0.0,1,0,0.3681473731994629,1
663,32.55172872543335,43.47735588933462,9.993314743041992,0.0,0.0,0,0,0.37107181549072266,1
664,32.57672905921936,39.99946594951316,11.00015640258789,0.0,0.0,0,0,0.3701457977294922,1
665,32.59872889518738,45.45488436612697,9.00125503540039,0.0,0.0,0,0,0.37116336822509766,1
666,32.62272834777832,41.66761705129097,10.999441146850586,0.0,0.0,0,0,0.3698263168334961,1
667,32.6637282371521,24.390309712385008,13.000249862670898,0.0,0.0,0,0,0.3694295883178711,1
668,32.68872857093811,39.99946594951316,12.000560760498047,0.0,0.0,0,0,0.3685116767883301,1
669,32.712729930877686,41.664305794236554,10.001420974731445,0.0,0.0,0,0,0.368039608001709,1
670,32.73873567581177,38.453041915728484,13.00668716430664,0.0,0.0,0,0,0.3681812286376953,1
671,32.76373314857483,41.67424114461722,11.00301742553711,0.0,0.0,0,0,0.3680915832519531,1
672,32.792728900909424,33.336014433432155,12.99428939819336,0.0,0.0,0,0,0.36829185485839844,1
673,32.820728063583374,35.71535376414588,9.998321533203125,0.0,0.0,0,0,0.368222713470459,1
674,32.84372854232788,43.47735588933462,10.000228881835938,0.0,0.0,0,0,0.3668479919433594,1
675,32.87073516845703,37.02794992672634,14.003753662109375,0.0,0.0,0,0,0.3663644790649414,2
676,32.89872980117798,35.72113304604064,15.998363494873047,0.0,0.0,0,0,0.3682985305786133,2
677,32.92573642730713,37.02794992672634,14.001131057739258,0.0,0.0,0,0,0.3663644790649414,2
678,32.95273423194885,37.04004874731757,13.999462127685547,0.0,0.0,0,0,0.36854076385498047,2
679,32.97873139381409,38.46573734409391,13.995885848999023,0.0,0.0,0,0,0.3663644790649414,2
680,33.0047287940979,38.465384580112065,14.993667602539062,0.0,0.0,0,0,0.36854076385498047,2
681,33.03073525428772,38.45198434162396,13.998270034790039,0.0,0.0,0,0,0.3663644790649414,2
682,33.06078815460205,33.27465866990345,19.05989646911621,0.0,0.0,0,0,0.3694744110107422,2
683,33.086734771728516,40.08509580924165,12.999534606933594,0.0,0.0,0,0,0.3663644790649414,2
684,33.11273980140686,37.030565218159026,15.002965927124023,0.0,0.0,0,0,0.3682985305786133,2
685,33.140734910964966,35.72052461250213,13.93580436706543,0.0,0.0,0,0,0.3663644790649414,2
686,33.16773772239685,37.0331808790549,15.001535415649414,0.0,0.0,0,0,0.3683795928955078,2
687,33.19372820854187,38.475617363226064,13.992547988891602,0.0,0.0,0,0,0.3663644790649414,2
688,33.22073674201965,38.4618572961275,14.991283416748047,0.0,0.0,0,0,0.3682584762573242,2
689,33.24573516845703,38.450926825690765,12.997627258300781,0.0,0.0,0,0,0.3663644790649414,2
690,33.27173900604248,38.4558623977702,14.000892639160156,0.0,0.0,0,0,0.36846017837524414,2
691,33.29673647880554,40.004043987906186,13.000965118408203,0.0,0.0,0,0,0.3663644790649414,2
692,33.32373905181885,37.03350786264867,15.004158020019531,0.0,0.0,0,0,0.368621826171875,2
693,33.35111045837402,37.91872564707584,14.313936233520508,0.0,0.0,0,0,0.3663644790649414,2
694,33.37610411643982,38.47208820238117,14.000654220581055,0.0,0.0,0,0,0.368621826171875,2
695,33.40211200714111,38.449869367924094,13.00191879272461,0.0,0.0,0,0,0.3663644790649414,2
696,33.4291045665741,37.04724638961268,15.001058578491211,0.0,0.0,0,0,0.36854076385498047,2
697,33.459113121032715,34.46938741966766,13.005495071411133,0.0,0.0,0,0,0.3663644790649414,2
698,33.48668098449707,36.289812940178926,15.568256378173828,0.0,0.0,0,0,0.3684196472167969,2
699,33.513861656188965,35.473701125705155,15.183687210083008,0.0,0.0,0,0,0.3663644790649414,2
700,33.5408616065979,37.0371050633135,15.000581741333008,0.0,0.0,0,0,0.3683791160583496,2
701,33.56686091423035,38.46256270117103,13.999700546264648,0.0,0.0,0,0,0.3663644790649414,2
702,33.59386134147644,38.46115191695781,15.000104904174805,0.0,0.0,0,0,0.3685264587402344,2
703,33.61886715888977,38.4526893845632,13.000249862670898,0.0,0.0,0,0,0.3663644790649414,2
704,33.65686321258545,27.019757651500022,23.008108139038086,0.0,0.0,0,0,0.36890316009521484,2
705,33.69886302947998,23.263433464968717,22.998571395874023,0.0,0.0,0,0,0.3663644790649414,2
706,33.73686504364014,27.02323933226382,23.00572395324707,0.0,0.0,0,0,0.3683795928955078,2
707,33.770875692367554,29.407915863277825,15.01011848449707,0.0,0.0,0,0,0.3663644790649414,2
708,33.802865982055664,31.255758497090014,18.003225326538086,0.0,0.0,0,0,0.3703131675720215,2
709,33.84086847305298,26.314559793212915,21.005868911743164,0.0,0.0,0,0,0.3663644790649414,2
710,33.87086892127991,33.32727330515208,15.005350112915039,0.0,0.0,0,0,0.36854124069213867,2
711,33.896862745285034,37.052482795784414,13.990402221679688,0.0,0.0,0,0,0.3663644790649414,2
712,33.925862073898315,35.71535376414588,15.00082015991211,0.0,0.0,0,0,0.3682584762573242,2
713,33.952861070632935,35.71535376414588,13.999700546264648,0.0,0.0,0,0,0.3663644790649414,2
714,33.97986125946045,37.03677801619469,15.000104904174805,0.0,0.0,0,0,0.3682584762573242,2
715,34.00686240196228,37.03546988547563,14.00136947631836,0.0,0.0,0,0,0.3663644790649414,2
716,34.03486943244934,35.70532050736358,15.008211135864258,0.0,0.0,0,0,0.368621826171875,2
717,34.06286096572876,35.72508836931988,14.999151229858398,0.0,0.0,0,0,0.3663644790649414,2
718,34.090861558914185,35.71352911625214,15.999794006347656,0.0,0.0,0,0,0.3682985305786133,2
719,34.120861768722534,33.33310021457522,18.00060272216797,0.0,0.0,0,0,0.3663644790649414,2
720,34.148871660232544,35.70167344784733,15.010595321655273,0.0,0.0,0,0,0.3682990074157715,2
721,34.176868200302124,35.7186994362407,12.002944946289062,0.0,0.0,0,0,0.3663644790649414,2
722,34.204861879348755,35.72234997530107,15.00082015991211,0.0,0.0,0,0,0.3683791160583496,2
723,34.23286175727844,35.714441416893735,15.000104904174805,0.0,0.0,0,0,0.3663644790649414,2
724,34.25886106491089,38.46256270117103,15.000104904174805,0.0,0.0,0,0,0.36854076385498047,2
725,34.28486156463623,38.46079923707521,14.000177383422852,0.0,0.0,0,0,0.3663644790649414,2
726,34.311861753463745,37.03677801619469,15.000581741333008,0.0,0.0,0,0,0.368621826171875,2
727,34.33886098861694,37.03808623932605,12.999296188354492,0.0,0.0,0,0,0.3663644790649414,2
728,34.36586117744446,37.03677801619469,14.999866485595703,0.0,0.0,0,0,0.3682584762573242,2
729,34.392860889434814,37.03743211620822,14.999866485595703,0.0,0.0,0,0,0.3663644790649414,2
730,34.418861389160156,38.46079923707521,15.000104904174805,0.0,0.0,0,0,0.3683795928955078,2
731,34.44586181640625,37.036450974851654,15.000581741333008,0.0,0.0,0,0,0.3663644790649414,2
732,34.472861766815186,37.0371050633135,15.000581741333008,0.0,0.0,0,0,0.3683791160583496,2
733,34.50186085700989,34.483840468301665,14.992952346801758,0.0,0.0,0,0,0.3663644790649414,2
734,34.530861139297485,35.71413731150109,15.999794006347656,0.0,0.0,0,0,0.3684196472167969,2
735,34.55686116218567,37.03677801619469,14.000177383422852,0.0,0.0,0,0,0.3663644790649414,2
736,34.583860874176025,37.03743211620822,16.000032424926758,0.0,0.0,0,0,0.3684196472167969,2
737,34.60986113548279,38.46115191695781,14.000177383422852,0.0,0.0,0,0,0.3663644790649414,2
738,34.63886094093323,34.482989953466955,16.99995994567871,0.0,0.0,0,0,0.368319034576416,2
739,34.67086148262024,31.24947101773208,16.997337341308594,0.0,0.0,0,0,0.3663644790649414,2
740,34.69986081123352,34.48355695869508,16.99972152709961,0.0,0.0,0,0,0.368319034576416,2
741,34.727861166000366,35.71383321128727,15.999794006347656,0.0,0.0,0,0,0.3663644790649414,2
742,34.756860971450806,34.482989953466955,16.99995994567871,0.0,0.0,0,0,0.36856698989868164,2
743,34.78486251831055,37.03743211620822,14.9993896484375,0.0,0.0,0,0,0.3663644790649414,2
744,34.811861515045166,35.713225026395556,15.000104904174805,0.0,0.0,0,0,0.3686208724975586,2
745,34.83986258506775,35.7129209417174,13.001680374145508,0.0,0.0,0,0,0.3663644790649414,2
746,34.86786413192749,37.039067467326035,14.999866485595703,0.0,0.0,0,0,0.3683600425720215,2
747,34.895861864089966,34.481855998947694,12.998104095458984,0.0,0.0,0,0,0.3663644790649414,2
748,34.92186117172241,38.46256270117103,13.99993896484375,0.0,0.0,0,0,0.368319034576416,2
749,34.9498610496521,35.714441416893735,14.999866485595703,0.0,0.0,0,0,0.3663644790649414,2
750,34.97686171531677,38.46150460330851,13.999462127685547,0.0,0.0,0,0,0.3682985305786133,2
751,35.00386118888855,35.71413731150109,15.000343322753906,0.0,0.0,0,0,0.3663644790649414,2
752,35.029860973358154,38.4618572961275,14.999628067016602,0.0,0.0,0,0,0.36854076385498047,2
753,35.05586123466492,38.46115191695781,13.99993896484375,0.0,0.0,0,0,0.3663644790649414,2
754,35.08286190032959,37.03612393928423,15.000581741333008,0.0,0.0,0,0,0.368319034576416,2
755,35.10986113548279,38.4618572961275,14.000654220581055,0.0,0.0,0,0,0.3663644790649414,2
756,35.13586068153381,37.03841330954946,14.999866485595703,0.0,0.0,0,0,0.36833953857421875,2
757,35.1658616065979,34.48100558199949,14.000892639160156,0.0,0.0,0,0,0.3663644790649414,2
758,35.19286108016968,35.715657890255116,14.998912811279297,0.0,0.0,0,0,0.36833953857421875,2
759,35.21886134147644,39.99908449361053,14.000415802001953,0.0,0.0,0,0,0.3663644790649414,2
760,35.24586057662964,35.715657890255116,15.999555587768555,0.0,0.0,0,0,0.3682985305786133,2
761,35.27286171913147,37.03546988547563,15.000581741333008,0.0,0.0,0,0,0.3663644790649414,2
762,35.2978618144989,39.99984741269145,14.000654220581055,0.0,0.0,0,0,0.3682985305786133,2
763,35.32486128807068,38.462209995414945,12.998819351196289,0.0,0.0,0,0,0.3663644790649414,2
764,35.35086488723755,37.03219996291751,14.002799987792969,0.0,0.0,0,0,0.36878204345703125,2
765,35.37686109542847,38.467148464727245,14.000177383422852,0.0,0.0,0,0,0.3663644790649414,2
766,35.40386128425598,37.03677801619469,15.000104904174805,0.0,0.0,0,0,0.36821794509887695,2
767,35.43086123466492,38.46115191695781,14.000892639160156,0.0,0.0,0,0,0.3663644790649414,2
768,35.45786166191101,37.03808623932605,14.999628067016602,0.0,0.0,0,0,0.36845970153808594,2
769,35.487860679626465,32.2581697084362,14.999628067016602,0.0,0.0,0,0,0.3663644790649414,2
770,35.51586103439331,35.71383321128727,16.000032424926758,0.0,0.0,0,0,0.36878204345703125,2
771,35.542861223220825,38.46079923707521,14.000415802001953,0.0,0.0,0,0,0.3663644790649414,2
772,35.56986117362976,35.714745527465325,16.000032424926758,0.0,0.0,0,0,0.3684201240539551,2
773,35.59786105155945,37.03481585476764,15.001773834228516,0.0,0.0,0,0,0.3663644790649414,2
774,35.62486743927002,37.03546988547563,15.002727508544922,0.0,0.0,0,0,0.36878204345703125,2
775,35.65286087989807,34.4863922645574,15.999794006347656,0.0,0.0,0,0,0.3663644790649414,2
776,35.68486142158508,32.25668120188573,17.000913619995117,0.0,0.0,0,0,0.3683791160583496,2
777,35.713860750198364,33.33495465852825,15.999555587768555,0.0,0.0,0,0,0.3663644790649414,2
778,35.743860960006714,33.33310021457522,16.99972152709961,0.0,0.0,0,0,0.3684201240539551,2
779,35.77186131477356,35.71383321128727,16.000032424926758,0.0,0.0,0,0,0.3663644790649414,2
780,35.80086088180542,34.483273453750215,15.993356704711914,0.0,0.0,0,0,0.3683791160583496,2
781,35.8318612575531,33.332570411342104,15.000581741333008,0.0,0.0,0,0,0.3663644790649414,2
782,35.858861207962036,37.03808623932605,13.999700546264648,0.0,0.0,0,0,0.3682985305786133,2
783,35.88486170768738,37.03579690949228,14.000654220581055,0.0,0.0,0,0,0.3663644790649414,2
784,35.911860704422,37.03841330954946,14.999866485595703,0.0,0.0,0,0,0.3683600425720215,2
785,35.93786120414734,38.46079923707521,13.99993896484375,0.0,0.0,0,0,0.3663644790649414,2
786,35.96786451339722,33.32965679457737,18.003463745117188,0.0,0.0,0,0,0.3684859275817871,2
787,35.994861125946045,37.041684329518155,13.99850845336914,0.0,0.0,0,0,0.3663644790649414,2
788,36.021862506866455,38.4593885822223,14.001607894897461,0.0,0.0,0,0,0.36846065521240234,2
789,36.047860622406006,37.03972164820996,13.99087905883789,0.0,0.0,0,0,0.3663644790649414,2
790,36.07386088371277,38.46115191695781,13.999700546264648,0.0,0.0,0,0,0.3683795928955078,2
791,36.1008620262146,37.03546988547563,15.00082015991211,0.0,0.0,0,0,0.3663644790649414,2
792,36.12787103652954,37.02468133187387,15.009880065917969,0.0,0.0,0,0,0.3686208724975586,2
793,36.15786123275757,34.49348256947128,13.996601104736328,0.0,0.0,0,0,0.3663644790649414,2
794,36.184861183166504,35.71535376414588,14.9993896484375,0.0,0.0,0,0,0.36845970153808594,2
795,36.21186089515686,37.03743211620822,14.9993896484375,0.0,0.0,0,0,0.3663644790649414,2
796,36.238861322402954,37.036450974851654,15.000104904174805,0.0,0.0,0,0,0.36845970153808594,2
797,36.2648606300354,38.46256270117103,13.999700546264648,0.0,0.0,0,0,0.3663644790649414,2
798,36.291861057281494,37.036450974851654,14.998674392700195,0.0,0.0,0,0,0.3682985305786133,2
799,36.318861961364746,37.03579690949228,14.000892639160156,0.0,0.0,0,0,0.3663644790649414,2
800,36.346861600875854,35.714745527465325,16.00027084350586,0.0,0.0,0,0,0.368380069732666,2
801,36.37587308883667,35.700154059598084,15.01154899597168,0.0,0.0,0,0,0.3663644790649414,2
802,36.4038610458374,34.496603227345254,15.999555587768555,0.0,0.0,0,0,0.3683805465698242,2
803,36.430861473083496,37.036450974851654,14.000415802001953,0.0,0.0,0,0,0.3663644790649414,2
804,36.459861040115356,34.483273453750215,16.999483108520508,0.0,0.0,0,0,0.3682584762573242,2
805,36.4958610534668,27.77776747574423,20.999670028686523,0.0,0.0,0,0,0.3663644790649414,2
806,36.52386116981506,35.71413731150109,14.999866485595703,0.0,0.0,0,0,0.36878204345703125,2
807,36.550861120224,37.0371050633135,14.999866485595703,0.0,0.0,0,0,0.3663644790649414,2
808,36.57886099815369,35.714441416893735,16.000032424926758,0.0,0.0,0,0,0.36846017837524414,2
809,36.60686135292053,37.03546988547563,14.000892639160156,0.0,0.0,0,0,0.3663644790649414,2
810,36.63486170768738,35.71535376414588,16.00027084350586,0.0,0.0,0,0,0.3683600425720215,2
811,36.66586756706238,31.243884270432943,19.006013870239258,0.0,0.0,0,0,0.3663644790649414,2
812,36.69586181640625,34.48951163957208,16.00050926208496,0.0,0.0,0,0,0.3684201240539551,2
813,36.72286081314087,35.715657890255116,14.999866485595703,0.0,0.0,0,0,0.3663644790649414,2
814,36.75586128234863,31.249703842228,18.992900848388672,0.0,0.0,0,0,0.3683795928955078,2
815,36.78386092185974,34.482989953466955,15.999794006347656,0.0,0.0,0,0,0.3663644790649414,2
816,36.81186819076538,35.705016557277965,16.006946563720703,0.0,0.0,0,0,0.36878204345703125,2
817,36.84086084365845,34.49149699023059,13.999462127685547,0.0,0.0,0,0,0.3663644790649414,2
818,36.86886215209961,35.71261686221753,15.00082015991211,0.0,0.0,0,0,0.36845970153808594,2
819,36.895862340927124,37.03677801619469,14.00136947631836,0.0,0.0,0,0,0.3663644790649414,2
820,36.92286133766174,38.46326813208983,14.999866485595703,0.0,0.0,0,0,0.36846065521240234,2
821,36.94886088371277,37.03743211620822,14.999866485595703,0.0,0.0,0,0,0.3663644790649414,2
822,36.97486090660095,38.46150460330851,14.999628067016602,0.0,0.0,0,0,0.3684201240539551,2
823,37.0028612613678,37.03612393928423,14.000415802001953,0.0,0.0,0,0,0.3663644790649414,2
824,37.02886152267456,37.0371050633135,15.000343322753906,0.0,0.0,0,0,0.36846065521240234,2
825,37.053860902786255,40.00099184588241,12.999534606933594,0.0,0.0,0,0,0.3663644790649414,2
826,37.08086085319519,37.0371050633135,15.000104904174805,0.0,0.0,0,0,0.36846065521240234,2
827,37.108861446380615,35.71352911625214,16.00050926208496,0.0,0.0,0,0,0.3663644790649414,2
828,37.13586068153381,37.03808623932605,14.9993896484375,0.0,0.0,0,0,0.36846017837524414,2
829,37.16686153411865,33.33204062495033,14.000654220581055,0.0,0.0,0,0,0.3663644790649414,2
830,37.195860624313354,33.33468972533062,15.999317169189453,0.0,0.0,0,0,0.3683791160583496,2
831,37.22386169433594,37.03481585476764,14.000892639160156,0.0,0.0,0,0,0.3663644790649414,2
832,37.25086069107056,35.71626615801216,14.999151229858398,0.0,0.0,0,0,0.36846065521240234,2
833,37.27786159515381,37.03579690949228,14.000415802001953,0.0,0.0,0,0,0.3663644790649414,2
834,37.31086254119873,31.24877256505964,20.000696182250977,0.0,0.0,0,0,0.36833953857421875,2
835,37.33686113357544,37.0393945548795,14.000177383422852,0.0,0.0,0,0,0.3663644790649414,2
836,37.36403942108154,36.79407688123936,15.178203582763672,0.0,0.0,0,0,0.3683795928955078,2
837,37.39003133773804,38.47349978902567,13.999700546264648,0.0,0.0,0,0,0.3663644790649414,2
838,37.41804003715515,35.70319296543153,17.008066177368164,0.0,0.0,0,0,0.3700714111328125,2
839,37.45103335380554,31.258320788183212,12.99905776977539,0.0,0.0,0,0,0.3663644790649414,2
840,37.47703170776367,37.03677801619469,14.999866485595703,0.0,0.0,0,0,0.36821794509887695,2
841,37.50703239440918,34.48157252197075,14.000892639160156,0.0,0.0,0,0,0.3663644790649414,2
842,37.53503155708313,34.48412398257009,15.999317169189453,0.0,0.0,0,0,0.3684201240539551,2
843,37.56203269958496,37.03546988547563,14.989376068115234,0.0,0.0,0,0,0.3663644790649414,2
844,37.59003210067749,37.03808623932605,15.000343322753906,0.0,0.0,0,0,0.36845970153808594,2
845,37.616031885147095,37.0371050633135,13.99993896484375,0.0,0.0,0,0,0.3663644790649414,2
846,37.646031618118286,33.333630034650476,17.999649047851562,0.0,0.0,0,0,0.3682584762573242,2
847,37.675031661987305,34.48270645784519,15.999794006347656,0.0,0.0,0,0,0.3663644790649414,2
848,37.7040319442749,35.71352911625214,16.00050926208496,0.0,0.0,0,0,0.3683795928955078,2
849,37.73103141784668,35.71535376414588,14.999628067016602,0.0,0.0,0,0,0.3663644790649414,2
850,37.7600314617157,34.48270645784519,15.999794006347656,0.0,0.0,0,0,0.368621826171875,2
851,37.78903150558472,34.48270645784519,15.999794006347656,0.0,0.0,0,0,0.3663644790649414,2
852,37.818031311035156,34.482989953466955,16.99972152709961,0.0,0.0,0,0,0.3683795928955078,2
853,37.848031759262085,34.48043866067098,13.99540901184082,0.0,0.0,0,0,0.3663644790649414,2
854,37.875032901763916,35.714745527465325,15.001296997070312,0.0,0.0,0,0,0.36833953857421875,2
855,37.901031494140625,38.463620857252906,13.999700546264648,0.0,0.0,0,0,0.3663644790649414,2
856,37.92703866958618,38.450926825690765,14.005184173583984,0.0,0.0,0,0,0.3682985305786133,2
857,37.95303225517273,38.47102958037147,14.000654220581055,0.0,0.0,0,0,0.3663644790649414,2
858,37.98203134536743,34.483840468301665,16.993284225463867,0.0,0.0,0,0,0.3689432144165039,2
859,38.00703167915344,39.99946594951316,13.000011444091797,0.0,0.0,0,0,0.3663644790649414,2
860,38.03603196144104,34.482422966884805,17.000198364257812,0.0,0.0,0,0,0.36846065521240234,2
861,38.062031984329224,38.46150460330851,14.000177383422852,0.0,0.0,0,0,0.3663644790649414,2
862,38.088032245635986,38.46115191695781,14.000415802001953,0.0,0.0,0,0,0.368319034576416,2
863,38.11403155326843,38.46256270117103,14.999866485595703,0.0,0.0,0,0,0.3663644790649414,2
864,38.14003109931946,38.462209995414945,14.999151229858398,0.0,0.0,0,0,0.36878204345703125,2
865,38.16903233528137,34.48128904965472,14.000654220581055,0.0,0.0,0,0,0.3663644790649414,2
866,38.19703221321106,37.03775917487902,14.000177383422852,0.0,0.0,0,0,0.368319034576416,2
867,38.22503185272217,34.48270645784519,14.000177383422852,0.0,0.0,0,0,0.3663644790649414,2
868,38.2520318031311,37.0371050633135,14.999866485595703,0.0,0.0,0,0,0.36846065521240234,2
869,38.278032064437866,38.46115191695781,14.000654220581055,0.0,0.0,0,0,0.3663644790649414,2
870,38.30403161048889,38.462209995414945,15.000104904174805,0.0,0.0,0,0,0.36833953857421875,2
871,38.331031799316406,38.46079923707521,14.000415802001953,0.0,0.0,0,0,0.3663644790649414,2
872,38.35703134536743,37.03808623932605,14.999866485595703,0.0,0.0,0,0,0.3683600425720215,2
873,38.38203191757202,39.99908449361053,13.999700546264648,0.0,0.0,0,0,0.3663644790649414,2
874,38.409032106399536,38.4618572961275,13.99993896484375,0.0,0.0,0,0,0.3682985305786133,2
875,38.43603205680847,37.03743211620822,13.999462127685547,0.0,0.0,0,0,0.3663644790649414,2
876,38.46203136444092,37.0371050633135,14.999628067016602,0.0,0.0,0,0,0.3692655563354492,2
877,38.490031480789185,35.71413731150109,12.999296188354492,0.0,0.0,0,0,0.3663644790649414,2
878,38.51803135871887,35.714441416893735,14.999628067016602,0.0,0.0,0,0,0.3682985305786133,2
879,38.54603147506714,35.71413731150109,14.999628067016602,0.0,0.0,0,0,0.3663644790649414,2
880,38.58503460884094,25.638965468760507,21.99840545654297,0.0,0.0,0,0,0.3688626289367676,2
881,38.619032859802246,29.4132777929719,15.988588333129883,0.0,0.0,0,0,0.3663644790649414,2
882,38.652031898498535,31.25086801674937,17.999887466430664,0.0,0.0,0,0,0.3682985305786133,2
883,38.680033922195435,34.48043866067098,14.9993896484375,0.0,0.0,0,0,0.3663644790649414,2
884,38.711031436920166,32.26065085799112,17.987489700317383,0.0,0.0,0,0,0.368319034576416,2
885,38.741032123565674,33.332570411342104,18.000364303588867,0.0,0.0,0,0,0.3663644790649414,2
886,38.77103328704834,34.483840468301665,16.999244689941406,0.0,0.0,0,0,0.36821794509887695,2
887,38.80303168296814,30.302599448032712,17.999887466430664,0.0,0.0,0,0,0.3663644790649414,2
888,38.831032037734985,37.0371050633135,14.999866485595703,0.0,0.0,0,0,0.36845970153808594,2
889,38.860032081604004,33.33283531085345,15.000104904174805,0.0,0.0,0,0,0.3663644790649414,2
890,38.88803458213806,37.03808623932605,13.999700546264648,0.0,0.0,0,0,0.36833953857421875,2
891,38.91403126716614,37.0371050633135,13.999462127685547,0.0,0.0,0,0,0.3663644790649414,2
892,38.94103145599365,37.03677801619469,14.999866485595703,0.0,0.0,0,0,0.36833953857421875,2
893,38.967031478881836,38.46150460330851,14.999628067016602,0.0,0.0,0,0,0.3663644790649414,2
894,38.9930317401886,38.46115191695781,13.999700546264648,0.0,0.0,0,0,0.36821794509887695,2
895,39.01804494857788,39.97887773679144,13.013362884521484,0.0,0.0,0,0,0.3663644790649414,2
896,39.04503798484802,37.0465919429061,15.000104904174805,0.0,0.0,0,0,0.3682985305786133,2
897,39.07103157043457,38.47102958037147,13.999700546264648,0.0,0.0,0,0,0.3663644790649414,2
898,39.097031593322754,38.46150460330851,13.999700546264648,0.0,0.0,0,0,0.368319034576416,2
899,39.12303161621094,38.46150460330851,13.999462127685547,0.0,0.0,0,0,0.3663644790649414,2
900,39.15003180503845,38.46150460330851,13.99993896484375,0.0,0.0,0,0,0.36833953857421875,2
901,39.18003273010254,32.25692927677116,15.001058578491211,0.0,0.0,0,0,0.3663644790649414,2
902,39.20703148841858,37.0387403855494,14.999628067016602,0.0,0.0,0,0,0.368319034576416,2
903,39.233031272888184,38.4618572961275,13.999462127685547,0.0,0.0,0,0,0.3663644790649414,2
904,39.26003122329712,37.0371050633135,14.999866485595703,0.0,0.0,0,0,0.3683600425720215,2
905,39.28703212738037,38.46150460330851,13.999462127685547,0.0,0.0,0,0,0.3663644790649414,2
906,39.31203246116638,38.459741236234265,14.000654220581055,0.0,0.0,0,0,0.36821794509887695,2
907,39.33803129196167,38.46326813208983,13.999462127685547,0.0,0.0,0,0,0.3663644790649414,2
908,39.365031480789185,37.03677801619469,14.999628067016602,0.0,0.0,0,0,0.3683795928955078,2
909,39.39103174209595,38.46115191695781,13.993263244628906,0.0,0.0,0,0,0.3663644790649414,2
910,39.41703176498413,38.46150460330851,13.999462127685547,0.0,0.0,0,0,0.368319034576416,2
911,39.444032192230225,38.4618572961275,13.999700546264648,0.0,0.0,0,0,0.3663644790649414,2
912,39.47003149986267,37.0371050633135,13.999700546264648,0.0,0.0,0,0,0.3683600425720215,2
913,39.49903178215027,34.482422966884805,14.000177383422852,0.0,0.0,0,0,0.3663644790649414,2
914,39.527032136917114,35.71383321128727,14.999628067016602,0.0,0.0,0,0,0.368319034576416,2
915,39.55403232574463,37.03677801619469,15.000581741333008,0.0,0.0,0,0,0.3663644790649414,2
916,39.58203148841858,35.71535376414588,14.999866485595703,0.0,0.0,0,0,0.3682985305786133,2
917,39.609031438827515,37.0371050633135,14.999866485595703,0.0,0.0,0,0,0.3663644790649414,2
918,39.63703155517578,35.71413731150109,15.999794006347656,0.0,0.0,0,0,0.3680567741394043,2
919,39.67003798484802,31.242255178732375,19.00792121887207,0.0,0.0,0,0,0.3663644790649414,2
920,39.70103144645691,31.257854885828415,18.99123191833496,0.0,0.0,0,0,0.3685927391052246,2
921,39.72903251647949,37.036450974851654,14.997005462646484,0.0,0.0,0,0,0.3663644790649414,2
922,39.75703191757202,34.48270645784519,17.000198364257812,0.0,0.0,0,0,0.36797618865966797,2
923,39.78603148460388,34.483273453750215,15.999555587768555,0.0,0.0,0,0,0.3663644790649414,2
924,39.81403183937073,35.71383321128727,16.00027084350586,0.0,0.0,0,0,0.36821794509887695,2
925,39.84303140640259,34.483273453750215,13.999700546264648,0.0,0.0,0,0,0.3663644790649414,2
926,39.8700315952301,37.03677801619469,14.999866485595703,0.0,0.0,0,0,0.36821794509887695,2
927,39.89603137969971,38.4618572961275,12.999534606933594,0.0,0.0,0,0,0.3663644790649414,2
928,39.92403221130371,37.036450974851654,15.000104904174805,0.0,0.0,0,0,0.36821794509887695,2
929,39.949031352996826,38.462209995414945,12.999296188354492,0.0,0.0,0,0,0.3663644790649414,2
930,39.97503161430359,38.46115191695781,14.9993896484375,0.0,0.0,0,0,0.3682985305786133,2
931,40.00103163719177,38.46150460330851,13.99993896484375,0.0,0.0,0,0,0.367795467376709,2
932,40.02803182601929,38.46150460330851,13.999700546264648,0.0,0.0,0,0,0.368319034576416,2
933,40.05303144454956,38.4618572961275,13.999462127685547,0.0,0.0,0,0,0.3663644790649414,2
934,40.080543756484985,36.34736340396031,14.999628067016602,0.0,0.0,0,0,0.368319034576416,2
935,40.10754370689392,38.4618572961275,13.99993896484375,0.0,0.0,0,0,0.3663644790649414,2
936,40.13254451751709,38.460093896713616,14.000415802001953,0.0,0.0,0,0,0.36821794509887695,2
937,40.16154384613037,34.48355695869508,14.000415802001953,0.0,0.0,0,0,0.3663644790649414,2
938,40.18854379653931,37.0371050633135,13.99993896484375,0.0,0.0,0,0,0.36878204345703125,2
939,40.215551137924194,38.460093896713616,14.001131057739258,0.0,0.0,0,0,0.3663644790649414,2
940,40.24254393577576,35.71535376414588,15.99431037902832,0.0,0.0,0,0,0.36846017837524414,2
941,40.26854395866394,39.99908449361053,13.000965118408203,0.0,0.0,0,0,0.3663644790649414,2
942,40.29454326629639,37.0387403855494,14.999866485595703,0.0,0.0,0,0,0.36821794509887695,2
943,40.31954383850098,39.99908449361053,13.000249862670898,0.0,0.0,0,0,0.3663644790649414,2
944,40.34554386138916,38.46150460330851,14.000177383422852,0.0,0.0,0,0,0.368319034576416,2
945,40.371543884277344,38.46150460330851,14.000177383422852,0.0,0.0,0,0,0.3663644790649414,2
946,40.3985435962677,37.03743211620822,14.999866485595703,0.0,0.0,0,0,0.3682985305786133,2
947,40.424543619155884,38.46150460330851,13.99993896484375,0.0,0.0,0,0,0.3663644790649414,2
948,40.4515438079834,38.46115191695781,14.000177383422852,0.0,0.0,0,0,0.3683805465698242,2
949,40.480544328689575,33.33283531085345,15.000343322753906,0.0,0.0,0,0,0.3663644790649414,2
950,40.508543491363525,35.71535376414588,14.999628067016602,0.0,0.0,0,0,0.3686208724975586,2
951,40.53554439544678,38.456567582931434,14.00303840637207,0.0,0.0,0,0,0.3663644790649414,2
952,40.562543630599976,35.71839525833071,14.999866485595703,0.0,0.0,0,0,0.3684201240539551,2
953,40.59054398536682,35.71383321128727,15.000581741333008,0.0,0.0,0,0,0.3663644790649414,2
954,40.617544174194336,37.03677801619469,15.000104904174805,0.0,0.0,0,0,0.368319034576416,2
955,40.6455454826355,37.03743211620822,15.000343322753906,0.0,0.0,0,0,0.3663644790649414,2
956,40.67854404449463,30.303256244084647,17.999887466430664,0.0,0.0,0,0,0.3682985305786133,2
957,40.70754361152649,33.33336512250753,15.999794006347656,0.0,0.0,0,0,0.3663644790649414,2
958,40.736544132232666,35.713225026395556,16.000747680664062,0.0,0.0,0,0,0.36833953857421875,2
959,40.76454401016235,34.483273453750215,16.00027084350586,0.0,0.0,0,0,0.3663644790649414,2
960,40.793543577194214,34.483273453750215,16.000032424926758,0.0,0.0,0,0,0.368621826171875,2
961,40.823543548583984,33.33336512250753,14.999866485595703,0.0,0.0,0,0,0.3663644790649414,2
962,40.85054326057434,37.03743211620822,13.999462127685547,0.0,0.0,0,0,0.36833953857421875,2
963,40.876543283462524,38.46150460330851,13.999700546264648,0.0,0.0,0,0,0.3663644790649414,2
964,40.90454363822937,37.036450974851654,14.000177383422852,0.0,0.0,0,0,0.36821794509887695,2
965,40.93005442619324,37.72059643505945,14.000415802001953,0.0,0.0,0,0,0.3663644790649414,2
966,40.956053256988525,38.46326813208983,13.999223709106445,0.0,0.0,0,0,0.3682985305786133,2
967,40.98405432701111,37.03383485201667,15.001535415649414,0.0,0.0,0,0,0.3663644790649414,2
968,41.011053800582886,35.71657029966023,14.999866485595703,0.0,0.0,0,0,0.3683795928955078,2
969,41.03705453872681,40.00061036087587,12.999534606933594,0.0,0.0,0,0,0.3663644790649414,2
970,41.064053773880005,35.71383321128727,15.999555587768555,0.0,0.0,0,0,0.36821794509887695,2
971,41.09005379676819,38.46150460330851,13.999700546264648,0.0,0.0,0,0,0.3663644790649414,2
972,41.117053747177124,37.0371050633135,14.999628067016602,0.0,0.0,0,0,0.3683600425720215,2
973,41.14605379104614,34.48270645784519,13.999700546264648,0.0,0.0,0,0,0.3663644790649414,2
974,41.173054456710815,37.03612393928423,15.000343322753906,0.0,0.0,0,0,0.3682985305786133,2
975,41.200053691864014,38.46291541339593,13.999700546264648,0.0,0.0,0,0,0.3663644790649414,2
976,41.22705364227295,35.71413731150109,14.999628067016602,0.0,0.0,0,0,0.36878204345703125,2
977,41.25405430793762,38.46150460330851,13.999462127685547,0.0,0.0,0,0,0.3663644790649414,2
978,41.28005361557007,37.0371050633135,13.999700546264648,0.0,0.0,0,0,0.368319034576416,2
979,41.30605363845825,38.46150460330851,13.99993896484375,0.0,0.0,0,0,0.3663644790649414,2
980,41.33305382728577,37.03677801619469,14.999866485595703,0.0,0.0,0,0,0.36833953857421875,2
981,41.35905385017395,38.46150460330851,13.999462127685547,0.0,0.0,0,0,0.3663644790649414,2
982,41.386054277420044,38.46044656366054,14.000892639160156,0.0,0.0,0,0,0.36821794509887695,2
983,41.41105341911316,38.46326813208983,13.999462127685547,0.0,0.0,0,0,0.3663644790649414,2
984,41.43705415725708,38.46044656366054,14.000177383422852,0.0,0.0,0,0,0.3682985305786133,2
985,41.46605467796326,34.48213948058568,14.000892639160156,0.0,0.0,0,0,0.3663644790649414,2
986,41.49405384063721,35.71535376414588,14.999628067016602,0.0,0.0,0,0,0.36821794509887695,2
987,41.523053884506226,34.48270645784519,14.999866485595703,0.0,0.0,0,0,0.3663644790649414,2
988,41.55105376243591,35.714441416893735,15.999794006347656,0.0,0.0,0,0,0.36833953857421875,2
989,41.57705330848694,38.462209995414945,13.999462127685547,0.0,0.0,0,0,0.3663644790649414,2
990,41.60505390167236,35.71352911625214,16.000032424926758,0.0,0.0,0,0,0.36878204345703125,2
991,41.63305401802063,35.71413731150109,15.000104904174805,0.0,0.0,0,0,0.3663644790649414,2
992,41.66305375099182,33.333630034650476,17.999887466430664,0.0,0.0,0,0,0.3682985305786133,2
993,41.69205403327942,34.482422966884805,16.000032424926758,0.0,0.0,0,0,0.3663644790649414,2
994,41.724053382873535,31.250635174905934,18.998146057128906,0.0,0.0,0,0,0.36833953857421875,2
995,41.75305414199829,34.481855998947694,16.000032424926758,0.0,0.0,0,0,0.3663644790649414,2
996,41.7830536365509,33.333894951004154,16.999483108520508,0.0,0.0,0,0,0.36833953857421875,2
997,41.814054012298584,32.25767352432224,14.999866485595703,0.0,0.0,0,0,0.3663644790649414,2
998,41.84005427360535,38.46115191695781,14.000415802001953,0.0,0.0,0,0,0.3683600425720215,2
999,41.86605358123779,38.46256270117103,13.999700546264648,0.0,0.0,0,0,0.3663644790649414,2
1000,41.89305329322815,37.03743211620822,14.9993896484375,0.0,0.0,0,0,0.3682985305786133,2
1001,41.92005395889282,37.03612393928423,13.998985290527344,0.0,0.0,0,0,0.3663644790649414,2
1002,41.94805383682251,35.714441416893735,15.999794006347656,0.0,0.0,0,0,0.368319034576416,2
1003,41.974053621292114,38.4618572961275,13.999700546264648,0.0,0.0,0,0,0.3663644790649414,2
1004,42.001054525375366,38.458683293599854,14.001607894897461,0.0,0.0,0,0,0.36821794509887695,2
1005,42.02605414390564,38.463620857252906,14.000177383422852,0.0,0.0,0,0,0.3663644790649414,2
1006,42.052053451538086,38.46256270117103,13.999700546264648,0.0,0.0,0,0,0.36833953857421875,2
1007,42.07905435562134,38.46115191695781,13.999700546264648,0.0,0.0,0,0,0.3663644790649414,2
1008,42.105053663253784,37.0371050633135,13.999700546264648,0.0,0.0,0,0,0.3683795928955078,2
1009,42.135053634643555,33.33336512250753,14.999866485595703,0.0,0.0,0,0,0.3663644790649414,2
1010,42.16205358505249,37.0371050633135,14.994382858276367,0.0,0.0,0,0,0.368319034576416,2
1011,42.188053369522095,38.4618572961275,13.999462127685547,0.0,0.0,0,0,0.3663644790649414,2
1012,42.214064836502075,38.44458295142071,14.01066780090332,0.0,0.0,0,0,0.36821794509887695,2
1013,42.3393030166626,7.984785460138934,113.24906349182129,0.0,0.0,0,0,0.3663644790649414,2
1014,42.36531591415405,38.442468791817134,15.01154899597168,0.0,0.0,0,0,0.36833953857421875,2
1015,42.39131569862366,38.4618572961275,13.985633850097656,0.0,0.0,0,0,0.3663644790649414,2
1016,42.418314695358276,37.03841330954946,14.938116073608398,0.0,0.0,0,0,0.3688626289367676,2
1017,42.448323488235474,33.32356633244879,18.007993698120117,0.0,0.0,0,0,0.3663644790649414,2
1018,42.47433018684387,38.45163182984965,14.999866485595703,0.0,0.0,0,0,0.3682985305786133,2
1019,42.50232911109924,35.715657890255116,16.9985294342041,0.0,0.0,0,0,0.3663644790649414,2
1020,42.534329891204834,31.249238196705434,19.99950408935547,0.0,0.0,0,0,0.36914634704589844,2
1021,42.56234169006348,35.69924248872245,13.01121711730957,0.0,0.0,0,0,0.3663644790649414,2
1022,42.589340925216675,37.03808623932605,14.998912811279297,0.0,0.0,0,0,0.368319034576416,2
1023,42.61634087562561,37.0371050633135,14.998674392700195,0.0,0.0,0,0,0.3663644790649414,2
1024,42.65134358406067,29.41204025104309,16.998291015625,0.0,0.0,0,0,0.3683791160583496,2
1025,42.756462812423706,9.423094118519284,90.09909629821777,0.0,0.0,0,0,0.3663644790649414,2
1026,42.78437161445618,35.830989765757145,16.00027084350586,0.0,0.0,0,0,0.3682985305786133,2
1027,42.81137132644653,37.03743211620822,13.99850845336914,0.0,0.0,0,0,0.3663644790649414,2
1028,42.83737254142761,38.459741236234265,15.000581741333008,0.0,0.0,0,0,0.3686208724975586,2
1029,42.86238431930542,39.9811642693052,13.012886047363281,0.0,0.0,0,0,0.36780309677124023,2
1030,42.889384746551514,37.036450974851654,14.9993896484375,0.0,0.0,0,0,0.36821794509887695,2
1031,42.9153847694397,38.46150460330851,13.999223709106445,0.0,0.0,0,0,0.3663644790649414,2
1032,42.942389726638794,38.46291541339593,13.990402221679688,0.0,0.0,0,0,0.3682985305786133,2
1033,42.97039484977722,34.469670696328926,13.930559158325195,0.0,0.0,0,0,0.3663644790649414,2
1034,42.998395919799805,37.0371050633135,14.999151229858398,0.0,0.0,0,0,0.3711996078491211,2
1035,43.03139615058899,29.410596583737693,21.00062370300293,0.0,0.0,0,0,0.3663644790649414,2
1036,43.31043887138367,3.5836806534573946,14.995098114013672,0.0,0.0,0,0,0.36833953857421875,2
1037,43.337437868118286,37.03841330954946,14.00136947631836,0.0,0.0,0,0,0.3663644790649414,2
1038,43.36375594139099,37.99670248038701,15.001058578491211,0.0,0.0,0,0,0.3682985305786133,2
1039,43.38981914520264,39.9945075902052,12.826919555664062,0.0,0.0,0,0,0.3663644790649414,2
1040,43.415756702423096,37.04070296286484,14.991998672485352,0.0,0.0,0,0,0.36821794509887695,2
1041,43.4417564868927,38.4618572961275,13.997554779052734,0.0,0.0,0,0,0.367795467376709,2
1042,43.467756509780884,38.46150460330851,13.992547988891602,0.0,0.0,0,0,0.368319034576416,2
1043,43.493757009506226,38.46079923707521,13.998270034790039,0.0,0.0,0,0,0.3663644790649414,2
1044,43.519819021224976,38.37002341920375,14.055013656616211,0.0,0.0,0,0,0.368319034576416,2
1045,43.557767391204834,26.351592980957108,23.010730743408203,0.0,0.0,0,0,0.3663644790649414,2
1046,43.58475661277771,38.47808816109353,13.99087905883789,0.0,0.0,0,0,0.36878204345703125,2
1047,43.60976576805115,39.98573811907145,12.827873229980469,0.0,0.0,0,0,0.3663644790649414,2
1048,43.637755155563354,34.494617288824195,16.989707946777344,0.0,0.0,0,0,0.3684196472167969,2
1049,43.66875767707825,32.255440884691694,17.000436782836914,0.0,0.0,0,0,0.3663644790649414,2
1050,43.70075726509094,31.250402336532158,18.997669219970703,0.0,0.0,0,0,0.3682985305786133,2
1051,43.73076677322388,34.469670696328926,16.009092330932617,0.0,0.0,0,0,0.3663644790649414,2
1052,43.760756492614746,33.346615889774924,16.99972152709961,0.0,0.0,0,0,0.36833953857421875,2
1053,43.788756132125854,35.7129209417174,14.987468719482422,0.0,0.0,0,0,0.3663644790649414,2
1054,43.81675601005554,34.48440750150046,15.999078750610352,0.0,0.0,0,0,0.3683600425720215,2
1055,43.84378170967102,37.00181731566597,14.02592658996582,0.0,0.0,0,0,0.3663644790649414,2
1056,43.870765686035156,37.05903038549554,14.989376068115234,0.0,0.0,0,0,0.3681373596191406,2
1057,43.899776220321655,34.47023726361985,12.991666793823242,0.0,0.0,0,0,0.3663644790649414,2
1058,43.94076704978943,24.395700525801498,28.991222381591797,0.0,0.0,0,0,0.3677949905395508,2
1059,43.96777606010437,37.02468133187387,13.998746871948242,0.0,0.0,0,0,0.3663644790649414,2
1060,43.99476623535156,38.47420562119322,14.99176025390625,0.0,0.0,0,0,0.36878204345703125,2
1061,44.01976728439331,38.4618572961275,14.001131057739258,0.0,0.0,0,0,0.3663644790649414,2
1062,44.05276966094971,30.30084813107743,19.998550415039062,0.0,0.0,0,0,0.3683795928955078,2
1063,44.093767166137695,24.391728116494917,18.99862289428711,0.0,0.0,0,0,0.3663644790649414,2
1064,44.12377572059631,33.323831088865056,18.000364303588867,0.0,0.0,0,0,0.36833953857421875,2
1065,44.15078902244568,37.018799315104765,13.005495071411133,0.0,0.0,0,0,0.3663644790649414,2
1066,44.17877125740051,35.736959596475984,14.995813369750977,0.0,0.0,0,0,0.3682985305786133,2
1067,44.206767082214355,35.719612001056014,14.00136947631836,0.0,0.0,0,0,0.3663644790649414,2
1068,44.23377966880798,37.01977952144326,15.002965927124023,0.0,0.0,0,0,0.368319034576416,2
1069,44.26476764678955,32.27057927415694,15.001296997070312,0.0,0.0,0,0,0.3663644790649414,2
1070,44.292781591415405,35.6965080553877,14.014005661010742,0.0,0.0,0,0,0.36821794509887695,2
1071,44.32077932357788,35.71717859849614,15.012502670288086,0.0,0.0,0,0,0.3663644790649414,2
1072,44.34776735305786,37.05346478674158,14.000415802001953,0.0,0.0,0,0,0.36878204345703125,2
1073,44.3757688999176,35.71231278789582,15.00082015991211,0.0,0.0,0,0,0.3663644790649414,2
1074,44.402785778045654,37.01389906192363,15.009641647338867,0.0,0.0,0,0,0.36846017837524414,2
1075,44.43077993392944,35.7217415003066,14.000177383422852,0.0,0.0,0,0,0.3663644790649414,2
1076,44.45977973937988,34.482989953466955,15.99574089050293,0.0,0.0,0,0,0.3682985305786133,2
1077,44.485795974731445,38.437536656891496,14.014720916748047,0.0,0.0,0,0,0.3663644790649414,2
1078,44.51378059387207,35.73391494002181,14.991998672485352,0.0,0.0,0,0,0.3683795928955078,2
1079,44.54079222679138,37.02108654397811,14.011859893798828,0.0,0.0,0,0,0.3663644790649414,2
1080,44.570783615112305,34.49603579300589,14.998912811279297,0.0,0.0,0,0,0.3682990074157715,2
1081,44.60277986526489,30.304132016444257,14.999628067016602,0.0,0.0,0,0,0.3663644790649414,2
1082,44.63562345504761,30.44734167658759,17.841100692749023,0.0,0.0,0,0,0.3683791160583496,2
1083,44.68062663078308,22.220654068458387,31.006813049316406,0.0,0.0,0,0,0.3663644790649414,2
1084,44.73061990737915,20.401700504898194,25.020599365234375,0.0,0.0,0,0,0.3682990074157715,2
1085,44.75962734222412,33.34979764167071,16.007423400878906,0.0,0.0,0,0,0.3663644790649414,2
1086,44.7916202545166,31.25692312278296,17.992496490478516,0.0,0.0,0,0,0.3684201240539551,2
1087,44.82262587547302,32.25221650634001,17.00425148010254,0.0,0.0,0,0,0.3663644790649414,2
1088,44.84461975097656,45.46720289650836,6.999731063842773,0.0,0.0,1,0,0.3663644790649414,0
1089,44.878620624542236,29.411009045648974,5.9986114501953125,0.0,0.0,0,0,0.3678016662597656,0
1090,44.899619817733765,47.620877187006826,5.997657775878906,0.0,0.0,1,0,0.3663644790649414,0
1091,44.91961979866028,50.000047683761295,5.997896194458008,0.0,0.0,0,0,0.36943483352661133,0
1092,44.93962049484253,49.998259604954164,6.99925422668457,0.0,0.0,1,0,0.3663644790649414,0
1093,44.96162009239197,47.617633368527414,3.999948501586914,0.0,0.0,0,0,0.3677949905395508,0
1094,44.98162221908569,47.616552193903615,7.001399993896484,0.0,0.0,1,0,0.3663644790649414,0
1095,45.00114107131958,53.94533832362285,5.014896392822266,0.0,0.0,0,0,0.36943483352661133,0
1096,45.02014112472534,50.045985514682194,5.983829498291016,0.0,0.0,1,0,0.3663644790649414,0
1097,45.03914022445679,52.63407288424857,4.997968673706055,0.0,0.0,0,0,0.36951255798339844,0
1098,45.059141397476196,52.607006233616374,6.008625030517578,0.0,0.0,1,0,0.3663644790649414,0
1099,45.07714247703552,52.64992970475999,5.000829696655273,0.0,0.0,0,0,0.36959314346313477,0
1100,45.09714198112488,50.00123980735301,6.9980621337890625,0.0,0.0,1,0,0.3663644790649414,0
1101,45.13514041900635,26.31687131769327,7.999420166015625,0.0,0.0,0,0,0.3663644790649414,0
1102,45.15414047241211,52.631431009386134,5.994081497192383,0.0,0.0,1,0,0.3663644790649414,0
1103,45.173150062561035,52.60502683991371,5.007505416870117,0.0,0.0,0,0,0.36959314346313477,0
1104,45.194141149520874,50.01972499493161,5.992650985717773,0.0,0.0,1,0,0.3663644790649414,0
1105,45.21714186668396,43.48141236963779,4.998922348022461,0.0,0.0,0,0,0.36988353729248047,0
1106,45.23714065551758,47.61871459225031,5.996465682983398,0.0,0.0,1,0,0.3663644790649414,0
1107,45.25914740562439,45.44060323066422,5.9871673583984375,0.0,0.0,0,0,0.3698568344116211,0
1108,45.282142162323,43.488174852509665,8.001565933227539,0.0,0.0,1,0,0.3663644790649414,0
1109,45.3061420917511,41.666789187685644,6.995916366577148,0.0,0.0,0,0,0.3692655563354492,0
1110,45.3271586894989,50.00123980735301,4.999876022338867,0.0,0.0,1,0,0.397641658782959,0
1111,45.34514331817627,52.626808366478876,4.002571105957031,0.0,0.0,0,0,0.39989423751831055,0
1112,45.3721399307251,37.041684329518155,6.998538970947266,0.0,0.0,1,0,0.39921045303344727,0
1113,45.391141176223755,52.62812903873421,6.000518798828125,0.0,0.0,1,0,0.4003739356994629,0
1114,45.41214060783386,50.003028099331196,5.99217414855957,0.0,0.0,1,0,0.39993810653686523,0
1115,45.43114137649536,52.60436707511319,5.007266998291016,0.0,0.0,1,0,0.40108156204223633,0
1116,45.44916272163391,52.595791638452084,5.021333694458008,0.0,0.0,2,0,0.40044593811035156,0
1117,45.47014260292053,47.66471203236511,5.001306533813477,0.0,0.0,2,0,0.4004502296447754,0
1118,45.49114155769348,50.00243198779238,5.984783172607422,0.0,0.0,2,0,0.399594783782959,0
1119,45.50915193557739,52.60304759515896,6.011009216308594,0.0,0.0,2,0,0.40100526809692383,0
1120,45.52814173698425,52.6598450702457,5.995750427246094,0.0,0.0,3,0,0.4005875587463379,0
1121,45.554142475128174,40.001754837725194,4.999399185180664,0.0,0.0,3,0,0.40062475204467773,0
1122,45.57314157485962,49.99766360710454,6.000518798828125,0.0,0.0,4,0,0.40060997009277344,0
1123,45.59814500808716,39.9945075902052,9.998083114624023,0.0,0.0,3,0,0.40123748779296875,1
1124,45.6251425743103,37.04037585220248,13.00048828125,0.0,0.0,3,0,0.4013080596923828,1
1125,45.65314793586731,37.03448884807601,12.003898620605469,0.0,0.0,2,0,0.40111494064331055,1
1126,45.67814040184021,38.467501261062964,10.996818542480469,0.0,0.0,2,0,0.4014415740966797,1
1127,45.70314955711365,39.98535692495424,12.006759643554688,0.0,0.0,1,0,0.40124082565307617,1
1128,45.731146574020386,37.048228103027945,11.998653411865234,0.0,0.0,1,0,0.4019813537597656,1
1129,45.76214146614075,31.249936670193268,15.000343322753906,0.0,0.0,0,0,0.3976144790649414,2
1130,45.79315161705017,32.24750511278889,17.001628875732422,0.0,0.0,0,0,0.3996291160583496,2
1131,45.820141315460205,37.051173555471145,13.991117477416992,0.0,0.0,0,0,0.3976144790649414,2
1132,45.850144386291504,33.32992164778055,17.00282096862793,0.0,0.0,0,0,0.3996305465698242,2
1133,45.876142501831055,38.46432632698727,14.002084732055664,0.0,0.0,0,0,0.3976144790649414,2
1134,45.90415167808533,35.7025851428766,15.011072158813477,0.0,0.0,0,0,0.3996305465698242,2
1135,45.931212425231934,36.953894679342035,14.071464538574219,0.0,0.0,0,0,0.3976144790649414,2
1136,45.96014332771301,34.56511599159421,15.999078750610352,0.0,0.0,0,0,0.3995485305786133,2
1137,45.98814272880554,35.715049643216,14.9993896484375,0.0,0.0,0,0,0.3976144790649414,2
1138,46.01914024353027,33.33548453755732,15.998601913452148,0.0,0.0,0,0,0.3997764587402344,2
1139,46.04814124107361,34.48072211900495,14.001846313476562,0.0,0.0,0,0,0.3976144790649414,2
1140,46.07815480232239,32.24527388045358,16.00956916809082,0.0,0.0,0,0,0.3996295928955078,2
1141,46.1101508140564,31.25389527648825,15.006065368652344,0.0,0.0,0,0,0.3976144790649414,2
1142,46.143192768096924,30.264553929633156,17.049551010131836,0.0,0.0,0,0,0.39979076385498047,2
1143,46.17214035987854,34.545187991599065,14.891386032104492,0.0,0.0,0,0,0.3976144790649414,2
1144,46.2031466960907,33.31827208744419,16.0064697265625,0.0,0.0,0,0,0.3996305465698242,2
1145,46.23114848136902,34.489228036706905,14.947891235351562,0.0,0.0,0,0,0.3976144790649414,2
1146,46.261149168014526,33.332570411342104,16.002416610717773,0.0,0.0,0,0,0.39958953857421875,2
1147,46.29014611244202,35.726001260625885,13.993024826049805,0.0,0.0,0,0,0.3976144790649414,2
1148,46.319153785705566,33.31800741935228,16.01266860961914,0.0,0.0,0,0,0.399569034576416,2
1149,46.34714913368225,35.72022040350534,14.008283615112305,0.0,0.0,0,0,0.3976144790649414,2
1150,46.378151655197144,33.34210944704124,15.993595123291016,0.0,0.0,0,0,0.3996295928955078,2
1151,46.40923857688904,31.155230044716475,15.097618103027344,0.0,0.0,0,0,0.3976144790649414,2
1152,46.441147804260254,32.359711453149714,15.995979309082031,0.0,0.0,0,0,0.3995490074157715,2
1153,46.473142862319946,30.301504851212623,14.993667602539062,0.0,0.0,0,0,0.3976144790649414,2
1154,46.50516486167908,31.228531010349194,17.02094078063965,0.0,0.0,0,0,0.399871826171875,2
1155,46.55014705657959,22.231018344296096,29.99734878540039,0.0,0.0,0,0,0.3976144790649414,2
1156,46.582141399383545,32.25469674015857,17.00282096862793,0.0,0.0,0,0,0.3996291160583496,2
1157,46.61014699935913,34.486675820787525,14.997720718383789,0.0,0.0,0,0,0.3976144790649414,2
1158,46.655139446258545,22.22595277459833,30.99203109741211,0.0,0.0,0,0,0.39971017837524414,2
1159,46.68614196777344,32.255440884691694,16.000032424926758,0.0,0.0,0,0,0.3976144790649414,2
1160,46.7181396484375,31.252265140677157,16.9985294342041,0.0,0.0,0,0,0.3996696472167969,2
1161,46.751142263412476,30.30062923069143,17.00139045715332,0.0,0.0,0,0,0.3976144790649414,2
1162,46.78314280509949,31.24947101773208,18.000125885009766,0.0,0.0,0,0,0.3995485305786133,2
1163,46.81313991546631,33.33654434615354,16.00027084350586,0.0,0.0,0,0,0.3976144790649414,2
1164,46.84414267539978,32.25519283269889,17.00282096862793,0.0,0.0,0,0,0.3995485305786133,2
1165,46.876140832901,31.25179941882125,14.995574951171875,0.0,0.0,0,0,0.3976144790649414,2
1166,46.910141944885254,29.410802813247226,18.002033233642578,0.0,0.0,0,0,0.3996701240539551,2
1167,46.944129943847656,30.313987944666888,15.985488891601562,0.0,0.0,0,0,0.3976144790649414,2
1168,46.98113226890564,26.31422960857754,22.002696990966797,0.0,0.0,0,0,0.399569034576416,2
1169,47.01513075828552,29.413071528751754,17.000675201416016,0.0,0.0,0,0,0.3976144790649414,2
1170,47.04813885688782,30.295595394594283,17.00305938720703,0.0,0.0,0,0,0.3996100425720215,2
1171,47.082141160964966,30.311359070345585,16.988754272460938,0.0,0.0,0,0,0.3976144790649414,2
1172,47.118128299713135,27.028115193030164,19.989490509033203,0.0,0.0,0,0,0.4003143310546875,2
1173,47.149129152297974,32.25717735547232,15.000581741333008,0.0,0.0,0,0,0.3976144790649414,2
1174,47.25518250465393,9.429216312216177,90.05403518676758,0.0,0.0,0,0,0.3996100425720215,2
1175,47.28819274902344,30.293626087898595,17.0135498046875,0.0,0.0,0,0,0.3976144790649414,2
1176,47.33118224143982,23.261498189239703,26.999473571777344,0.0,0.0,0,0,0.3990488052368164,2
1177,47.3691828250885,26.315385291054422,17.00735092163086,0.0,0.0,0,0,0.3976144790649414,2
1178,47.40722131729126,27.029334433159768,18.996238708496094,0.0,0.0,0,0,0.3996696472167969,2
1179,47.440218687057495,29.378048609651888,17.009496688842773,0.0,0.0,0,0,0.3976144790649414,2
1180,47.47521686553955,28.572915602242613,17.999649047851562,0.0,0.0,0,0,0.3996100425720215,2
1181,47.508214712142944,30.305007839425446,16.999483108520508,0.0,0.0,0,0,0.3976144790649414,2
1182,47.546210050582886,27.029682807686854,19.992828369140625,0.0,0.0,0,0,0.39979076385498047,2
1183,47.584213972091675,25.639122195733236,21.00062370300293,0.0,0.0,0,0,0.3976144790649414,2
1184,47.62421727180481,24.997937849403407,22.008419036865234,0.0,0.0,0,0,0.3996100425720215,2
1185,47.671215534210205,21.277382371591628,27.999401092529297,0.0,0.0,0,0,0.3976144790649414,2
1186,47.713215827941895,24.389742396929698,23.003339767456055,0.0,0.0,0,0,0.39958953857421875,2
1187,47.74920964241028,27.031947461024355,18.980026245117188,0.0,0.0,0,0,0.3976144790649414,2
1188,47.79221224784851,23.254404932193427,24.99246597290039,0.0,0.0,0,0,0.3995084762573242,2
1189,47.83220982551575,25.001514049665598,18.9974308013916,0.0,0.0,0,0,0.3976144790649414,2
1190,47.86921048164368,27.026547760193825,18.986940383911133,0.0,0.0,0,0,0.39979076385498047,2
1191,47.904916763305664,28.810198922958566,17.973899841308594,0.0,0.0,0,0,0.3976144790649414,2
1192,47.940921783447266,27.78199931113054,18.993616104125977,0.0,0.0,0,0,0.39979076385498047,2
1193,47.98391771316528,22.72584132075574,26.001691818237305,0.0,0.0,0,0,0.3976144790649414,2
1194,48.02992916107178,21.73372161711212,25.007963180541992,0.0,0.0,0,0,0.39958953857421875,2
1195,48.070918560028076,24.396551924710042,19.994020462036133,0.0,0.0,0,0,0.3976144790649414,2
1196,48.108914613723755,26.318522655254853,19.98305320739746,0.0,0.0,0,0,0.3996305465698242,2
1197,48.14492225646973,27.771881848940918,18.99886131286621,0.0,0.0,0,0,0.3976144790649414,2
1198,48.1809446811676,27.760485541634402,18.99552345275879,0.0,0.0,0,0,0.3996100425720215,2
1199,48.215946674346924,28.569801578922274,17.990589141845703,0.0,0.0,0,0,0.3976144790649414,2
1200,48.25195622444153,27.770410831926373,20.008563995361328,0.0,0.0,0,0,0.3995485305786133,2
1201,48.3060028553009,18.870480680979718,31.0056209564209,0.0,0.0,0,0,0.3976144790649414,2
1202,48.34494924545288,24.999874830872667,19.993305206298828,0.0,0.0,0,0,0.399569034576416,2
1203,48.38094997406006,28.57058002111645,17.00115203857422,0.0,0.0,0,0,0.3976144790649414,2
1204,48.41675424575806,27.170988618033647,19.167661666870117,0.0,0.0,0,0,0.3996100425720215,2
1205,48.45275378227234,27.778135410250805,20.006656646728516,0.0,0.0,0,0,0.3976144790649414,2
1206,48.4922890663147,25.293861527049927,20.989179611206055,0.0,0.0,0,0,0.3995485305786133,2
1207,48.52929663658142,27.021498379729547,18.995046615600586,0.0,0.0,0,0,0.3976144790649414,2
1208,48.56729078292847,26.319843874522306,20.994186401367188,0.0,0.0,0,0,0.3996100425720215,2
1209,48.603296995162964,28.567271934723678,17.99178123474121,0.0,0.0,0,0,0.3976144790649414,2
1210,48.63929057121277,27.03090218925416,19.988059997558594,0.0,0.0,0,0,0.3996100425720215,2
1211,48.678298234939575,25.635988020292157,22.005081176757812,0.0,0.0,0,0,0.3976144790649414,2
1212,48.717294454574585,25.643511329037306,21.99864387512207,0.0,0.0,0,0,0.3996100425720215,2
1213,48.76321887969971,21.77490512457105,23.919105529785156,0.0,0.0,0,0,0.3976144790649414,2
1214,48.80723237991333,22.72030161533211,25.012731552124023,0.0,0.0,0,0,0.39971017837524414,2
1215,48.84822916984558,25.00374969448038,19.99831199645996,0.0,0.0,0,0,0.3976144790649414,2
1216,48.88977003097534,23.50527064968253,21.987199783325195,0.0,0.0,0,0,0.39946794509887695,2
1217,48.92377734184265,29.405441785791904,17.99607276916504,0.0,0.0,0,0,0.3976144790649414,2
1218,48.96478009223938,24.3886078451895,23.547649383544922,0.0,0.0,0,0,0.399871826171875,2
1219,49.00504469871521,24.83570777229071,17.99917221069336,0.0,0.0,0,0,0.3976144790649414,2
1220,49.040051221847534,28.56610455771379,18.01133155822754,0.0,0.0,0,0,0.3996701240539551,2
1221,49.07204532623291,31.255758497090014,16.0064697265625,0.0,0.0,0,0,0.3976144790649414,2
1222,49.106038093566895,30.303037308903853,15.99884033203125,0.0,0.0,0,0,0.3996295928955078,2
1223,49.13804507255554,30.303256244084647,17.006874084472656,0.0,0.0,0,0,0.3976144790649414,2
1224,49.170044898986816,31.250169501627962,16.99995994567871,0.0,0.0,0,0,0.39971065521240234,2
1225,49.205045223236084,28.57116388060108,15.996456146240234,0.0,0.0,0,0,0.3976144790649414,2
1226,49.236162185668945,33.33098110268758,15.002250671386719,0.0,0.0,0,0,0.39971065521240234,2
1227,49.26904797554016,29.411215280942997,16.007661819458008,0.0,0.0,0,0,0.3976144790649414,2
1228,49.30305361747742,30.30391306860875,18.001317977905273,0.0,0.0,0,0,0.3996295928955078,2
1229,49.33604860305786,29.410390357120317,17.000436782836914,0.0,0.0,0,0,0.3976144790649414,2
1230,49.37103867530823,29.41204025104309,18.002986907958984,0.0,0.0,0,0,0.3996295928955078,2
1231,49.403043270111084,30.30763561214241,16.002178192138672,0.0,0.0,0,0,0.3976144790649414,2
1232,49.43810033798218,29.35892428410435,17.998933792114258,0.0,0.0,0,0,0.39971065521240234,2
1233,49.46953511238098,30.835029112509556,16.437530517578125,0.0,0.0,0,0,0.3976144790649414,2
1234,49.50453495979309,29.41657841397642,17.99941062927246,0.0,0.0,0,0,0.3996701240539551,2
1235,49.537535667419434,29.40647260081889,17.005443572998047,0.0,0.0,0,0,0.3976144790649414,2
1236,49.57353758811951,28.576614386744247,17.999649047851562,0.0,0.0,0,0,0.39971065521240234,2
1237,49.609534740448,27.023065226915445,17.006397247314453,0.0,0.0,0,0,0.3976144790649414,2
1238,49.64654874801636,27.77776747574423,18.9969539642334,0.0,0.0,0,0,0.39971017837524414,2
1239,49.68353199958801,26.317696960570238,20.002365112304688,0.0,0.0,0,0,0.3976144790649414,2
1240,49.721529722213745,26.317366697202807,20.993471145629883,0.0,0.0,0,0,0.399630069732666,2
1241,49.75754499435425,27.765998715733588,19.01555061340332,0.0,0.0,0,0,0.3976144790649414,2
1242,49.79552912712097,27.033167046934015,19.99807357788086,0.0,0.0,0,0,0.3996100425720215,2
1243,49.831528663635254,27.032818582587847,18.99886131286621,0.0,0.0,0,0,0.3976144790649414,2
1244,49.86953616142273,26.31059812439231,20.000696182250977,0.0,0.0,0,0,0.399630069732666,2
1245,49.90553641319275,27.777583512146016,18.007755279541016,0.0,0.0,0,0,0.3976144790649414,2
1246,49.94170117378235,27.651226876573975,19.073963165283203,0.0,0.0,0,0,0.3996701240539551,2
1247,49.97673416137695,29.374345183068606,17.037630081176758,0.0,0.0,0,0,0.3976144790649414,2
1248,50.01173734664917,28.579535156276616,18.00060272216797,0.0,0.0,0,0,0.3996701240539551,2
1249,50.048728227615356,26.320174200066518,16.99662208557129,0.0,0.0,0,0,0.3976144790649414,2
1250,50.0847282409668,27.77776747574423,18.993377685546875,0.0,0.0,0,0,0.3996701240539551,2
1251,50.119797706604004,28.514834253392436,18.071413040161133,0.0,0.0,0,0,0.3976144790649414,2
1252,50.1557343006134,27.826788474679724,18.99886131286621,0.0,0.0,0,0,0.3996295928955078,2
1253,50.18973517417908,29.411009045648974,18.001079559326172,0.0,0.0,0,0,0.3976144790649414,2
1254,50.22472667694092,29.415546890341403,17.996788024902344,0.0,0.0,0,0,0.3996701240539551,2
1255,50.2577383518219,29.40523563145866,17.00425148010254,0.0,0.0,0,0,0.3976144790649414,2
1256,50.29272818565369,29.410596583737693,17.998456954956055,0.0,0.0,0,0,0.3996295928955078,2
1257,50.325735092163086,30.307854613772673,16.998767852783203,0.0,0.0,0,0,0.3976144790649414,2
1258,50.36173462867737,27.02689606289065,19.990205764770508,0.0,0.0,0,0,0.3996701240539551,2
1259,50.39573931694031,30.301723764250315,16.99376106262207,0.0,0.0,0,0,0.3976144790649414,2
1260,50.43078660964966,28.523948451154407,18.00060272216797,0.0,0.0,0,0,0.3996295928955078,2
1261,50.46817684173584,26.790393459376595,16.59250259399414,0.0,0.0,0,0,0.3976144790649414,2
1262,50.50312328338623,27.776111891075733,18.001079559326172,0.0,0.0,0,0,0.3996295928955078,2
1263,50.537115812301636,30.290563230759233,16.022443771362305,0.0,0.0,0,0,0.3976144790649414,2
1264,50.57112240791321,28.583235654899823,18.000364303588867,0.0,0.0,0,0,0.3996295928955078,2
1265,50.60512447357178,29.409977912561793,18.00823211669922,0.0,0.0,0,0,0.3976144790649414,2
1266,50.64112210273743,27.77960724575289,19.999027252197266,0.0,0.0,0,0,0.3996701240539551,2
1267,50.679168939590454,26.94667591807365,20.113706588745117,0.0,0.0,0,0,0.3976144790649414,2
1268,50.717170000076294,26.35838266530925,20.999431610107422,0.0,0.0,0,0,0.39971017837524414,2
1269,50.75417923927307,27.026547760193825,19.002199172973633,0.0,0.0,0,0,0.3976144790649414,2
1270,50.79117393493652,26.31422960857754,20.0040340423584,0.0,0.0,0,0,0.39971065521240234,2
1271,50.82817482948303,27.02637361221189,20.008325576782227,0.0,0.0,0,0,0.3976144790649414,2
1272,50.86716842651367,25.64523604257999,20.99442481994629,0.0,0.0,0,0,0.39971065521240234,2
1273,50.90617370605469,26.31076317011053,17.006397247314453,0.0,0.0,0,0,0.3976144790649414,2
1274,50.94316816329956,26.321000050203324,18.98932456970215,0.0,0.0,0,0,0.3996701240539551,2
1275,50.978139877319336,28.59453784377088,17.851829528808594,0.0,0.0,0,0,0.3976144790649414,2
1276,51.011714458465576,29.78443709079547,17.578840255737305,0.0,0.0,0,0,0.3996701240539551,2
1277,51.04371523857117,31.249238196705434,17.00735092163086,0.0,0.0,0,0,0.3976144790649414,2
1278,51.07671618461609,31.251100862062543,17.00282096862793,0.0,0.0,0,0,0.3996701240539551,2
1279,51.10770606994629,31.257854885828415,15.998363494873047,0.0,0.0,0,0,0.3976144790649414,2
1280,51.13971185684204,32.25097653246394,15.99884033203125,0.0,0.0,0,0,0.3996295928955078,2
1281,51.16971492767334,33.333894951004154,14.997720718383789,0.0,0.0,0,0,0.3976144790649414,2
1282,51.20071315765381,32.26387692307692,15.994548797607422,0.0,0.0,0,0,0.3996701240539551,2
1283,51.22971272468567,33.32674368712953,15.006303787231445,0.0,0.0,0,0,0.3976144790649414,2
1284,51.26071310043335,33.325684501581144,16.00790023803711,0.0,0.0,0,0,0.39970970153808594,2
1285,51.29471445083618,28.57564092956077,16.00933074951172,0.0,0.0,0,0,0.3976144790649414,2
1286,51.32871460914612,29.411627760208123,18.001317977905273,0.0,0.0,0,0,0.3996701240539551,2
1287,51.3617148399353,30.302818376886563,17.002105712890625,0.0,0.0,0,0,0.3976144790649414,2
1288,51.39570665359497,29.418848020649214,18.993377685546875,0.0,0.0,0,0,0.39971065521240234,2
1289,51.428711891174316,30.298221535171994,16.999483108520508,0.0,0.0,0,0,0.3976144790649414,2
1290,51.46237111091614,30.618039536309748,17.00615882873535,0.0,0.0,0,0,0.3996295928955078,2
1291,51.495373010635376,30.301723764250315,16.001462936401367,0.0,0.0,0,0,0.3976144790649414,2
1292,51.528379678726196,29.406678772496864,18.004179000854492,0.0,0.0,0,0,0.3996295928955078,2
1293,51.56037139892578,31.258087835269745,17.00615882873535,0.0,0.0,0,0,0.3976144790649414,2
1294,51.59648108482361,28.570969258121426,18.996238708496094,0.0,0.0,0,0,0.39971065521240234,2
1295,51.63037467002869,28.56921777511375,19.008636474609375,0.0,0.0,0,0,0.3976144790649414,2
1296,51.67336440086365,23.261369182306225,26.99136734008789,0.0,0.0,0,0,0.3990449905395508,2
1297,51.712366819381714,25.63943565542705,18.001079559326172,0.0,0.0,0,0,0.3976144790649414,2
1298,51.75036859512329,27.02672191042006,20.002126693725586,0.0,0.0,0,0,0.39971065521240234,2
1299,51.78636431694031,27.029160249263743,18.995285034179688,0.0,0.0,0,0,0.3976144790649414,2
1300,51.90542531013489,8.399056426194186,102.06103324890137,0.0,0.0,0,0,0.3996701240539551,2
1301,51.9394314289093,30.308292626528313,16.000747680664062,0.0,0.0,0,0,0.3976144790649414,2
1302,51.97541856765747,27.027766858910333,20.992755889892578,0.0,0.0,0,0,0.3996701240539551,2
1303,52.00950837135315,30.226385996267016,16.999483108520508,0.0,0.0,0,0,0.3976144790649414,2
1304,52.04350686073303,29.413071528751754,17.990589141845703,0.0,0.0,0,0,0.39946794509887695,2
1305,52.07765793800354,29.411009045648974,17.99917221069336,0.0,0.0,0,0,0.3976144790649414,2
1306,52.17859077453613,9.795358635008045,84.92875099182129,0.0,0.0,0,0,0.3996295928955078,2
1307,52.21058964729309,31.251100862062543,16.005277633666992,0.0,0.0,0,0,0.3976144790649414,2
1308,52.24459624290466,29.406060266135704,18.012046813964844,0.0,0.0,0,0,0.3996701240539551,2
1309,52.28159284591675,27.02950861930079,16.99662208557129,0.0,0.0,0,0,0.3976144790649414,2
1310,52.31758666038513,28.568439407149086,17.009735107421875,0.0,0.0,0,0,0.39971065521240234,2
1311,52.35160040855408,28.568244821784944,18.012523651123047,0.0,0.0,0,0,0.3976144790649414,2
1312,52.45058560371399,10.102520870767437,81.99572563171387,0.0,0.0,0,0,0.40035438537597656,2
1313,52.48358654975891,30.30216159981505,17.002344131469727,0.0,0.0,0,0,0.3976144790649414,2
1314,52.51758646965027,29.411834004179347,18.00060272216797,0.0,0.0,0,0,0.3995485305786133,2
1315,52.55159115791321,30.295814222254325,16.0067081451416,0.0,0.0,0,0,0.3976144790649414,2
1316,52.58559060096741,28.574472868481113,18.001317977905273,0.0,0.0,0,0,0.3996701240539551,2
1317,52.61958885192871,30.307854613772673,15.997648239135742,0.0,0.0,0,0,0.3976144790649414,2
1318,52.65559697151184,27.77666373070377,19.988536834716797,0.0,0.0,0,0,0.3996701240539551,2
1319,52.69358706474304,25.640846318904014,21.001815795898438,0.0,0.0,0,0,0.3976144790649414,2
1320,52.73060154914856,27.016450885668277,21.00539207458496,0.0,0.0,0,0,0.3996295928955078,2
1321,52.770586013793945,25.009713369149768,19.001483917236328,0.0,0.0,0,0,0.3976144790649414,2
1322,52.81160521507263,24.378826715955523,23.01311492919922,0.0,0.0,0,0,0.3997764587402344,2
1323,52.84759879112244,27.782735414127497,18.996715545654297,0.0,0.0,0,0,0.3976144790649414,2
1324,52.886595249176025,25.64335454840031,21.99101448059082,0.0,0.0,0,0,0.3996305465698242,2
1325,52.921597480773926,28.569606975001705,16.993045806884766,0.0,0.0,0,0,0.3976144790649414,2
1326,52.95660424232483,29.412452753448385,16.995668411254883,0.0,0.0,0,0,0.3996701240539551,2
1327,52.989601612091064,29.40750348811936,16.996145248413086,0.0,0.0,0,0,0.3976144790649414,2
1328,53.02259683609009,30.30741661367709,16.996145248413086,0.0,0.0,0,0,0.39958906173706055,2
1329,53.05460572242737,32.24998462200898,15.009403228759766,0.0,0.0,0,0,0.3976144790649414,2
1330,53.08659529685974,30.311578125790437,16.991376876831055,0.0,0.0,0,0,0.399569034576416,2
1331,53.11660552024841,33.321977882293126,15.010833740234375,0.0,0.0,0,0,0.3976144790649414,2
1332,53.1476047039032,32.25891401322873,15.996456146240234,0.0,0.0,0,0,0.3996701240539551,2
1333,53.180603981018066,30.303694123937028,14.998197555541992,0.0,0.0,0,0,0.3976144790649414,2
1334,53.21160125732422,32.26089899393902,16.000032424926758,0.0,0.0,0,0,0.3996701240539551,2
1335,53.241605281829834,33.32886226022281,16.001462936401367,0.0,0.0,0,0,0.3976144790649414,2
1336,53.271604776382446,33.333894951004154,16.00337028503418,0.0,0.0,0,0,0.3996295928955078,2
1337,53.302597522735596,32.265614302308585,16.001224517822266,0.0,0.0,0,0,0.3976144790649414,2
1338,53.335612058639526,30.28968824247326,18.015384674072266,0.0,0.0,0,0,0.39958906173706055,2
1339,53.368600845336914,30.31333068333755,17.998695373535156,0.0,0.0,0,0,0.3976144790649414,2
1340,53.40159726142883,30.3063216688223,18.998384475708008,0.0,0.0,0,0,0.3996701240539551,2
1341,53.43367338180542,31.175840103465962,17.078638076782227,0.0,0.0,0,0,0.3976144790649414,2
1342,53.467599630355835,29.475702228437704,17.996788024902344,0.0,0.0,0,0,0.3996701240539551,2
1343,53.50059676170349,30.305664739884392,16.99662208557129,0.0,0.0,0,0,0.3976144790649414,2
1344,53.5335955619812,30.304132016444257,17.994403839111328,0.0,0.0,0,0,0.3996701240539551,2
1345,53.57063317298889,27.753872622001655,17.02260971069336,0.0,0.0,0,0,0.3976144790649414,2
1346,53.60563135147095,27.77408866668874,19.00506019592285,0.0,0.0,0,0,0.3996701240539551,2
1347,53.64263439178467,27.024806381361064,18.007993698120117,0.0,0.0,0,0,0.3976144790649414,2
1348,53.68062734603882,26.320669703929617,20.999670028686523,0.0,0.0,0,0,0.399630069732666,2
1349,53.71562743186951,28.57135850573225,18.992900848388672,0.0,0.0,0,0,0.3976144790649414,2
1350,53.75263333320618,27.02271702294896,20.006895065307617,0.0,0.0,0,0,0.39958953857421875,2
1351,53.78762912750244,28.57486221156401,18.004179000854492,0.0,0.0,0,0,0.3976144790649414,2
1352,53.8256254196167,26.318357512173083,19.997835159301758,0.0,0.0,0,0,0.3996295928955078,2
1353,53.86162972450256,27.774456503744712,19.00649070739746,0.0,0.0,0,0,0.3976144790649414,2
1354,53.899624824523926,26.319183248307322,20.994186401367188,0.0,0.0,0,0,0.3996100425720215,2
1355,53.934632301330566,28.5653263593767,18.004655838012695,0.0,0.0,0,0,0.3976144790649414,2
1356,53.96963047981262,28.572915602242613,18.00251007080078,0.0,0.0,0,0,0.3996295928955078,2
1357,54.00762963294983,27.030031191194286,16.993284225463867,0.0,0.0,0,0,0.3976144790649414,2
1358,54.04322695732117,28.093127930341595,17.513751983642578,0.0,0.0,0,0,0.3996295928955078,2
1359,54.077221393585205,29.411834004179347,16.993045806884766,0.0,0.0,0,0,0.3976144790649414,2
1360,54.112221479415894,27.778319381159267,18.994808197021484,0.0,0.0,0,0,0.3996701240539551,2
1361,54.147226095199585,29.409977912561793,16.994714736938477,0.0,0.0,0,0,0.3976144790649414,2
1362,54.182220697402954,28.5653263593767,18.002748489379883,0.0,0.0,0,0,0.39971065521240234,2
1363,54.21623110771179,29.418641678298133,16.99542999267578,0.0,0.0,0,0,0.3976144790649414,2
1364,54.250221729278564,28.572526312204094,18.99409294128418,0.0,0.0,0,0,0.39971065521240234,2
1365,54.28222632408142,31.24551353203662,16.991853713989258,0.0,0.0,0,0,0.3976144790649414,2
1366,54.31722140312195,28.575446246082574,17.997264862060547,0.0,0.0,0,0,0.39971065521240234,2
1367,54.351279497146606,29.36159607980399,18.058061599731445,0.0,0.0,0,0,0.3976144790649414,2
1368,54.38523030281067,29.45438202247191,17.958402633666992,0.0,0.0,0,0,0.3996701240539551,2
1369,54.42221999168396,27.785128018283594,15.99264144897461,0.0,0.0,0,0,0.3976144790649414,2
1370,54.457221269607544,27.777399550984455,17.99297332763672,0.0,0.0,0,0,0.3996701240539551,2
1371,54.4902286529541,30.29625188705821,17.00592041015625,0.0,0.0,0,0,0.3976144790649414,2
1372,54.52353477478027,30.024510365364794,18.312454223632812,0.0,0.0,0,0,0.39958906173706055,2
1373,54.60766077041626,12.03112836002421,67.3971176147461,0.0,0.0,0,0,0.3976144790649414,2
1374,54.640665769577026,29.73861130609264,17.62676239013672,0.0,0.0,0,0,0.3996701240539551,2
1375,54.67465281486511,29.0917565458644,17.99488067626953,0.0,0.0,0,0,0.3976144790649414,2
1376,54.711652994155884,27.02689606289065,19.991397857666016,0.0,0.0,0,0,0.3996295928955078,2
1377,54.748653173446655,27.77776747574423,18.99886131286621,0.0,0.0,0,0,0.3976144790649414,2
1378,54.78565430641174,26.314889986134553,20.985841751098633,0.0,0.0,0,0,0.3996295928955078,2
1379,54.82165265083313,28.561436003595457,19.00649070739746,0.0,0.0,0,0,0.3976144790649414,2
1380,54.858652114868164,26.325791003182214,19.998550415039062,0.0,0.0,0,0,0.39958953857421875,2
1381,54.898653984069824,24.99883180355227,18.993377685546875,0.0,0.0,0,0,0.3976144790649414,2
1382,54.93565821647644,27.023935776092575,19.00458335876465,0.0,0.0,0,0,0.39971017837524414,2
1383,54.971654176712036,28.57486221156401,19.001007080078125,0.0,0.0,0,0,0.3976144790649414,2
1384,55.005661487579346,28.5653263593767,17.002344131469727,0.0,0.0,0,0,0.39971065521240234,2
1385,55.03865718841553,31.25179941882125,16.002416610717773,0.0,0.0,0,0,0.3976144790649414,2
1386,55.07065796852112,30.304569921606877,17.003774642944336,0.0,0.0,0,0,0.39971065521240234,2
1387,55.10165858268738,32.257425437989326,16.00050926208496,0.0,0.0,0,0,0.3976144790649414,2
1388,55.13365197181702,31.256457262091065,16.000032424926758,0.0,0.0,0,0,0.39971065521240234,2
1389,55.163657903671265,33.32674368712953,14.999866485595703,0.0,0.0,0,0,0.3976144790649414,2
1390,55.19466543197632,33.32859742385595,15.003681182861328,0.0,0.0,0,0,0.39971065521240234,2
1391,55.224658250808716,32.26213973093756,15.000104904174805,0.0,0.0,0,0,0.3976144790649414,2
1392,55.25465250015259,33.3397241763046,15.99431037902832,0.0,0.0,0,0,0.39971065521240234,2
1393,55.289666414260864,29.402143663294847,16.00360870361328,0.0,0.0,0,0,0.3976144790649414,2
1394,55.32466530799866,28.5723316711627,17.007827758789062,0.0,0.0,0,0,0.3996295928955078,2
1395,55.3566689491272,30.29712725460311,17.01664924621582,0.0,0.0,0,0,0.3976144790649414,2
1396,55.389671325683594,30.30084813107743,18.011808395385742,0.0,0.0,0,0,0.3996295928955078,2
1397,55.42265272140503,31.266476328207116,16.99995994567871,0.0,0.0,0,0,0.3976144790649414,2
1398,55.45565843582153,29.40832825000175,17.992258071899414,0.0,0.0,0,0,0.39971065521240234,2
1399,55.487656116485596,31.252265140677157,16.001462936401367,0.0,0.0,0,0,0.3976144790649414,2
1400,55.521655797958374,29.41204025104309,17.996788024902344,0.0,0.0,0,0,0.39971065521240234,2
1401,55.55467081069946,30.289250767286514,17.004966735839844,0.0,0.0,0,0,0.3976144790649414,2
1402,55.58892107009888,29.196859163557388,18.069982528686523,0.0,0.0,0,0,0.3996701240539551,2
1403,55.6219277381897,30.296908407974573,18.007278442382812,0.0,0.0,0,0,0.3976144790649414,2
1404,55.65792202949524,28.576419690001703,19.001007080078125,0.0,0.0,0,0,0.3996701240539551,2
1405,55.69692397117615,24.99853381173189,20.002126693725586,0.0,0.0,0,0,0.3976144790649414,2
1406,55.73692178726196,25.001365020892568,20.99752426147461,0.0,0.0,0,0,0.39958953857421875,2
1407,55.773921251297,27.027418533768937,19.001245498657227,0.0,0.0,0,0,0.3976144790649414,2
1408,55.811922550201416,26.314889986134553,21.003246307373047,0.0,0.0,0,0,0.3996100425720215,2
1409,55.84793400764465,27.76893997073681,19.005775451660156,0.0,0.0,0,0,0.3976144790649414,2
1410,55.88493323326111,27.02759269521735,21.00372314453125,0.0,0.0,0,0,0.39958953857421875,2
1411,55.92192530632019,27.780527222148628,17.997264862060547,0.0,0.0,0,0,0.3976144790649414,2
1412,55.956932067871094,27.77592794940565,19.009113311767578,0.0,0.0,0,0,0.3996701240539551,2
1413,55.99098515510559,30.2556030844917,17.05622673034668,0.0,0.0,0,0,0.3976144790649414,2
1414,56.02592182159424,27.825680830596742,18.999814987182617,0.0,0.0,0,0,0.3996100425720215,2
1415,56.06092095375061,28.57213703277315,18.998146057128906,0.0,0.0,0,0,0.3976144790649414,2
1416,56.09492039680481,29.412246500799416,17.98725128173828,0.0,0.0,0,0,0.3996701240539551,2
1417,56.13891959190369,23.256725885510235,16.988039016723633,0.0,0.0,0,0,0.3976144790649414,2
1418,56.173919677734375,27.7770316359711,19.000768661499023,0.0,0.0,0,0,0.3996701240539551,2
1419,56.20792055130005,30.295376570095417,16.002655029296875,0.0,0.0,0,0,0.3976144790649414,2
1420,56.243927240371704,27.78199931113054,19.001483917236328,0.0,0.0,0,0,0.3996701240539551,2
1421,56.27691984176636,30.294720115565188,16.0067081451416,0.0,0.0,0,0,0.3976144790649414,2
1422,56.309924840927124,29.41761000995946,18.00370216369629,0.0,0.0,0,0,0.3996295928955078,2
1423,56.34292435646057,30.303475182429015,17.003774642944336,0.0,0.0,0,0,0.3976144790649414,2
1424,56.37793183326721,29.41204025104309,17.995119094848633,0.0,0.0,0,0,0.3996295928955078,2
1425,56.41093039512634,29.40626643203186,17.009735107421875,0.0,0.0,0,0,0.3976144790649414,2
1426,56.44692826271057,27.77942325778549,20.007848739624023,0.0,0.0,0,0,0.39958906173706055,2
1427,56.479923486709595,30.30741661367709,16.997098922729492,0.0,0.0,0,0,0.3976144790649414,2
1428,56.514925479888916,28.569801578922274,18.990278244018555,0.0,0.0,0,0,0.3996701240539551,2
1429,56.55092215538025,27.78034322199482,16.988039016723633,0.0,0.0,0,0,0.3976144790649414,2
1430,56.585928201675415,28.566493672782748,18.000125885009766,0.0,0.0,0,0,0.39958906173706055,2
1431,56.61957097053528,29.72406950704425,16.649246215820312,0.0,0.0,0,0,0.3976144790649414,2
1432,56.655571699142456,27.777215592259502,19.991159439086914,0.0,0.0,0,0,0.39946794509887695,2
1433,56.70285081863403,21.15098611720448,19.002914428710938,0.0,0.0,0,0,0.3976144790649414,2
1434,56.74086141586304,26.308452718468526,21.013975143432617,0.0,0.0,0,0,0.3996295928955078,2
1435,56.777846574783325,27.78862564265649,18.993139266967773,0.0,0.0,0,0,0.3976144790649414,2
1436,56.814846992492676,26.316045726619066,20.991086959838867,0.0,0.0,0,0,0.3996701240539551,2
1437,56.851847887039185,27.772249627545108,19.005775451660156,0.0,0.0,0,0,0.3976144790649414,2
1438,56.88884878158569,26.319513557269346,21.001815795898438,0.0,0.0,0,0,0.3996100425720215,2
1439,56.9238486289978,28.571553133514985,18.00084114074707,0.0,0.0,0,0,0.3976144790649414,2
1440,56.95884943008423,28.570774638293233,17.994165420532227,0.0,0.0,0,0,0.3996295928955078,2
1441,56.996851444244385,27.02567704272634,16.005277633666992,0.0,0.0,0,0,0.3976144790649414,2
1442,57.03085541725159,29.416784727384943,15.993833541870117,0.0,0.0,0,0,0.3996295928955078,2
1443,57.06285309791565,31.237368922783602,14.99485969543457,0.0,0.0,0,0,0.3976144790649414,2
1444,57.09585738182068,30.31464523449866,16.989469528198242,0.0,0.0,0,0,0.39971065521240234,2
1445,57.12729215621948,30.82007495040047,16.43967628479004,0.0,0.0,0,0,0.3976144790649414,2
1446,57.15929698944092,32.25048056960955,16.009092330932617,0.0,0.0,0,0,0.3996701240539551,2
1447,57.1882905960083,33.34316967692699,14.998912811279297,0.0,0.0,0,0,0.3976144790649414,2
1448,57.21929693222046,33.32436061431874,16.008377075195312,0.0,0.0,0,0,0.39971065521240234,2
1449,57.24940896034241,32.14370890363717,17.117977142333984,0.0,0.0,0,0,0.3976144790649414,2
1450,57.28029727935791,32.37469800470843,17.003774642944336,0.0,0.0,0,0,0.3996701240539551,2
1451,57.31230854988098,32.265117889149586,15.99264144897461,0.0,0.0,0,0,0.3976144790649414,2
1452,57.34429979324341,30.294501303710337,18.007755279541016,0.0,0.0,0,0,0.3996701240539551,2
1453,57.379297494888306,28.57330490288914,17.004966735839844,0.0,0.0,0,0,0.3976144790649414,2
1454,57.413291931152344,30.30938771380878,16.999483108520508,0.0,0.0,0,0,0.39958906173706055,2
1455,57.44529604911804,30.298002672734498,16.9985294342041,0.0,0.0,0,0,0.3976144790649414,2
1456,57.47930645942688,29.402762004907114,18.007516860961914,0.0,0.0,0,0,0.39971065521240234,2
1457,57.51229286193848,30.31552166528134,17.001867294311523,0.0,0.0,0,0,0.3976144790649414,2
1458,57.54629731178284,30.298440400771494,16.998291015625,0.0,0.0,0,0,0.39971065521240234,2
1459,57.579299211502075,29.410596583737693,17.99488067626953,0.0,0.0,0,0,0.3976144790649414,2
1460,57.61330056190491,30.306540651463916,17.993688583374023,0.0,0.0,0,0,0.39971065521240234,2
1461,57.64636564254761,29.351117207017445,17.972469329833984,0.0,0.0,0,0,0.3976144790649414,2
1462,57.68665385246277,24.82115740822933,23.27585220336914,0.0,0.0,0,0,0.399630069732666,2
1463,57.718670129776,31.23411226784624,14.991521835327148,0.0,0.0,0,0,0.3976144790649414,1
1464,57.754679918289185,27.770226965756507,17.011165618896484,0.0,0.0,0,0,0.3980979919433594,1
1465,57.79167652130127,27.02950861930079,14.003515243530273,0.0,0.0,0,0,0.3976144790649414,1
1466,57.827678203582764,28.5723316711627,17.00305938720703,0.0,0.0,0,0,0.3980979919433594,1
1467,57.86366820335388,27.032295902912495,13.992786407470703,0.0,0.0,0,0,0.3976144790649414,1
1468,57.89667010307312,30.30128594133796,14.002561569213867,0.0,0.0,0,0,0.3980979919433594,1
1469,57.92666983604431,33.333630034650476,10.998249053955078,0.0,0.0,0,0,0.3990516662597656,1
1470,57.958669900894165,32.25494478452121,13.002634048461914,0.0,0.0,0,0,0.3980979919433594,1
1471,57.98919343948364,32.76441639195713,12.52436637878418,0.0,0.0,0,0,0.3990516662597656,1
1472,58.02218842506409,30.307854613772673,13.9923095703125,0.0,0.0,0,0,0.3980979919433594,1
1473,58.05318903923035,31.24947101773208,11.998414993286133,0.0,0.0,0,0,0.3976144790649414,1
1474,58.08419632911682,32.25048056960955,13.009071350097656,0.0,0.0,0,0,0.3980979919433594,1
1475,58.11420011520386,33.3291271007986,13.006925582885742,0.0,0.0,0,0,0.399045467376709,1
1476,58.14583373069763,31.611941423414052,15.074491500854492,0.0,0.0,0,0,0.3990650177001953,1
1477,58.177842140197754,31.241789755163758,12.008905410766602,0.0,0.0,0,0,0.3976144790649414,1
1478,58.20883584022522,32.26462149126518,12.995719909667969,0.0,0.0,0,0,0.3980979919433594,1
1479,58.236836671829224,35.713225026395556,11.995553970336914,0.0,0.0,0,0,0.3990511894226074,1
1480,58.26888608932495,32.20837940778966,14.022350311279297,0.0,0.0,0,0,0.3980979919433594,1
1481,58.29890489578247,32.23684756627136,13.008594512939453,0.0,0.0,0,0,0.3990511894226074,1
1482,58.33088302612305,31.27137169527161,13.993263244628906,0.0,0.0,0,0,0.3980979919433594,1
1483,58.36088299751282,33.33336512250753,11.991739273071289,0.0,0.0,0,0,0.3990511894226074,1
1484,58.39389181137085,31.248306947289997,14.998674392700195,0.0,0.0,0,0,0.3980979919433594,1
1485,58.42389106750488,32.25147251057286,12.006044387817383,0.0,0.0,0,0,0.3990488052368164,1
1486,58.45488619804382,32.263132389252554,13.995647430419922,0.0,0.0,0,0,0.3980979919433594,1
1487,58.48388385772705,34.48554162384378,11.993408203125,0.0,0.0,0,0,0.3990516662597656,1
1488,58.51388955116272,33.3270084940367,12.99285888671875,0.0,0.0,0,0,0.3980979919433594,1
1489,58.547887086868286,30.252766117049667,12.05754280090332,0.0,0.0,0,0,0.3976144790649414,1
1490,58.57888579368591,31.30731794703371,13.996124267578125,0.0,0.0,0,0,0.3980979919433594,1
1491,58.60788178443909,34.487526517456295,12.000322341918945,0.0,0.0,0,0,0.3990511894226074,1
1492,58.641966819763184,30.298659269533054,15.002965927124023,0.0,0.0,0,0,0.3980979919433594,1
1493,58.672887086868286,31.24947101773208,13.997316360473633,0.0,0.0,0,0,0.4011044502258301,1
1494,58.70589017868042,31.24737575337669,13.997077941894531,0.0,0.0,0,0,0.39785289764404297,1
1495,58.73803162574768,31.115938158402326,11.995553970336914,0.0,0.0,0,0,0.40254878997802734,1
1496,58.77103018760681,29.40956547957116,15.012025833129883,0.0,0.0,1,0,0.40045785903930664,1
1497,58.8100209236145,25.647117812876438,12.997865676879883,0.0,0.0,0,0,0.40254783630371094,1
1498,58.84902858734131,25.635988020292157,21.005630493164062,0.0,0.0,0,0,0.40009593963623047,1
1499,58.9020209312439,18.870650481855076,18.9974308013916,0.0,0.0,0,0,0.3991541862487793,1
1500,58.94902586936951,21.274360522031113,19.007444381713867,0.0,0.0,0,0,0.3996396064758301,1
1501,58.99802613258362,20.40805363902648,12.008190155029297,0.0,0.0,0,0,0.3991518020629883,1
1502,59.03001856803894,31.257388997361872,13.996601104736328,0.0,0.0,0,0,0.4003267288208008,1
1503,59.06102657318115,32.249736653928665,10.999917984008789,0.0,0.0,0,0,0.3976144790649414,1
1504,59.09202027320862,32.26462149126518,12.992382049560547,0.0,0.0,0,0,0.3980979919433594,1
1505,59.12102794647217,35.702889051567105,9.98830795288086,0.0,0.0,0,0,0.3976144790649414,1
1506,59.15201807022095,31.260883499414927,14.999151229858398,0.0,0.0,0,0,0.39858150482177734,1
1507,59.18003225326538,35.69620425531915,11.009454727172852,0.0,0.0,0,0,0.39777421951293945,1
1508,59.209030866622925,34.48440750150046,12.009143829345703,0.0,0.0,0,0,0.39980649948120117,1
1509,59.237022161483765,35.72539266123812,10.984182357788086,0.0,0.0,0,0,0.4006061553955078,1
1510,59.26802611351013,33.33415987156867,11.99960708618164,0.0,0.0,0,0,0.39970970153808594,1
1511,59.301023721694946,30.29931589479083,13.002872467041016,0.0,0.0,0,0,0.3992776870727539,1
1512,59.33901882171631,25.645392846224397,15.991449356079102,0.0,0.0,0,0,0.3993239402770996,1
1513,59.37502336502075,27.774272583998833,11.998653411865234,0.0,0.0,0,0,0.3993539810180664,1
1514,59.411022663116455,27.778319381159267,15.993356704711914,0.0,0.0,0,0,0.3994941711425781,1
1515,59.44502544403076,30.299097016542657,12.998342514038086,0.0,0.0,0,0,0.3993721008300781,1
1516,59.477036476135254,30.294282495016322,14.010906219482422,0.0,0.0,0,0,0.4001283645629883,1
1517,59.518030881881714,24.393572288490954,14.001131057739258,0.0,0.0,0,0,0.3976144790649414,1
1518,59.558024644851685,25.003898751684094,22.998332977294922,0.0,0.0,0,0,0.3996100425720215,2
1519,59.59602642059326,26.314559793212915,18.997907638549805,0.0,0.0,0,0,0.3976144790649414,2
1520,59.63498115539551,25.67082037848557,20.993709564208984,0.0,0.0,0,0,0.39946794509887695,2
1521,59.76868462562561,7.479237436986553,114.70603942871094,0.0,0.0,0,0,0.3976144790649414,2
1522,59.81271004676819,22.714149553764837,23.024559020996094,0.0,0.0,0,0,0.3996295928955078,2
1523,59.851710081100464,25.641003068872344,20.00117301940918,0.0,0.0,0,0,0.3976144790649414,2
1524,59.88972020149231,26.308782758144844,19.96636390686035,0.0,0.0,0,0,0.3995485305786133,2
1525,59.93471693992615,22.223832988925977,23.006200790405273,0.0,0.0,0,0,0.3976144790649414,2
1526,59.971715688705444,27.027941024847923,17.99631118774414,0.0,0.0,0,0,0.39958953857421875,2
1527,60.00797939300537,28.360779222535516,18.25737953186035,0.0,0.0,0,0,0.3976144790649414,2
1528,60.04197669029236,28.57058002111645,17.99750328063965,0.0,0.0,0,0,0.3996100425720215,2
1529,60.07597231864929,29.415546890341403,17.9901123046875,0.0,0.0,0,0,0.3976144790649414,2
1530,60.110005617141724,29.382987964636488,18.030166625976562,0.0,0.0,0,0,0.3995485305786133,2
1531,60.14401125907898,30.284876710350556,17.003297805786133,0.0,0.0,0,0,0.3976144790649414,2
1532,60.179019927978516,27.78199931113054,19.011259078979492,0.0,0.0,0,0,0.39971017837524414,2
1533,60.21252727508545,29.844200939234383,16.991615295410156,0.0,0.0,0,0,0.3976144790649414,2
1534,60.24675893783569,30.298002672734498,17.006874084472656,0.0,0.0,0,0,0.39958953857421875,2
1535,60.279765367507935,30.088048148865504,16.00027084350586,0.0,0.0,0,0,0.3976144790649414,2
1536,60.323760747909546,22.226070552326043,17.996788024902344,0.0,0.0,0,0,0.39958953857421875,2
1537,60.36076831817627,27.021498379729547,16.99662208557129,0.0,0.0,0,0,0.3976144790649414,2
1538,60.39482307434082,29.364473942143437,18.000364303588867,0.0,0.0,0,0,0.39958953857421875,2
1539,60.42782926559448,31.241789755163758,17.00615882873535,0.0,0.0,0,0,0.3976144790649414,2
1540,60.462822675704956,28.57330490288914,18.006563186645508,0.0,0.0,0,0,0.3996100425720215,2
1541,60.495830059051514,30.303256244084647,16.00480079650879,0.0,0.0,0,0,0.3976144790649414,2
1542,60.54082632064819,21.740368118511146,18.003225326538086,0.0,0.0,0,0,0.399569034576416,2
1543,60.58182191848755,25.003153483436762,24.992942810058594,0.0,0.0,0,0,0.3976144790649414,2
1544,60.623822927474976,23.254920659562437,25.986671447753906,0.0,0.0,0,0,0.4007244110107422,2
1545,60.65882468223572,29.409977912561793,19.00005340576172,0.0,0.0,0,0,0.3976144790649414,2
1546,60.698851585388184,24.997639878894795,22.006511688232422,0.0,0.0,0,0,0.39958953857421875,2
1547,60.73692035675049,26.25279471226669,17.996549606323242,0.0,0.0,0,0,0.3976144790649414,2
1548,60.775941133499146,25.630348435036602,22.014856338500977,0.0,0.0,0,0,0.3996100425720215,2
1549,60.81494331359863,24.99555428421592,19.007444381713867,0.0,0.0,0,0,0.3976144790649414,2
1550,60.8539400100708,25.64319776968037,20.000219345092773,0.0,0.0,0,0,0.39958953857421875,2
1551,60.89193367958069,27.02619946647422,17.99464225769043,0.0,0.0,0,0,0.3976144790649414,2
1552,60.92694354057312,28.57058002111645,18.00823211669922,0.0,0.0,0,0,0.39979028701782227,2
1553,60.9609375,29.412659008990055,16.99542999267578,0.0,0.0,0,0,0.3976144790649414,2
1554,60.99630904197693,28.27322058119704,17.357349395751953,0.0,0.0,0,0,0.3996100425720215,2
1555,61.02731418609619,31.24621183902737,16.005992889404297,0.0,0.0,0,0,0.3976144790649414,2
1556,61.05830907821655,32.26338056337595,17.000675201416016,0.0,0.0,0,0,0.39958953857421875,2
1557,61.089314222335815,32.25271252258833,14.998197555541992,0.0,0.0,0,0,0.3976144790649414,2
1558,61.12330389022827,30.31201624617875,18.991947174072266,0.0,0.0,0,0,0.39958953857421875,2
1559,61.152302265167236,33.335749483388966,14.997720718383789,0.0,0.0,0,0,0.3976144790649414,2
1560,61.183369636535645,33.306895155206504,16.02458953857422,0.0,0.0,0,0,0.40003204345703125,2
1561,61.21622085571289,29.503070375971582,15.912294387817383,0.0,0.0,0,0,0.3976144790649414,2
1562,61.24720907211304,32.270330989274775,15.993118286132812,0.0,0.0,0,0,0.3996701240539551,2
1563,61.27730059623718,33.23194916529993,16.09206199645996,0.0,0.0,0,0,0.3976144790649414,2
1564,61.310213565826416,31.33796071457924,16.99662208557129,0.0,0.0,0,0,0.3996701240539551,2
1565,61.34122061729431,31.240393567656543,16.997098922729492,0.0,0.0,0,0,0.3976144790649414,2
1566,61.37421250343323,31.24481525625745,17.017364501953125,0.0,0.0,0,0,0.39971065521240234,2
1567,61.40620970726013,30.31793211125889,16.978740692138672,0.0,0.0,0,0,0.3976144790649414,2
1568,61.44021201133728,29.40977169462052,18.002986907958984,0.0,0.0,0,0,0.3996701240539551,2
1569,61.47220993041992,31.25203227801414,16.999483108520508,0.0,0.0,0,0,0.3976144790649414,2
1570,61.50621199607849,30.302818376886563,18.001317977905273,0.0,0.0,0,0,0.39971065521240234,2
1571,61.538217544555664,30.29625188705821,17.006397247314453,0.0,0.0,0,0,0.3976144790649414,2
1572,61.57221508026123,29.413896602990267,19.00458335876465,0.0,0.0,0,0,0.3996701240539551,2
1573,61.60921573638916,27.026547760193825,18.00084114074707,0.0,0.0,0,0,0.3976144790649414,2
1574,61.645212173461914,27.780527222148628,19.002676010131836,0.0,0.0,0,0,0.3996295928955078,2
1575,61.680213928222656,28.569996185493977,18.987655639648438,0.0,0.0,0,0,0.3976144790649414,2
1576,61.71823596954346,26.300534249667663,22.023677825927734,0.0,0.0,0,0,0.39946794509887695,2
1577,61.75420904159546,27.798571068782227,18.98193359375,0.0,0.0,0,0,0.3976144790649414,2
1578,61.79421067237854,25.612506106497314,21.043062210083008,0.0,0.0,0,0,0.3996701240539551,2
1579,61.83038306236267,26.931968639437,18.954038619995117,0.0,0.0,0,0,0.3976144790649414,2
1580,61.868380308151245,26.317696960570238,20.002126693725586,0.0,0.0,0,0,0.3996701240539551,2
1581,61.90339732170105,29.4132777929719,16.988754272460938,0.0,0.0,0,0,0.3976144790649414,2
1582,61.937378883361816,29.410596583737693,17.995595932006836,0.0,0.0,0,0,0.3996295928955078,2
1583,61.98089051246643,22.46655703810039,16.510486602783203,0.0,0.0,0,0,0.3976144790649414,2
1584,62.01579761505127,29.480674477940298,17.993450164794922,0.0,0.0,0,0,0.39971065521240234,2
1585,62.0527925491333,26.328600303817808,16.999006271362305,0.0,0.0,0,0,0.3976144790649414,2
1586,62.08779239654541,29.408534447700916,17.998933792114258,0.0,0.0,0,0,0.3996295928955078,2
1587,62.12279772758484,27.77666373070377,16.962766647338867,0.0,0.0,0,0,0.3976144790649414,2
1588,62.15683341026306,29.380929698226343,18.041610717773438,0.0,0.0,0,0,0.3996701240539551,2
1589,62.189855098724365,30.28312744128286,17.058610916137695,0.0,0.0,0,0,0.3976144790649414,2
1590,62.223828077316284,29.435158218298444,18.0051326751709,0.0,0.0,0,0,0.3996295928955078,2
1591,62.25582766532898,31.250402336532158,16.99542999267578,0.0,0.0,0,0,0.3976144790649414,2
1592,62.28983783721924,29.40296812455748,18.003225326538086,0.0,0.0,0,0,0.3996295928955078,2
1593,62.322837352752686,31.191605500152452,16.05963706970215,0.0,0.0,0,0,0.3976144790649414,2
1594,62.356836795806885,28.621269917090313,19.00172233581543,0.0,0.0,0,0,0.3993067741394043,2
1595,62.39083766937256,30.296908407974573,16.979694366455078,0.0,0.0,0,0,0.3976144790649414,2
1596,62.42687916755676,27.0009720675426,21.010160446166992,0.0,0.0,0,0,0.3995485305786133,2
1597,62.46286392211914,27.78954621648303,17.002105712890625,0.0,0.0,0,0,0.3976144790649414,2
1598,62.49728226661682,30.30391306860875,16.99376106262207,0.0,0.0,0,0,0.39971017837524414,2
1599,62.529300689697266,29.906337345274085,17.00901985168457,0.0,0.0,0,0,0.3976144790649414,2
1600,62.56429433822632,28.576614386744247,18.002748489379883,0.0,0.0,0,0,0.39971065521240234,2
1601,62.60029721260071,27.77556007337408,20.00594139099121,0.0,0.0,0,0,0.3976144790649414,2
1602,62.638291358947754,26.319843874522306,21.997690200805664,0.0,0.0,0,0,0.40015316009521484,2
1603,62.68229413032532,22.72584132075574,20.00260353088379,0.0,0.0,0,0,0.3976144790649414,2
1604,62.72229218482971,25.00121599389619,22.999286651611328,0.0,0.0,0,0,0.39958906173706055,2
1605,62.76155710220337,26.135014892264746,20.26510238647461,0.0,0.0,0,0,0.3976144790649414,2
1606,62.800572872161865,24.988852943454457,22.00794219970703,0.0,0.0,0,0,0.39970970153808594,2
1607,62.840895652770996,24.799877014770054,21.349668502807617,0.0,0.0,0,0,0.3976144790649414,2
1608,62.894880056381226,18.523868619908402,35.98737716674805,0.0,0.0,0,0,0.3996291160583496,2
1609,62.934879541397095,25.635988020292157,17.00305938720703,0.0,0.0,0,0,0.3976144790649414,2
1610,62.97290372848511,26.302513419956856,19.0274715423584,0.0,0.0,0,0,0.3995485305786133,2
1611,63.006887435913086,28.587326794757324,17.007112503051758,0.0,0.0,0,0,0.3976144790649414,2
1612,63.0408821105957,29.416372103461818,17.997264862060547,0.0,0.0,0,0,0.3996701240539551,2
1613,63.07488679885864,29.407709674252942,18.00537109375,0.0,0.0,0,0,0.3976144790649414,2
1614,63.10888075828552,30.30763561214241,16.993999481201172,0.0,0.0,0,0,0.39971065521240234,2
1615,63.140883922576904,31.24481525625745,16.000986099243164,0.0,0.0,0,0,0.3976144790649414,2
1616,63.17288160324097,30.30807361856795,16.99519157409668,0.0,0.0,0,0,0.39971065521240234,2
1617,63.20888900756836,27.772065737025414,17.008066177368164,0.0,0.0,0,0,0.3976144790649414,2
1618,63.24181389808655,30.37215870004417,17.927885055541992,0.0,0.0,0,0,0.3996701240539551,2
1619,63.275784730911255,30.26280700741724,18.059253692626953,0.0,0.0,0,0,0.3976144790649414,2
1620,63.31079316139221,27.827711578779756,18.999576568603516,0.0,0.0,0,0,0.3996701240539551,2
1621,63.34678363800049,27.785128018283594,16.99972152709961,0.0,0.0,0,0,0.3976144790649414,2
1622,63.381794452667236,28.56260299906024,18.00370216369629,0.0,0.0,0,0,0.39971065521240234,2
1623,63.4157829284668,30.30741661367709,16.98470115661621,0.0,0.0,0,0,0.3976144790649414,2
1624,63.44978332519531,28.576614386744247,17.99464225769043,0.0,0.0,0,0,0.3996701240539551,2
1625,63.48278474807739,30.301723764250315,16.993999481201172,0.0,0.0,0,0,0.3976144790649414,2
1626,63.51679348945618,29.40420490314982,18.011093139648438,0.0,0.0,0,0,0.3996295928955078,2
1627,63.550793170928955,30.311140018066848,16.996145248413086,0.0,0.0,0,0,0.3976144790649414,2
1628,63.58478379249573,29.4019375552035,18.013954162597656,0.0,0.0,0,0,0.39971065521240234,2
1629,63.61679124832153,30.30741661367709,17.00758934020996,0.0,0.0,0,0,0.3976144790649414,2
1630,63.651798486709595,29.380518079547205,18.04041862487793,0.0,0.0,0,0,0.39971065521240234,2
1631,63.68678164482117,27.81313369097432,18.998146057128906,0.0,0.0,0,0,0.3976144790649414,2
1632,63.72435712814331,26.613097466418786,20.573854446411133,0.0,0.0,0,0,0.3997359275817871,2
1633,63.76434278488159,25.650097847358122,19.000530242919922,0.0,0.0,0,0,0.3976144790649414,2
1634,63.8030149936676,25.206911265362542,22.13120460510254,0.0,0.0,0,0,0.399630069732666,2
1635,63.83954310417175,27.376176489785262,19.527196884155273,0.0,0.0,0,0,0.3976144790649414,2
1636,63.876545429229736,27.02532877144827,21.005868911743164,0.0,0.0,0,0,0.3996295928955078,2
1637,63.918551445007324,24.393288551571725,17.999649047851562,0.0,0.0,0,0,0.3976144790649414,2
1638,63.95256066322327,28.55482483014038,18.01609992980957,0.0,0.0,0,0,0.3996701240539551,2
1639,63.98655080795288,29.420292498158734,17.991065979003906,0.0,0.0,0,0,0.3976144790649414,2
1640,64.0205397605896,29.42132435465769,18.00084114074707,0.0,0.0,0,0,0.3996295928955078,2
1641,64.0535979270935,30.249711516270484,17.058134078979492,0.0,0.0,0,0,0.3976144790649414,2
1642,64.08753752708435,29.464106833013705,17.992258071899414,0.0,0.0,0,0,0.3996305465698242,2
1643,64.1215455532074,29.404823331463824,18.00251007080078,0.0,0.0,0,0,0.3976144790649414,2
1644,64.15554022789001,29.416372103461818,18.002033233642578,0.0,0.0,0,0,0.3996701240539551,2
1645,64.192547082901,27.77960724575289,15.99884033203125,0.0,0.0,0,0,0.3976144790649414,2
1646,64.22656106948853,28.552492205475907,17.013072967529297,0.0,0.0,0,0,0.3996701240539551,2
1647,64.25854706764221,31.263679663682645,16.005992889404297,0.0,0.0,0,0,0.3976144790649414,2
1648,64.29254341125488,29.414928010884278,18.00537109375,0.0,0.0,0,0,0.39971065521240234,2
1649,64.32754039764404,29.414102878782565,17.002344131469727,0.0,0.0,0,0,0.3976144790649414,2
1650,64.36053848266602,29.413690330091097,17.999649047851562,0.0,0.0,0,0,0.39958953857421875,2
1651,64.3945381641388,30.29712725460311,17.99941062927246,0.0,0.0,0,0,0.3976144790649414,2
1652,64.43154382705688,27.030205386315743,21.001338958740234,0.0,0.0,0,0,0.40015316009521484,2
1653,64.46354532241821,30.298659269533054,17.005205154418945,0.0,0.0,0,0,0.3976144790649414,2
1654,64.49658036231995,30.270888213685144,18.029212951660156,0.0,0.0,0,0,0.3996701240539551,2
1655,64.5296003818512,30.284658040665434,17.060041427612305,0.0,0.0,0,0,0.3976144790649414,2
1656,64.56354022026062,29.463899855290332,17.995834350585938,0.0,0.0,0,0,0.39971065521240234,2
1657,64.59954500198364,27.77408866668874,16.005277633666992,0.0,0.0,0,0,0.3976144790649414,2
1658,64.63554191589355,27.780159224278393,18.9974308013916,0.0,0.0,0,0,0.3996295928955078,2
1659,64.67006731033325,28.964187556108005,18.50581169128418,0.0,0.0,0,0,0.3976144790649414,2
1660,64.70907640457153,25.635047917074125,22.017478942871094,0.0,0.0,0,0,0.3996295928955078,2
1661,64.7450635433197,27.787705129818935,19.00482177734375,0.0,0.0,0,0,0.3976144790649414,2
1662,64.78305792808533,26.31967871485944,20.998716354370117,0.0,0.0,0,0,0.40003204345703125,2
1663,64.82006168365479,27.77574401017178,19.001245498657227,0.0,0.0,0,0,0.3976144790649414,2
1664,64.85606551170349,27.02341343985568,20.0040340423584,0.0,0.0,0,0,0.39958953857421875,2
1665,64.8950583934784,25.64570645926578,18.9974308013916,0.0,0.0,0,0,0.3976144790649414,2
1666,64.93106389045715,27.773536929372657,19.997119903564453,0.0,0.0,0,0,0.40003204345703125,2
1667,64.96606612205505,28.569606975001705,18.00704002380371,0.0,0.0,0,0,0.3976144790649414,2
1668,65.00167679786682,28.88778384632868,18.532276153564453,0.0,0.0,0,0,0.3996295928955078,2
1669,65.03968334197998,25.64068957085218,17.00592041015625,0.0,0.0,0,0,0.3976144790649414,2
1670,65.07568168640137,27.779055289162052,18.999576568603516,0.0,0.0,0,0,0.3996701240539551,2
1671,65.10968279838562,29.410802813247226,17.000436782836914,0.0,0.0,0,0,0.3976144790649414,2
1672,65.14267778396606,30.30763561214241,16.995668411254883,0.0,0.0,0,0,0.39971065521240234,2
1673,65.1747317314148,32.19206385754855,15.046834945678711,0.0,0.0,0,0,0.3976144790649414,2
1674,65.20667839050293,30.360946231577728,16.999244689941406,0.0,0.0,0,0,0.3996295928955078,2
1675,65.23674297332764,33.26172878667724,16.065120697021484,0.0,0.0,0,0,0.3976144790649414,2
1676,65.26867938041687,32.32355117139334,16.99686050415039,0.0,0.0,0,0,0.3996305465698242,2
1677,65.30368161201477,27.77666373070377,18.99433135986328,0.0,0.0,0,0,0.3976144790649414,2
1678,65.34033823013306,28.048415787291525,19.32048797607422,0.0,0.0,0,0,0.399630069732666,2
1679,65.37534284591675,28.565520904986005,18.004655838012695,0.0,0.0,0,0,0.3976144790649414,2
1680,65.4113380908966,27.782367357753195,18.000364303588867,0.0,0.0,0,0,0.3995485305786133,2
1681,65.44933485984802,25.641473330276632,17.99774169921875,0.0,0.0,0,0,0.3976144790649414,2
1682,65.4863486289978,27.016972952778474,19.00315284729004,0.0,0.0,0,0,0.3996701240539551,2
1683,65.5233724117279,27.78807332763567,18.000364303588867,0.0,0.0,0,0,0.3976144790649414,2
1684,65.56033897399902,27.02637361221189,18.994569778442383,0.0,0.0,0,0,0.3996701240539551,2
1685,65.59334516525269,29.40399876615911,17.005443572998047,0.0,0.0,0,0,0.3976144790649414,2
1686,65.63333892822266,25.003898751684094,22.995710372924805,0.0,0.0,0,0,0.3996295928955078,2
1687,65.6853449344635,19.228548244387497,30.007600784301758,0.0,0.0,0,0,0.3976144790649414,2
1688,65.73433685302734,20.837638174727378,25.996923446655273,0.0,0.0,0,0,0.3995084762573242,2
1689,65.78934168815613,17.855016197761685,34.99150276184082,0.0,0.0,0,0,0.3976144790649414,2
1690,65.84850883483887,16.901271331573753,41.16344451904297,0.0,0.0,0,0,0.3996295928955078,2
1691,65.88546299934387,27.80815487635086,18.986940383911133,0.0,0.0,0,0,0.3976144790649414,2
1692,65.9214653968811,27.030031191194286,19.002437591552734,0.0,0.0,0,0,0.39971065521240234,2
1693,65.96246194839478,24.392295524332372,20.000219345092773,0.0,0.0,0,0,0.3976144790649414,2
1694,65.99947762489319,27.015580818653184,19.01531219482422,0.0,0.0,0,0,0.3996701240539551,2
1695,66.03347730636597,29.41204025104309,18.014907836914062,0.0,0.0,0,0,0.3976144790649414,2
1696,66.06846284866333,28.583235654899823,17.99321174621582,0.0,0.0,0,0,0.39971065521240234,2
1697,66.102463722229,30.302818376886563,17.000198364257812,0.0,0.0,0,0,0.3976144790649414,2
1698,66.1364734172821,28.562992018740978,18.001317977905273,0.0,0.0,0,0,0.3996701240539551,2
1699,66.1695282459259,30.252766117049667,17.0590877532959,0.0,0.0,0,0,0.3976144790649414,2
1700,66.20446252822876,29.463278939567427,18.001079559326172,0.0,0.0,0,0,0.39971065521240234,2
1701,66.23751091957092,29.37537381901207,17.049789428710938,0.0,0.0,0,0,0.3976144790649414,2
1702,66.27446365356445,27.81276482875236,20.003318786621094,0.0,0.0,0,0,0.3996295928955078,2
1703,66.3094687461853,27.775376139012504,18.005847930908203,0.0,0.0,0,0,0.3976144790649414,2
1704,66.3460431098938,27.341555630883157,19.578933715820312,0.0,0.0,0,0,0.3996701240539551,2
1705,66.38504028320312,26.317696960570238,16.99995994567871,0.0,0.0,0,0,0.3976144790649414,2
1706,66.4205732345581,27.372603276120863,18.9821720123291,0.0,0.0,0,0,0.3996701240539551,2
1707,66.45757627487183,27.024806381361064,18.0056095123291,0.0,0.0,0,0,0.3976144790649414,2
1708,66.49261784553528,28.537533594148666,18.047332763671875,0.0,0.0,0,0,0.39971065521240234,2
1709,66.5265703201294,30.34425280703785,17.000675201416016,0.0,0.0,0,0,0.3976144790649414,2
1710,66.56257486343384,27.02567704272634,19.99521255493164,0.0,0.0,0,0,0.3996701240539551,2
1711,66.59557008743286,30.30741661367709,16.997575759887695,0.0,0.0,0,0,0.3976144790649414,2
1712,66.63057160377502,28.570190794716872,18.993377685546875,0.0,0.0,0,0,0.39971065521240234,2
1713,66.66657304763794,27.77666373070377,19.978046417236328,0.0,0.0,0,0,0.3976144790649414,2
1714,66.70457100868225,27.025851181731486,20.99752426147461,0.0,0.0,0,0,0.39958953857421875,2
1715,66.74257683753967,26.314889986134553,20.001888275146484,0.0,0.0,0,0,0.3976144790649414,2
1716,66.78057312965393,25.642884217991515,21.996736526489258,0.0,0.0,0,0,0.3996295928955078,2
1717,66.82058262825012,24.994064786785213,19.009828567504883,0.0,0.0,0,0,0.3976144790649414,2
1718,66.86060547828674,24.985726880644314,20.034313201904297,0.0,0.0,0,0,0.39971065521240234,2
1719,66.89457774162292,29.43577794932978,17.00592041015625,0.0,0.0,0,0,0.3976144790649414,2
1720,66.92957210540771,28.5760303044755,19.00029182434082,0.0,0.0,0,0,0.3995485305786133,2
1721,66.96463179588318,28.522784612141365,18.050432205200195,0.0,0.0,0,0,0.3976144790649414,2
1722,66.99857521057129,29.460795538354557,17.00448989868164,0.0,0.0,0,0,0.3996295928955078,2
1723,67.03057146072388,31.2536623895322,16.001224517822266,0.0,0.0,0,0,0.3976144790649414,2
1724,67.06258726119995,31.234577462691014,17.015457153320312,0.0,0.0,0,0,0.40003204345703125,2
1725,67.09561204910278,30.280285310000288,18.04208755493164,0.0,0.0,0,0,0.3976144790649414,2
1726,67.12857413291931,30.337887785436845,17.99321174621582,0.0,0.0,0,0,0.3996295928955078,2
1727,67.1625747680664,30.301504851212623,15.987157821655273,0.0,0.0,0,0,0.3976144790649414,2
1728,67.19658017158508,28.56785565900871,17.99631118774414,0.0,0.0,0,0,0.3996701240539551,2
1729,67.23157000541687,29.41575318928093,15.005350112915039,0.0,0.0,0,0,0.3976144790649414,2
1730,67.2635703086853,31.25133371084553,16.00480079650879,0.0,0.0,0,0,0.3996701240539551,2
1731,67.29557013511658,30.306759637270133,16.984224319458008,0.0,0.0,0,0,0.3976144790649414,2
1732,67.32857513427734,30.298440400771494,18.005847930908203,0.0,0.0,0,0,0.3996701240539551,2
1733,67.36116147041321,30.687708978101657,16.588926315307617,0.0,0.0,0,0,0.3976144790649414,2
1734,67.3942437171936,30.22769301728922,17.99631118774414,0.0,0.0,0,0,0.3996295928955078,2
1735,67.4262433052063,32.193546406312365,16.064167022705078,0.0,0.0,0,0,0.3976144790649414,2
1736,67.46024680137634,29.45645059344055,18.007278442382812,0.0,0.0,0,0,0.3996701240539551,2
1737,67.49224352836609,31.257388997361872,17.00305938720703,0.0,0.0,0,0,0.3976144790649414,2
1738,67.52524614334106,29.412246500799416,17.994403839111328,0.0,0.0,0,0,0.3996295928955078,2
1739,67.56224012374878,27.031424815034416,17.998456954956055,0.0,0.0,0,0,0.3976144790649414,2
1740,67.60124802589417,25.635831331634183,22.001028060913086,0.0,0.0,0,0,0.3997502326965332,2
1741,67.64425277709961,23.81300706844182,18.998384475708008,0.0,0.0,0,0,0.3976144790649414,2
1742,67.68324732780457,24.996597038052386,22.003889083862305,0.0,0.0,0,0,0.3996295928955078,2
1743,67.72524189949036,23.81260148292816,20.98846435546875,0.0,0.0,0,0,0.3976144790649414,2
1744,67.77524304389954,19.999542246805266,32.00030326843262,0.0,0.0,0,0,0.3996701240539551,2
1745,67.81726026535034,24.37981864682632,22.014379501342773,0.0,0.0,0,0,0.3976144790649414,2
1746,67.85728359222412,24.376559748464224,22.018909454345703,0.0,0.0,0,0,0.3993067741394043,2
1747,67.90392565727234,21.43987404859148,28.055667877197266,0.0,0.0,0,0,0.3976144790649414,2
1748,67.94187712669373,26.349440884533234,19.011735916137695,0.0,0.0,0,0,0.3996295928955078,2
1749,67.97792387008667,28.536174497557525,19.039630889892578,0.0,0.0,0,0,0.3976144790649414,2
1750,68.01387786865234,27.82198932042055,18.004417419433594,0.0,0.0,0,0,0.3996295928955078,2
1751,68.04887175559998,27.771146320953978,18.992185592651367,0.0,0.0,0,0,0.3976144790649414,2
1752,68.08686184883118,26.322651905963273,19.997596740722656,0.0,0.0,0,0,0.3996701240539551,2
1753,68.12586092948914,25.64163008791128,18.99886131286621,0.0,0.0,0,0,0.3976144790649414,2
1754,68.16386365890503,26.313899432228112,19.002199172973633,0.0,0.0,0,0,0.3996701240539551,2
1755,68.19886112213135,29.34988489017333,17.071962356567383,0.0,0.0,0,0,0.3976144790649414,2
1756,68.23386597633362,27.831404607707825,19.00649070739746,0.0,0.0,0,0,0.3996701240539551,2
1757,68.26785898208618,29.417816337838502,17.97628402709961,0.0,0.0,0,0,0.3976144790649414,2
1758,68.30286002159119,28.57058002111645,17.993450164794922,0.0,0.0,0,0,0.3996701240539551,2
1759,68.33686542510986,29.407091124525866,17.992734909057617,0.0,0.0,0,0,0.3976144790649414,2
1760,68.37186121940613,28.57486221156401,18.996000289916992,0.0,0.0,0,0,0.39971017837524414,2
1761,68.40486192703247,30.302380522342233,16.98780059814453,0.0,0.0,0,0,0.3976144790649414,2
1762,68.43986368179321,28.569996185493977,19.005298614501953,0.0,0.0,0,0,0.3996701240539551,2
1763,68.47386956214905,29.406678772496864,17.989397048950195,0.0,0.0,0,0,0.3976144790649414,2
1764,68.50787544250488,29.406678772496864,18.016815185546875,0.0,0.0,0,0,0.3996701240539551,2
1765,68.54486560821533,27.034212493876815,17.00139045715332,0.0,0.0,0,0,0.3976144790649414,2
1766,68.57987833023071,28.56104702629823,18.01156997680664,0.0,0.0,0,0,0.39958906173706055,2
1767,68.61287188529968,30.308949669400587,17.01045036315918,0.0,0.0,0,0,0.3976144790649414,2
1768,68.64886379241943,28.57486221156401,18.996715545654297,0.0,0.0,0,0,0.3996696472167969,2
1769,68.68542909622192,26.623064032905095,19.998788833618164,0.0,0.0,0,0,0.3976144790649414,2
1770,68.72343182563782,27.020453915878036,21.008968353271484,0.0,0.0,0,0,0.39958953857421875,2
1771,68.76097846031189,26.633207182951917,19.553422927856445,0.0,0.0,0,0,0.3976144790649414,2
1772,68.79899859428406,25.632228021071416,22.016525268554688,0.0,0.0,0,0,0.3996295928955078,2
1773,68.83499050140381,27.784023688237358,18.99433135986328,0.0,0.0,0,0,0.3976144790649414,2
1774,68.87264013290405,26.560684929771902,20.65110206604004,0.0,0.0,0,0,0.3996295928955078,2
1775,68.90765357017517,28.56046358021749,18.013715744018555,0.0,0.0,0,0,0.3976144790649414,2
1776,68.943190574646,28.914668615312497,18.033981323242188,0.0,0.0,0,0,0.3996295928955078,2
1777,68.98120188713074,25.664851370039038,18.009424209594727,0.0,0.0,0,0,0.3976144790649414,2
1778,69.01519441604614,29.418229002279503,16.99686050415039,0.0,0.0,0,0,0.3996295928955078,2
1779,69.04719519615173,32.19527621913308,16.052961349487305,0.0,0.0,0,0,0.3976144790649414,2
1780,69.07819104194641,31.312459873086972,16.00170135498047,0.0,0.0,0,0,0.3996295928955078,2
1781,69.1091890335083,33.33521959593712,14.999151229858398,0.0,0.0,0,0,0.3976144790649414,2
1782,69.13919067382812,32.25668120188573,15.998363494873047,0.0,0.0,0,0,0.3996701240539551,2
1783,69.1691951751709,33.32833259169792,16.00480079650879,0.0,0.0,0,0,0.3976144790649414,2
1784,69.19919347763062,33.33521959593712,16.002178192138672,0.0,0.0,0,0,0.40003204345703125,2
1785,69.22819972038269,34.475337207486376,15.009164810180664,0.0,0.0,0,0,0.3976144790649414,2
1786,69.25719094276428,34.49319890129772,15.000581741333008,0.0,0.0,0,0,0.3996701240539551,2
1787,69.29019021987915,30.303694123937028,17.977237701416016,0.0,0.0,0,0,0.3976144790649414,2
1788,69.3221971988678,31.243186067472642,18.00394058227539,0.0,0.0,0,0,0.39971065521240234,2
1789,69.3566415309906,29.03235273759258,16.447782516479492,0.0,0.0,0,0,0.3976144790649414,2
1790,69.39166307449341,28.553852856880273,18.02849769592285,0.0,0.0,0,0,0.3996295928955078,2
1791,69.42578673362732,29.764991413202377,17.629623413085938,0.0,0.0,0,0,0.3976144790649414,2
1792,69.45982527732849,28.930424406293326,19.048690795898438,0.0,0.0,0,0,0.3996701240539551,2
1793,69.49183082580566,31.244582504599936,17.004966735839844,0.0,0.0,0,0,0.3976144790649414,2
1794,69.52582478523254,30.308949669400587,16.999244689941406,0.0,0.0,0,0,0.3996701240539551,2
1795,69.5588309764862,29.406060266135704,18.00060272216797,0.0,0.0,0,0,0.3976144790649414,2
1796,69.59382510185242,28.57622499591214,18.993616104125977,0.0,0.0,0,0,0.3996295928955078,2
1797,69.62783122062683,30.303475182429015,16.998767852783203,0.0,0.0,0,0,0.3976144790649414,2
1798,69.666827917099,25.63818186263723,22.004127502441406,0.0,0.0,0,0,0.3998708724975586,2
1799,69.70382523536682,27.02950861930079,20.000457763671875,0.0,0.0,0,0,0.3976144790649414,2
1800,69.74182534217834,25.641159820757196,21.99530601501465,0.0,0.0,0,0,0.39971017837524414,2
1801,69.78282499313354,25.00091794523324,18.999099731445312,0.0,0.0,0,0,0.3976144790649414,2
1802,69.82182621955872,24.99853381173189,21.001577377319336,0.0,0.0,0,0,0.39979076385498047,2
1803,69.85782361030579,27.779791236157475,18.998146057128906,0.0,0.0,0,0,0.3976144790649414,2
1804,69.89682531356812,26.313569264164318,20.00260353088379,0.0,0.0,0,0,0.3996696472167969,2
1805,69.93583965301514,24.991979788590562,22.01366424560547,0.0,0.0,0,0,0.3976144790649414,2
1806,69.97283267974854,27.032121680845577,19.986391067504883,0.0,0.0,0,0,0.3996295928955078,2
1807,70.01082444190979,27.031250604195534,19.000768661499023,0.0,0.0,0,0,0.3976144790649414,2
1808,70.04782772064209,26.315220187342756,19.999265670776367,0.0,0.0,0,0,0.3996701240539551,2
1809,70.08582782745361,26.315715504693067,19.995927810668945,0.0,0.0,0,0,0.3976144790649414,2
1810,70.12283062934875,27.024980509146204,18.99886131286621,0.0,0.0,0,0,0.3996295928955078,2
1811,70.15788841247559,28.52433641859864,18.059492111206055,0.0,0.0,0,0,0.3976144790649414,2
1812,70.19482493400574,27.825496231822523,18.995046615600586,0.0,0.0,0,0,0.3996295928955078,2
1813,70.23586845397949,23.78586335178296,20.037412643432617,0.0,0.0,0,0,0.3976144790649414,2
1814,70.3748676776886,7.194284783149373,119.0023422241211,0.0,0.0,0,0,0.3996701240539551,2
1815,70.40793681144714,30.239679312482878,17.072677612304688,0.0,0.0,0,0,0.3976144790649414,2
1816,70.44287276268005,28.62380913384107,19.008398056030273,0.0,0.0,0,0,0.3996701240539551,2
1817,70.47586846351624,30.306978626241023,17.003774642944336,0.0,0.0,0,0,0.3976144790649414,2
1818,70.50986313819885,29.416372103461818,17.994403839111328,0.0,0.0,0,0,0.3996701240539551,2
1819,70.54386305809021,30.290781985729556,17.003536224365234,0.0,0.0,0,0,0.3976144790649414,2
1820,70.57786345481873,28.582066972864677,18.994569778442383,0.0,0.0,0,0,0.3996295928955078,2
1821,70.61386442184448,27.7770316359711,17.995834350585938,0.0,0.0,0,0,0.3976144790649414,2
1822,70.65186858177185,26.31290895289239,20.999431610107422,0.0,0.0,0,0,0.39971017837524414,2
1823,70.69086480140686,25.643511329037306,21.993398666381836,0.0,0.0,0,0,0.3976144790649414,2
1824,70.72986268997192,25.64241390483527,21.000146865844727,0.0,0.0,0,0,0.3996100425720215,2
1825,70.77086424827576,24.999576814185666,19.000530242919922,0.0,0.0,0,0,0.3976144790649414,2
1826,70.80986213684082,25.000768923566614,21.998882293701172,0.0,0.0,0,0,0.3996701240539551,2
1827,70.84986519813538,24.998086837321573,20.00284194946289,0.0,0.0,0,0,0.3976144790649414,2
1828,70.8888635635376,25.642100372315387,20.99919319152832,0.0,0.0,0,0,0.3996701240539551,2
1829,70.92387008666992,28.56610455771379,18.0051326751709,0.0,0.0,0,0,0.3976144790649414,2
1830,71.0122332572937,11.31693207634733,72.29423522949219,0.0,0.0,0,0,0.39970970153808594,2
1831,71.04224371910095,33.32171315532322,14.992475509643555,0.0,0.0,0,0,0.3976144790649414,2
1832,71.07623195648193,30.31508344355544,17.992258071899414,0.0,0.0,0,0,0.3997502326965332,2
1833,71.11824226379395,23.24950666282344,14.010906219482422,0.0,0.0,0,0,0.3976144790649414,2
1834,71.1482298374176,33.34714613959627,15.988349914550781,0.0,0.0,0,0,0.39958953857421875,2
1835,71.17731404304504,34.382922910450205,15.080928802490234,0.0,0.0,0,0,0.3976144790649414,2
1836,71.20823359489441,32.34199528090927,16.995906829833984,0.0,0.0,0,0,0.39971065521240234,2
1837,71.24129486083984,30.246875653534676,16.04175567626953,0.0,0.0,0,0,0.3976144790649414,2
1838,71.2722589969635,33.40211834036792,15.995264053344727,0.0,0.0,0,0,0.3996701240539551,2
1839,71.3022346496582,32.256433130815964,16.000747680664062,0.0,0.0,0,0,0.3976144790649414,2
1840,71.33624339103699,29.40420490314982,19.004106521606445,0.0,0.0,0,0,0.39971065521240234,2
1841,71.37023735046387,29.41699104368745,19.006013870239258,0.0,0.0,0,0,0.3976144790649414,2
1842,71.40323448181152,30.305664739884392,17.99774169921875,0.0,0.0,0,0,0.3996701240539551,2
1843,71.43523025512695,32.25668120188573,16.00360870361328,0.0,0.0,0,0,0.3976144790649414,2
1844,71.46823287010193,29.414309157468058,17.970561981201172,0.0,0.0,0,0,0.3996295928955078,2
1845,71.50124025344849,30.29625188705821,18.00847053527832,0.0,0.0,0,0,0.3976144790649414,2
1846,71.53526449203491,29.390812007736077,19.031286239624023,0.0,0.0,0,0,0.3996701240539551,2
1847,71.57123136520386,27.80336214668293,18.999814987182617,0.0,0.0,0,0,0.3976144790649414,2
1848,71.60923337936401,27.02707021760563,19.997119903564453,0.0,0.0,0,0,0.39970970153808594,2
1849,71.64723563194275,26.311258319689358,17.006635665893555,0.0,0.0,0,0,0.3976144790649414,2
1850,71.68524217605591,25.63818186263723,21.005868911743164,0.0,0.0,0,0,0.39958906173706055,2
1851,71.72223114967346,27.786600594910798,18.987655639648438,0.0,0.0,0,0,0.3976144790649414,2
1852,71.76023650169373,26.308947781088285,21.004199981689453,0.0,0.0,0,0,0.3996701240539551,2
1853,71.79723191261292,26.321825952167284,19.987106323242188,0.0,0.0,0,0,0.3976144790649414,2
1854,71.83423781394958,27.02271702294896,19.996166229248047,0.0,0.0,0,0,0.39971065521240234,2
1855,71.87523341178894,24.39286295856887,19.991159439086914,0.0,0.0,0,0,0.3976144790649414,2
1856,71.91223287582397,27.027418533768937,20.00117301940918,0.0,0.0,0,0,0.3993873596191406,2
1857,71.95023894309998,26.311588429762434,20.003318786621094,0.0,0.0,0,0,0.3976144790649414,2
1858,71.98625326156616,27.76673397107014,19.02151107788086,0.0,0.0,0,0,0.3996701240539551,2
1859,72.02178192138672,28.14629105208767,18.546104431152344,0.0,0.0,0,0,0.3976144790649414,2
1860,72.05777740478516,27.781263247138618,17.996549606323242,0.0,0.0,0,0,0.3996295928955078,2
1861,72.09578847885132,26.308122687072697,18.011093139648438,0.0,0.0,0,0,0.3976144790649414,2
1862,72.1308286190033,28.538698637127556,18.04518699645996,0.0,0.0,0,0,0.3996701240539551,2
1863,72.16577625274658,29.44941863730832,17.006635665893555,0.0,0.0,0,0,0.3976144790649414,2
1864,72.20077729225159,28.577587910253527,17.996549606323242,0.0,0.0,0,0,0.39958953857421875,2
1865,72.24478816986084,22.21700531813463,17.94910430908203,0.0,0.0,0,0,0.3976144790649414,2
1866,72.27813506126404,29.98780269827765,18.01896095275879,0.0,0.0,0,0,0.3996701240539551,2
1867,72.31111645698547,30.320123758439717,17.004728317260742,0.0,0.0,0,0,0.3976144790649414,2
1868,72.3451132774353,29.4145154390468,17.992258071899414,0.0,0.0,0,0,0.3996701240539551,2
1869,72.37811851501465,30.298221535171994,18.00227165222168,0.0,0.0,0,0,0.3976144790649414,2
1870,72.41211080551147,29.418435338841583,17.99798011779785,0.0,0.0,0,0,0.3996701240539551,2
1871,72.4461190700531,29.40461718580212,17.00568199157715,0.0,0.0,0,0,0.3976144790649414,2
1872,72.48014092445374,29.392871659028156,18.993616104125977,0.0,0.0,0,0,0.3996295928955078,2
1873,72.51715111732483,27.01958359101216,17.008066177368164,0.0,0.0,0,0,0.3976144790649414,2
1874,72.55214095115662,28.57972989547418,17.998933792114258,0.0,0.0,0,0,0.3996701240539551,2
1875,72.59717345237732,22.206183820415077,16.93582534790039,0.0,0.0,0,0,0.3976144790649414,2
1876,72.63121199607849,29.3784601591393,19.040346145629883,0.0,0.0,0,0,0.3996696472167969,2
1877,72.66617465019226,28.60194757371594,19.99831199645996,0.0,0.0,0,0,0.3976144790649414,2
1878,72.70417165756226,26.317862095362393,21.000146865844727,0.0,0.0,0,0,0.39970970153808594,2
1879,72.7421727180481,27.02271702294896,19.005775451660156,0.0,0.0,0,0,0.3976144790649414,2
1880,72.77918314933777,26.311918548118967,21.002769470214844,0.0,0.0,0,0,0.3996701240539551,2
1881,72.81617140769958,27.78199931113054,19.00482177734375,0.0,0.0,0,0,0.3976144790649414,2
1882,72.85319066047668,26.306802644288062,20.01786231994629,0.0,0.0,0,0,0.3996701240539551,2
1883,72.89117121696472,27.040835536071175,19.997596740722656,0.0,0.0,0,0,0.3976144790649414,2
1884,72.92617464065552,27.77556007337408,18.996000289916992,0.0,0.0,0,0,0.3996701240539551,2
1885,72.96618413925171,24.994064786785213,20.013093948364258,0.0,0.0,0,0,0.3976144790649414,2
1886,73.00417447090149,27.032992813637975,19.002914428710938,0.0,0.0,0,0,0.3996701240539551,2
1887,73.03869485855103,28.15403720037321,17.513513565063477,0.0,0.0,0,0,0.3976144790649414,2
1888,73.0736939907074,28.57213703277315,17.99774169921875,0.0,0.0,0,0,0.3996701240539551,2
1889,73.10570073127747,31.24341879832546,16.00790023803711,0.0,0.0,0,0,0.3976144790649414,2
1890,73.13869285583496,31.257156058336502,15.994548797607422,0.0,0.0,0,0,0.3996295928955078,2
1891,73.16869902610779,32.25221650634001,15.006065368652344,0.0,0.0,0,0,0.3976144790649414,2
1892,73.20069313049316,31.255758497090014,16.995668411254883,0.0,0.0,0,0,0.3996701240539551,2
1893,73.23069405555725,34.40153540788373,15.068769454956055,0.0,0.0,0,0,0.3976144790649414,2
1894,73.26251339912415,31.47293778654881,16.836166381835938,0.0,0.0,0,0,0.40035438537597656,2
1895,73.29651761054993,29.418641678298133,17.98725128173828,0.0,0.0,0,0,0.3976144790649414,2
1896,73.3315281867981,27.776847682119204,19.004106521606445,0.0,0.0,0,0,0.39946794509887695,2
1897,73.36955499649048,27.016798928166548,17.02880859375,0.0,0.0,0,0,0.3976144790649414,2
1898,73.40756392478943,26.31043308074472,18.00847053527832,0.0,0.0,0,0,0.40003204345703125,2
1899,73.4406008720398,29.36776361854082,17.0595645904541,0.0,0.0,0,0,0.3976144790649414,2
1900,73.47653985023499,27.82494245019537,17.9898738861084,0.0,0.0,0,0,0.3995485305786133,2
1901,73.51060128211975,29.35871878149849,18.061399459838867,0.0,0.0,0,0,0.3976144790649414,2
1902,73.54654121398926,27.824204108980187,17.991065979003906,0.0,0.0,0,0,0.39971065521240234,2
1903,73.5795464515686,30.298221535171994,17.002344131469727,0.0,0.0,0,0,0.3976144790649414,2
1904,73.61654162406921,27.768756124043325,18.016576766967773,0.0,0.0,0,0,0.3996701240539551,2
1905,73.65054535865784,28.581872201816733,17.992019653320312,0.0,0.0,0,0,0.3976144790649414,2
1906,73.69556093215942,22.214534264786106,27.01711654663086,0.0,0.0,0,0,0.4022078514099121,2
1907,73.72957158088684,29.402555888146594,7.024049758911133,0.0,0.0,0,0,0.3976144790649414,0
1908,73.75854706764221,34.511931014053914,8.998870849609375,0.0,0.0,1,0,0.3976144790649414,0
1909,73.78756499290466,35.72326272666105,5.980730056762695,0.0,0.0,0,0,0.4006233215332031,0
1910,73.81554698944092,34.47448711204629,8.990764617919922,0.0,0.0,1,0,0.3976144790649414,0
1911,73.84054160118103,40.00862307435494,6.991386413574219,0.0,0.0,0,0,0.4003758430480957,0
1912,73.8655514717102,39.98421338620959,8.009910583496094,0.0,0.0,1,0,0.3976144790649414,0
1913,73.89155673980713,38.45374699745127,9.012699127197266,0.0,0.0,0,0,0.4006013870239258,0
1914,73.9165391921997,40.02809589250267,6.992101669311523,0.0,0.0,1,0,0.3976144790649414,0
1915,73.94053983688354,43.44223140581467,5.017757415771484,0.0,0.0,0,0,0.40035533905029297,0
1916,73.9665412902832,37.06034018113541,8.999109268188477,0.0,0.0,1,0,0.3976144790649414,0
1917,73.99605917930603,33.87776135436607,7.999658584594727,0.0,0.0,0,0,0.4006233215332031,0
1918,74.0240592956543,37.02991136066674,7.006645202636719,0.0,0.0,1,0,0.3976144790649414,0
1919,74.04806566238403,41.66182269679662,6.005287170410156,0.0,0.0,0,0,0.40083789825439453,0
1920,74.07309007644653,38.42767618279767,7.000446319580078,0.0,0.0,1,0,0.3976144790649414,0
1921,74.10109043121338,35.71383321128727,6.000757217407227,0.0,0.0,0,0,0.3990449905395508,0
1922,74.12709093093872,39.974305456278294,7.0095062255859375,0.0,0.0,1,0,0.3976144790649414,0
1923,74.15209484100342,40.0170207894059,6.002664566040039,0.0,0.0,0,0,0.4005565643310547,0
1924,74.17865419387817,37.651181787987326,7.993936538696289,0.0,0.0,1,0,0.3976144790649414,0
1925,74.20266485214233,39.984975738105,7.000923156738281,0.0,0.0,0,0,0.4003758430480957,0
1926,74.23666024208069,30.311578125790437,14.001131057739258,0.0,0.0,0,0,0.3980979919433594,1
1927,74.26566529273987,33.32250734885199,12.011051177978516,0.0,0.0,0,0,0.3990511894226074,1
1928,74.29667472839355,32.248248925520706,13.013601303100586,0.0,0.0,0,0,0.3980979919433594,1
1929,74.32566261291504,35.715657890255116,11.016607284545898,0.0,0.0,0,0,0.3990511894226074,1
1930,74.35665559768677,31.267641752769453,13.993263244628906,0.0,0.0,0,0,0.3980979919433594,1
1931,74.38472151756287,35.63040172617379,11.063575744628906,0.0,0.0,0,0,0.39905214309692383,1
1932,74.41666841506958,31.30194410239188,13.011932373046875,0.0,0.0,0,0,0.3980979919433594,1
1933,74.45165681838989,29.414721723518852,12.01009750366211,0.0,0.0,0,0,0.3976144790649414,1
1934,74.58507323265076,7.4956108998370174,114.41445350646973,0.0,0.0,0,0,0.3991403579711914,1
1935,74.61408233642578,34.475337207486376,11.006832122802734,0.0,0.0,0,0,0.40188026428222656,1
1936,74.64407348632812,32.26760010770474,13.000011444091797,0.0,0.0,1,0,0.40157079696655273,1
1937,74.67566299438477,31.65608018355271,14.003992080688477,0.0,0.0,0,0,0.40201330184936523,1
1938,74.7076621055603,31.25086801674937,14.998435974121094,0.0,0.0,1,0,0.40071773529052734,1
1939,74.74466013908386,27.02846353612878,19.002914428710938,0.0,0.0,0,0,0.3990449905395508,2
1940,74.78566217422485,24.38903328972234,23.001670837402344,0.0,0.0,0,0,0.40015316009521484,2
1941,74.8226592540741,27.029160249263743,19.002676010131836,0.0,0.0,0,0,0.3976144790649414,2
1942,74.86066007614136,27.027418533768937,19.999265670776367,0.0,0.0,0,0,0.3995485305786133,2
1943,74.89565896987915,27.777583512146016,18.99242401123047,0.0,0.0,0,0,0.3976144790649414,2
1944,74.93066191673279,28.56902317914626,18.00537109375,0.0,0.0,0,0,0.3996305465698242,2
1945,74.96866607666016,26.31290895289239,16.996383666992188,0.0,0.0,0,0,0.3976144790649414,2
1946,75.00366568565369,28.571747763949347,18.007278442382812,0.0,0.0,0,0,0.39946794509887695,2
1947,75.03865694999695,29.41926071403521,14.973640441894531,0.0,0.0,0,0,0.3976144790649414,2
1948,75.06965970993042,31.24737575337669,15.990018844604492,0.0,0.0,0,0,0.3995485305786133,2
1949,75.10165739059448,31.252265140677157,16.92652702331543,0.0,0.0,0,0,0.3976144790649414,2
1950,75.13466143608093,30.29931589479083,18.002033233642578,0.0,0.0,0,0,0.39946794509887695,2
1951,75.16766047477722,31.25086801674937,15.93160629272461,0.0,0.0,0,0,0.3976144790649414,2
1952,75.20465803146362,27.02759269521735,17.000198364257812,0.0,0.0,0,0,0.399569034576416,2
1953,75.24565982818604,23.809492452926584,21.996736526489258,0.0,0.0,0,0,0.3976144790649414,2
1954,75.28865957260132,23.25595218292913,23.999452590942383,0.0,0.0,0,0,0.39946794509887695,2
1955,75.32765865325928,25.64163008791128,18.996477127075195,0.0,0.0,0,0,0.3976144790649414,2
1956,75.3676609992981,24.99853381173189,20.999431610107422,0.0,0.0,0,0,0.399569034576416,2
1957,75.4086639881134,24.996894983700155,18.002986907958984,0.0,0.0,0,0,0.3976144790649414,2
1958,75.44766402244568,25.00121599389619,21.997690200805664,0.0,0.0,0,0,0.3995485305786133,2
1959,75.48366403579712,27.77776747574423,18.000125885009766,0.0,0.0,0,0,0.3976144790649414,2
1960,75.55368113517761,14.282225468463222,50.99940299987793,0.0,0.0,0,0,0.39946794509887695,2
1961,75.587078332901,29.942631962192493,16.965389251708984,0.0,0.0,0,0,0.3976144790649414,2
1962,75.62309098243713,27.768020761612203,19.010066986083984,0.0,0.0,0,0,0.40003204345703125,2
1963,75.65608024597168,30.31289252495176,16.924142837524414,0.0,0.0,0,0,0.3976144790649414,2
1964,75.694082736969,26.314064519367104,21.003007888793945,0.0,0.0,0,0,0.3995490074157715,2
1965,75.73108077049255,27.02846353612878,19.99521255493164,0.0,0.0,0,0,0.3976144790649414,2
1966,75.7710793018341,25.6417868474626,20.998239517211914,0.0,0.0,0,0,0.3996100425720215,2
1967,75.8120801448822,24.38988422331932,22.999286651611328,0.0,0.0,0,0,0.3976144790649414,2
1968,75.85208249092102,24.388891473228824,22.998809814453125,0.0,0.0,0,0,0.3995485305786133,2
1969,75.89508175849915,23.809897932537837,19.995689392089844,0.0,0.0,0,0,0.3976144790649414,2
1970,75.93208122253418,26.31621084068992,18.991947174072266,0.0,0.0,0,0,0.39946794509887695,2
1971,75.96707940101624,28.572915602242613,16.995668411254883,0.0,0.0,0,0,0.3976144790649414,2
1972,76.0098295211792,23.949933762733544,23.719072341918945,0.0,0.0,0,0,0.40015316009521484,2
1973,76.0428421497345,29.40399876615911,15.99884033203125,0.0,0.0,0,0,0.3976144790649414,2
1974,76.07783055305481,28.580898386393372,18.988847732543945,0.0,0.0,0,0,0.3995485305786133,2
1975,76.11213612556458,29.40420490314982,16.93439483642578,0.0,0.0,0,0,0.3976144790649414,2
1976,76.15289425849915,25.00225922018157,24.003982543945312,0.0,0.0,0,0,0.39946794509887695,2
1977,76.18584108352661,29.407091124525866,16.94512367248535,0.0,0.0,0,0,0.3976144790649414,2
1978,76.22183322906494,27.783839641764153,20.00260353088379,0.0,0.0,0,0,0.39946794509887695,2
1979,76.25583100318909,30.304788878934136,17.001628875732422,0.0,0.0,0,0,0.3976144790649414,2
1980,76.29083466529846,27.775192207086995,19.00458335876465,0.0,0.0,0,0,0.399630069732666,2
1981,76.32884430885315,26.309112806101968,17.012357711791992,0.0,0.0,0,0,0.3976144790649414,2
1982,76.36483597755432,27.784207737148915,17.998695373535156,0.0,0.0,0,0,0.3996701240539551,2
1983,76.39883637428284,30.302818376886563,16.950368881225586,0.0,0.0,0,0,0.3976144790649414,2
1984,76.43489146232605,27.77923927225523,18.001317977905273,0.0,0.0,0,0,0.40003204345703125,2
1985,76.46683311462402,30.304132016444257,15.988826751708984,0.0,0.0,0,0,0.3976144790649414,2
1986,76.50083231925964,29.412452753448385,17.99488067626953,0.0,0.0,0,0,0.399569034576416,2
1987,76.53483176231384,29.412246500799416,16.99995994567871,0.0,0.0,0,0,0.3976144790649414,2
1988,76.5678334236145,30.301504851212623,17.995834350585938,0.0,0.0,0,0,0.3996100425720215,2
1989,76.6011803150177,29.98780269827765,17.335891723632812,0.0,0.0,0,0,0.3976144790649414,2
1990,76.63772821426392,27.361353747398773,20.53689956665039,0.0,0.0,0,0,0.3996701240539551,2
1991,76.67271542549133,28.581872201816733,19.00005340576172,0.0,0.0,0,0,0.3976144790649414,2
1992,76.7107138633728,27.027941024847923,19.99664306640625,0.0,0.0,0,0,0.3996295928955078,2
1993,76.75072169303894,24.999129802477082,19.002199172973633,0.0,0.0,0,0,0.3976144790649414,2
1994,76.78871583938599,25.640846318904014,19.999980926513672,0.0,0.0,0,0,0.3996305465698242,2
1995,76.8247172832489,28.569412373732213,17.99798011779785,0.0,0.0,0,0,0.3976144790649414,2
1996,76.86271333694458,26.30762765550419,21.010160446166992,0.0,0.0,0,0,0.3996305465698242,2
1997,76.89771866798401,27.786600594910798,19.00196075439453,0.0,0.0,0,0,0.3976144790649414,2
1998,76.93371891975403,28.569606975001705,17.989158630371094,0.0,0.0,0,0,0.39971065521240234,2
1999,76.9677562713623,28.542582800835664,17.03953742980957,0.0,0.0,0,0,0.3976144790649414,2
2000,77.00171685218811,29.445903918113466,16.997098922729492,0.0,0.0,0,0,0.3996295928955078,2
2001,77.03271508216858,32.25990647304947,16.001224517822266,0.0,0.0,0,0,0.3976144790649414,2
2002,77.06571459770203,30.303475182429015,16.994237899780273,0.0,0.0,0,0,0.3996701240539551,2
2003,77.09578514099121,33.25513577799802,15.057563781738281,0.0,0.0,0,0,0.3976144790649414,2
2004,77.12826108932495,30.792018441569883,17.546892166137695,0.0,0.0,0,0,0.3996701240539551,2
2005,77.16426587104797,27.77408866668874,17.002105712890625,0.0,0.0,0,0,0.3976144790649414,2
2006,77.1992609500885,29.416372103461818,17.99798011779785,0.0,0.0,0,0,0.3996701240539551,2
2007,77.23125910758972,31.244582504599936,16.004323959350586,0.0,0.0,0,0,0.3976144790649414,2
2008,77.26325964927673,31.232484195006442,16.017913818359375,0.0,0.0,0,0,0.3996701240539551,2
2009,77.29525995254517,30.32516574965115,17.000198364257812,0.0,0.0,0,0,0.3976144790649414,2
2010,77.33026075363159,28.570774638293233,18.999814987182617,0.0,0.0,0,0,0.3996295928955078,2
2011,77.36385774612427,29.764568963070197,17.039775848388672,0.0,0.0,0,0,0.3976144790649414,2
2012,77.40184497833252,27.068757663762504,20.00260353088379,0.0,0.0,0,0,0.39958906173706055,2
2013,77.43480038642883,29.41204025104309,17.00115203857422,0.0,0.0,0,0,0.3976144790649414,2
2014,77.47179889678955,27.779055289162052,19.000768661499023,0.0,0.0,0,0,0.3996701240539551,2
2015,77.50779795646667,27.02759269521735,19.995450973510742,0.0,0.0,0,0,0.3976144790649414,2
2016,77.54479813575745,27.02689606289065,18.98932456970215,0.0,0.0,0,0,0.3996295928955078,2
2017,77.58379769325256,26.315880614620127,16.999483108520508,0.0,0.0,0,0,0.3976144790649414,2
2018,77.62179732322693,26.305977684815264,19.998550415039062,0.0,0.0,0,0,0.3996701240539551,2
2019,77.66080212593079,25.64633370835983,21.006345748901367,0.0,0.0,0,0,0.3976144790649414,2
2020,77.70280337333679,23.256210078069554,23.005247116088867,0.0,0.0,0,0,0.3995490074157715,2
2021,77.74179649353027,26.321000050203324,19.994258880615234,0.0,0.0,0,0,0.3976144790649414,2
2022,77.77979755401611,25.63990585933918,21.00062370300293,0.0,0.0,0,0,0.3996305465698242,2
2023,77.81679940223694,27.02567704272634,18.999576568603516,0.0,0.0,0,0,0.3976144790649414,2
2024,77.85580635070801,26.316375956832726,20.993947982788086,0.0,0.0,0,0,0.3996100425720215,2
2025,77.89279699325562,27.02846353612878,18.999099731445312,0.0,0.0,0,0,0.3976144790649414,2
2026,77.9287965297699,27.02707021760563,18.997907638549805,0.0,0.0,0,0,0.3996100425720215,2
2027,77.96180415153503,30.29603305307561,16.982316970825195,0.0,0.0,0,0,0.3976144790649414,2
2028,77.99780011177063,27.780895229768575,19.001007080078125,0.0,0.0,0,0,0.39971065521240234,2
2029,78.03579998016357,26.315880614620127,17.995357513427734,0.0,0.0,0,0,0.3976144790649414,2
2030,78.0728223323822,27.757729775518847,18.028974533081055,0.0,0.0,0,0,0.3996701240539551,2
2031,78.10686159133911,28.54238856753998,17.04120635986328,0.0,0.0,0,0,0.3976144790649414,2
2032,78.14234113693237,28.18525387737548,18.537521362304688,0.0,0.0,0,0,0.3996295928955078,2
2033,78.17634129524231,29.411627760208123,16.99972152709961,0.0,0.0,0,0,0.3976144790649414,2
2034,78.21134066581726,28.571942397035382,17.995834350585938,0.0,0.0,0,0,0.3995485305786133,2
2035,78.24434566497803,30.298440400771494,17.00592041015625,0.0,0.0,0,0,0.3976144790649414,2
2036,78.27835154533386,30.291438269598817,18.010616302490234,0.0,0.0,0,0,0.3996701240539551,2
2037,78.31234121322632,28.585378486870354,18.999338150024414,0.0,0.0,0,0,0.3976144790649414,2
2038,78.34736275672913,29.397197866509668,18.01013946533203,0.0,0.0,0,0,0.3996701240539551,2
2039,78.3793396949768,31.259252634560063,15.985488891601562,0.0,0.0,0,0,0.3976144790649414,2
2040,78.4123420715332,29.417403684974644,17.992019653320312,0.0,0.0,0,0,0.3995485305786133,2
2041,78.44833946228027,27.779791236157475,16.998291015625,0.0,0.0,0,0,0.3976144790649414,2
2042,78.48235082626343,29.4019375552035,17.00139045715332,0.0,0.0,0,0,0.3996295928955078,2
2043,78.5163516998291,29.411009045648974,18.01013946533203,0.0,0.0,0,0,0.3976144790649414,2
2044,78.5513424873352,29.38854672468277,17.038583755493164,0.0,0.0,0,0,0.39958906173706055,2
2045,78.5843415260315,30.3356935695016,15.99431037902832,0.0,0.0,0,0,0.3976144790649414,2
2046,78.61834526062012,29.406884947065834,18.002748489379883,0.0,0.0,0,0,0.3995485305786133,2
2047,78.65334272384644,27.782367357753195,18.985509872436523,0.0,0.0,0,0,0.3976144790649414,2
2048,78.69135284423828,26.308782758144844,22.006750106811523,0.0,0.0,0,0,0.39958953857421875,2
2049,78.72885990142822,27.39208860966164,19.890546798706055,0.0,0.0,0,0,0.3976144790649414,2
2050,78.76585984230042,26.315715504693067,20.999431610107422,0.0,0.0,0,0,0.3998708724975586,2
2051,78.80186009407043,27.777583512146016,19.00172233581543,0.0,0.0,0,0,0.3976144790649414,2
2052,78.838858127594,27.02846353612878,19.99831199645996,0.0,0.0,0,0,0.399569034576416,2
2053,78.87886023521423,25.63285461101265,19.011735916137695,0.0,0.0,0,0,0.3976144790649414,2
2054,78.91486048698425,27.771330199298152,18.01156997680664,0.0,0.0,0,0,0.399569034576416,2
2055,78.94886565208435,28.582261746567173,17.995119094848633,0.0,0.0,0,0,0.3976144790649414,2
2056,78.98285841941833,29.41802266861183,17.998695373535156,0.0,0.0,0,0,0.3996100425720215,2
2057,79.01494979858398,31.16101663434893,16.09039306640625,0.0,0.0,0,0,0.3976144790649414,2
2058,79.04788160324097,31.33725830070829,16.99519157409668,0.0,0.0,0,0,0.3996701240539551,2
2059,79.07793354988098,32.18243061789778,15.074014663696289,0.0,0.0,0,0,0.3976144790649414,2
2060,79.10986137390137,32.310603025914396,16.01719856262207,0.0,0.0,0,0,0.3996701240539551,2
2061,79.137859582901,34.510795155344915,15.000104904174805,0.0,0.0,0,0,0.3976144790649414,2
2062,79.16786026954651,33.332570411342104,15.992879867553711,0.0,0.0,0,0,0.3996701240539551,2
2063,79.1969347000122,34.39448284910658,15.057086944580078,0.0,0.0,0,0,0.3976144790649414,2
2064,79.22687363624573,33.401320347526934,16.008615493774414,0.0,0.0,0,0,0.3996295928955078,2
2065,79.25985789299011,31.25901966775725,14.988899230957031,0.0,0.0,0,0,0.3976144790649414,2
2066,79.29286193847656,30.268703678311887,17.03667640686035,0.0,0.0,0,0,0.39971065521240234,2
2067,79.32786154747009,28.606629382076115,15.990495681762695,0.0,0.0,0,0,0.3976144790649414,2
2068,79.3598620891571,30.299972548509672,16.99662208557129,0.0,0.0,0,0,0.3996701240539551,2
2069,79.39186882972717,31.24341879832546,16.997337341308594,0.0,0.0,0,0,0.3976144790649414,2
2070,79.42586088180542,29.418641678298133,17.993688583374023,0.0,0.0,0,0,0.40003204345703125,2
2071,79.5028657913208,12.986184988637138,17.003774642944336,0.0,0.0,0,0,0.3976144790649414,2
2072,79.5348653793335,31.250402336532158,17.006874084472656,0.0,0.0,0,0,0.3996701240539551,2
2073,79.56886148452759,29.415134301143137,17.983198165893555,0.0,0.0,0,0,0.3976144790649414,2
2074,79.60286045074463,29.412659008990055,18.993377685546875,0.0,0.0,0,0,0.3996701240539551,2
2075,79.6368579864502,30.304569921606877,16.982078552246094,0.0,0.0,0,0,0.3976144790649414,2
2076,79.67285943031311,27.026547760193825,19.990205764770508,0.0,0.0,0,0,0.3996295928955078,2
2077,79.71085953712463,26.315715504693067,17.98272132873535,0.0,0.0,0,0,0.3976144790649414,2
2078,79.74987316131592,26.316541075047528,19.99688148498535,0.0,0.0,0,0,0.3996100425720215,2
2079,79.78487086296082,27.76820459856866,19.01102066040039,0.0,0.0,0,0,0.3976144790649414,2
2080,79.82185888290405,27.035780815913473,20.997047424316406,0.0,0.0,0,0,0.3996305465698242,2
2081,79.85785818099976,27.778319381159267,19.00005340576172,0.0,0.0,0,0,0.3976144790649414,2
2082,79.89485883712769,27.777399550984455,18.998146057128906,0.0,0.0,0,0,0.3996305465698242,2
2083,79.92786026000977,29.410390357120317,17.000913619995117,0.0,0.0,0,0,0.3976144790649414,2
2084,79.96286273002625,28.569412373732213,18.996715545654297,0.0,0.0,0,0,0.3996701240539551,2
2085,79.99586701393127,30.299097016542657,17.00592041015625,0.0,0.0,0,0,0.3976144790649414,2
2086,80.03089261054993,28.55054864268794,18.02515983581543,0.0,0.0,0,0,0.3996295928955078,2
2087,80.06486630439758,29.43453851336178,18.0051326751709,0.0,0.0,0,0,0.3976144790649414,2
2088,80.09986090660095,28.575835615691727,18.99433135986328,0.0,0.0,0,0,0.39958906173706055,2
2089,80.13786387443542,27.02358754969106,17.004728317260742,0.0,0.0,0,0,0.3976144790649414,2
2090,80.17188692092896,28.55404724623868,18.027544021606445,0.0,0.0,0,0,0.39958906173706055,2
2091,80.20785999298096,27.798571068782227,19.999265670776367,0.0,0.0,0,0,0.3976144790649414,2
2092,80.24346470832825,28.08616752713661,19.124746322631836,0.0,0.0,0,0,0.39958906173706055,2
2093,80.27750444412231,29.377431307039846,18.02992820739746,0.0,0.0,0,0,0.3976144790649414,2
2094,80.31246256828308,28.60565387894288,19.003629684448242,0.0,0.0,0,0,0.3996701240539551,2
2095,80.34645676612854,30.302380522342233,17.00568199157715,0.0,0.0,0,0,0.3976144790649414,2
2096,80.38045930862427,28.574667538696314,17.99941062927246,0.0,0.0,0,0,0.3996295928955078,2
2097,80.41345715522766,31.248539754440337,17.002105712890625,0.0,0.0,0,0,0.3976144790649414,2
2098,80.44745922088623,28.57272095589738,17.997264862060547,0.0,0.0,0,0,0.3996295928955078,2
2099,80.48145604133606,30.249711516270484,17.06099510192871,0.0,0.0,0,0,0.3976144790649414,2
2100,80.51548314094543,28.59941223398815,18.027544021606445,0.0,0.0,0,0,0.3996701240539551,2
2101,80.55145931243896,27.796176148977764,16.99376106262207,0.0,0.0,0,0,0.3976144790649414,2
2102,80.5874559879303,27.78034322199482,18.996000289916992,0.0,0.0,0,0,0.3996701240539551,2
2103,80.62145614624023,30.29712725460311,17.00592041015625,0.0,0.0,0,0,0.3976144790649414,2
2104,80.65846037864685,26.31720156862745,21.00539207458496,0.0,0.0,0,0,0.399569034576416,2
2105,80.69545650482178,27.77997522899929,19.00029182434082,0.0,0.0,0,0,0.3976144790649414,2
2106,80.73299980163574,25.945539348501157,21.541357040405273,0.0,0.0,0,0,0.399871826171875,2
2107,80.76903557777405,27.75020013893943,19.057035446166992,0.0,0.0,0,0,0.3976144790649414,2
2108,80.80902910232544,25.63520459615561,21.015644073486328,0.0,0.0,0,0,0.3996701240539551,2
2109,80.84503698348999,27.03247012722515,19.00506019592285,0.0,0.0,0,0,0.3976144790649414,2
2110,80.88103199005127,27.781631274259144,19.002676010131836,0.0,0.0,0,0,0.3996295928955078,2
2111,80.91503930091858,29.405441785791904,17.00568199157715,0.0,0.0,0,0,0.3976144790649414,2
2112,80.95003151893616,28.577782622915077,18.991470336914062,0.0,0.0,0,0,0.3996295928955078,2
2113,80.98703026771545,27.027941024847923,17.000436782836914,0.0,0.0,0,0,0.3976144790649414,2
2114,81.02204847335815,28.5565745487721,18.021345138549805,0.0,0.0,0,0,0.3998575210571289,2
2115,81.05303716659546,32.26983443097187,16.008615493774414,0.0,0.0,0,0,0.3976144790649414,2
2116,81.08406472206116,32.22941623955924,16.02935791015625,0.0,0.0,0,0,0.3996295928955078,2
2117,81.11403441429138,33.367042688262714,15.003681182861328,0.0,0.0,0,0,0.3976144790649414,2
2118,81.14403009414673,33.33813418540509,15.996217727661133,0.0,0.0,0,0,0.3996701240539551,2
2119,81.17602968215942,31.250402336532158,16.99090003967285,0.0,0.0,0,0,0.3976144790649414,2
2120,81.20607662200928,33.28125942265881,16.04294776916504,0.0,0.0,0,0,0.39971065521240234,2
2121,81.23610138893127,33.3058372309085,16.073226928710938,0.0,0.0,0,0,0.3976144790649414,2
2122,81.266028881073,33.414092810197175,15.9912109375,0.0,0.0,0,0,0.40003204345703125,2
2123,81.29602837562561,33.333894951004154,15.97905158996582,0.0,0.0,0,0,0.3976144790649414,2
2124,81.32806372642517,31.215515829897445,18.029212951660156,0.0,0.0,0,0,0.39958953857421875,2
2125,81.3630359172821,28.594147964331487,16.006946563720703,0.0,0.0,0,0,0.3976144790649414,2
2126,81.39705467224121,29.39554963731296,18.021345138549805,0.0,0.0,0,0,0.39971065521240234,2
2127,81.42810487747192,32.205906291751766,16.07537269592285,0.0,0.0,0,0,0.3976144790649414,2
2128,81.46103239059448,30.369739624062326,17.998933792114258,0.0,0.0,0,0,0.3996701240539551,2
2129,81.49402976036072,31.177694028796765,16.059398651123047,0.0,0.0,0,0,0.3976144790649414,2
2130,81.52603077888489,30.372818514924617,17.997026443481445,0.0,0.0,0,0,0.3996701240539551,2
2131,81.56303668022156,27.780527222148628,16.997337341308594,0.0,0.0,0,0,0.3976144790649414,2
2132,81.59603238105774,29.407297304877023,19.003868103027344,0.0,0.0,0,0,0.3996701240539551,2
2133,81.63103795051575,29.412659008990055,18.001317977905273,0.0,0.0,0,0,0.3976144790649414,2
2134,81.75926780700684,7.737754516591429,113.23952674865723,0.0,0.0,0,0,0.39958953857421875,2
2135,81.7952811717987,28.574278200918343,19.00172233581543,0.0,0.0,0,0,0.3976144790649414,2
2136,81.83180260658264,26.639465979027865,19.997119903564453,0.0,0.0,0,0,0.3996305465698242,2
2137,81.87380266189575,23.809492452926584,17.99607276916504,0.0,0.0,0,0,0.3976144790649414,2
2138,81.90880632400513,28.568439407149086,17.99154281616211,0.0,0.0,0,0,0.3996295928955078,2
2139,81.94186568260193,30.248620736905114,17.038583755493164,0.0,0.0,0,0,0.3976144790649414,2
2140,81.981862783432,25.61469593150367,21.09217643737793,0.0,0.0,0,0,0.3996701240539551,2
2141,82.01790046691895,27.03090218925416,19.029855728149414,0.0,0.0,0,0,0.3976144790649414,2
2142,82.05386567115784,27.80465233445366,19.006967544555664,0.0,0.0,0,0,0.3996295928955078,2
2143,82.08885383605957,28.581093144169376,17.942190170288086,0.0,0.0,0,0,0.3976144790649414,2
2144,82.12585496902466,27.02619946647422,20.000696182250977,0.0,0.0,0,0,0.39958953857421875,2
2145,82.16086030006409,29.413071528751754,16.993045806884766,0.0,0.0,0,0,0.3976144790649414,2
2146,82.19685792922974,27.023761661770013,19.997596740722656,0.0,0.0,0,0,0.39958906173706055,2
2147,82.22985649108887,30.304350967443607,17.002582550048828,0.0,0.0,0,0,0.3976144790649414,2
2148,82.2648549079895,28.57272095589738,17.99941062927246,0.0,0.0,0,0,0.3996295928955078,2
2149,82.30086374282837,27.77096244504476,16.004085540771484,0.0,0.0,0,0,0.3976144790649414,2
2150,82.33785390853882,27.784207737148915,17.989635467529297,0.0,0.0,0,0,0.3996696472167969,2
2151,82.37286710739136,28.5723316711627,17.99917221069336,0.0,0.0,0,0,0.3976144790649414,2
2152,82.41086053848267,25.636928192464733,22.00484275817871,0.0,0.0,0,0,0.3996701240539551,2
2153,82.44785332679749,27.782551384721366,17.999887466430664,0.0,0.0,0,0,0.3976144790649414,2
2154,82.4828565120697,27.776111891075733,18.996477127075195,0.0,0.0,0,0,0.4024496078491211,2
2155,82.52685546875,22.727811644856267,26.999950408935547,0.0,0.0,0,0,0.3976144790649414,2
2156,82.57088613510132,22.711443702011067,27.024269104003906,0.0,0.0,0,0,0.3995485305786133,2
2157,82.60886073112488,26.333394024247067,19.003629684448242,0.0,0.0,0,0,0.3976144790649414,2
2158,82.64885544776917,25.642884217991515,21.99244499206543,0.0,0.0,0,0,0.3996701240539551,2
2159,82.68985629081726,23.810438593503413,22.99952507019043,0.0,0.0,0,0,0.3976144790649414,2
2160,82.73187160491943,24.387757000651224,22.99332618713379,0.0,0.0,0,0,0.3996696472167969,2
2161,82.77585411071777,22.225363904682673,19.995450973510742,0.0,0.0,0,0,0.3976144790649414,2
2162,82.81785798072815,23.80733012822332,22.004365921020508,0.0,0.0,0,0,0.3995485305786133,2
2163,82.85586977005005,26.30762765550419,20.006179809570312,0.0,0.0,0,0,0.3976144790649414,2
2164,82.89785575866699,23.817469421130937,22.999048233032227,0.0,0.0,0,0,0.39971065521240234,2
2165,82.93587231636047,26.304327921080194,19.999980926513672,0.0,0.0,0,0,0.3976144790649414,2
2166,82.97186303138733,27.784943957179575,19.00959014892578,0.0,0.0,0,0,0.39946794509887695,2
2167,83.00586009025574,29.414309157468058,16.997814178466797,0.0,0.0,0,0,0.3976144790649414,2
2168,83.03885412216187,30.308511637653826,16.994237899780273,0.0,0.0,0,0,0.3996295928955078,2
2169,83.06992888450623,32.18045528130922,15.073537826538086,0.0,0.0,0,0,0.3976144790649414,2
2170,83.10185623168945,31.321111467893335,16.994714736938477,0.0,0.0,0,0,0.3996295928955078,2
2171,83.13286304473877,32.25097653246394,16.0062313079834,0.0,0.0,0,0,0.3976144790649414,2
2172,83.16387271881104,32.24800098413089,16.013383865356445,0.0,0.0,0,0,0.3996701240539551,2
2173,83.19786334037781,29.4198797758247,16.005516052246094,0.0,0.0,0,0,0.3976144790649414,2
2174,83.22885656356812,32.265117889149586,15.999555587768555,0.0,0.0,0,0,0.3996701240539551,2
2175,83.25792026519775,34.4071795376614,15.066146850585938,0.0,0.0,0,0,0.3976144790649414,2
2176,83.28985691070557,31.311992355470615,17.994403839111328,0.0,0.0,0,0,0.3996701240539551,2
2177,83.32072043418884,32.40070760364926,15.768051147460938,0.0,0.0,0,0,0.3976144790649414,2
2178,83.35372924804688,30.294938930580937,18.018245697021484,0.0,0.0,0,0,0.3996701240539551,2
2179,83.38570713996887,31.271604846225536,16.99686050415039,0.0,0.0,0,0,0.3976144790649414,2
2180,83.41971349716187,30.305664739884392,17.00139045715332,0.0,0.0,0,0,0.39958906173706055,2
2181,83.45170402526855,31.24481525625745,16.004323959350586,0.0,0.0,0,0,0.3976144790649414,2
2182,83.48571038246155,28.570774638293233,19.006729125976562,0.0,0.0,0,0,0.3996295928955078,2
2183,83.52070355415344,29.41575318928093,18.00227165222168,0.0,0.0,0,0,0.3976144790649414,2
2184,83.55570554733276,27.777951441779145,18.993139266967773,0.0,0.0,0,0,0.39971065521240234,2
2185,83.5927107334137,27.02323933226382,16.987085342407227,0.0,0.0,0,0,0.3976144790649414,2
2186,83.62971353530884,27.78034322199482,18.996477127075195,0.0,0.0,0,0,0.3996701240539551,2
2187,83.66871190071106,25.635047917074125,19.008159637451172,0.0,0.0,0,0,0.3976144790649414,2
2188,83.70870471000671,24.397261469197346,21.997451782226562,0.0,0.0,0,0,0.39979076385498047,2
2189,83.74570298194885,27.0282893634571,20.000219345092773,0.0,0.0,0,0,0.3976144790649414,2
2190,83.78447437286377,25.792213701965945,21.769046783447266,0.0,0.0,0,0,0.3995485305786133,2
2191,83.82052111625671,27.7417571151722,19.046545028686523,0.0,0.0,0,0,0.3976144790649414,2
2192,83.85975456237793,25.48845688727918,21.334409713745117,0.0,0.0,0,0,0.39958906173706055,2
2193,83.8957622051239,27.771881848940918,19.012928009033203,0.0,0.0,0,0,0.3976144790649414,2
2194,83.9297661781311,29.40832825000175,18.00847053527832,0.0,0.0,0,0,0.39958906173706055,2
2195,83.96775531768799,26.323312706322408,22.003889083862305,0.0,0.0,0,0,0.3976144790649414,2
2196,84.01976609230042,19.608072667093644,27.99844741821289,0.0,0.0,0,0,0.39946794509887695,2
2197,84.06476020812988,22.222184546263723,19.997596740722656,0.0,0.0,0,0,0.3976144790649414,2
2198,84.10275387763977,25.64163008791128,19.002437591552734,0.0,0.0,0,0,0.3995485305786133,2
2199,84.13875341415405,28.57272095589738,18.000364303588867,0.0,0.0,0,0,0.3976144790649414,2
2200,84.17588901519775,26.91278681792516,19.14834976196289,0.0,0.0,0,0,0.39958906173706055,2
2201,84.21389245986938,25.65213721736684,18.995285034179688,0.0,0.0,0,0,0.3976144790649414,2
2202,84.25188851356506,26.318522655254853,20.000696182250977,0.0,0.0,0,0,0.3996295928955078,2
2203,84.2878851890564,28.565520904986005,17.008066177368164,0.0,0.0,0,0,0.3976144790649414,2
2204,84.32388520240784,27.034735247671534,18.99886131286621,0.0,0.0,0,0,0.39971065521240234,2
2205,84.35950255393982,28.076203226454247,18.202543258666992,0.0,0.0,0,0,0.3976144790649414,2
2206,84.39699268341064,27.376355174957084,20.04694938659668,0.0,0.0,0,0,0.3996295928955078,2
2207,84.43598866462708,25.026128152651896,19.992828369140625,0.0,0.0,0,0,0.3976144790649414,2
2208,84.47198486328125,28.57700378818848,18.990039825439453,0.0,0.0,0,0,0.3996295928955078,2
2209,84.50998830795288,26.31076317011053,16.003131866455078,0.0,0.0,0,0,0.3976144790649414,2
2210,84.54598498344421,27.781631274259144,18.001079559326172,0.0,0.0,0,0,0.3996295928955078,2
2211,84.57905173301697,29.35337672335363,17.065763473510742,0.0,0.0,0,0,0.3976144790649414,2
2212,84.61397624015808,28.633188607629503,18.002033233642578,0.0,0.0,0,0,0.3996295928955078,2
2213,84.6489794254303,28.56882858582969,17.98415184020996,0.0,0.0,0,0,0.3976144790649414,2
2214,84.68967413902283,24.573216315339277,22.9949951171875,0.0,0.0,0,0,0.3995084762573242,2
2215,84.72768115997314,26.31092821789942,19.00482177734375,0.0,0.0,0,0,0.3976144790649414,2
2216,84.765695810318,26.305647715513185,21.014928817749023,0.0,0.0,0,0,0.3996295928955078,2
2217,84.80268168449402,27.037349319925223,19.005298614501953,0.0,0.0,0,0,0.3976144790649414,2
2218,84.84369730949402,24.985578040019302,20.029783248901367,0.0,0.0,0,0,0.39946794509887695,2
2219,84.87977147102356,26.97839440660196,19.034624099731445,0.0,0.0,0,0,0.3976144790649414,2
2220,84.915780544281,28.569801578922274,17.99464225769043,0.0,0.0,0,0,0.3996295928955078,2
2221,84.95478296279907,25.64163008791128,16.998291015625,0.0,0.0,0,0,0.3976144790649414,2
2222,84.9908242225647,27.778503354504572,17.999649047851562,0.0,0.0,0,0,0.3996701240539551,2
2223,85.02553582191467,27.960908230337452,18.05710792541504,0.0,0.0,0,0,0.3976144790649414,2
2224,85.06049728393555,28.602922824078178,18.024682998657227,0.0,0.0,0,0,0.3996295928955078,2
2225,85.09347534179688,30.323192596876808,16.99542999267578,0.0,0.0,0,0,0.3976144790649414,2
2226,85.12547540664673,31.249936670193268,16.993999481201172,0.0,0.0,0,0,0.3996295928955078,2
2227,85.15747213363647,32.26015459754644,14.99629020690918,0.0,0.0,0,0,0.3976144790649414,2
2228,85.18898797035217,31.70393662695773,16.02482795715332,0.0,0.0,0,0,0.3996295928955078,2
2229,85.218989610672,32.28473783059823,16.000986099243164,0.0,0.0,0,0,0.3976144790649414,2
2230,85.25098919868469,31.250402336532158,16.99686050415039,0.0,0.0,0,0,0.399569034576416,2
2231,85.28498888015747,30.07769148577616,18.246889114379883,0.0,0.0,0,0,0.3976144790649414,2
2232,85.31899333000183,28.771266488774256,18.998146057128906,0.0,0.0,0,0,0.39958906173706055,2
2233,85.35798835754395,25.64429526097935,17.99154281616211,0.0,0.0,0,0,0.3976144790649414,2
2234,85.39298987388611,28.570190794716872,17.994165420532227,0.0,0.0,0,0,0.3996295928955078,2
2235,85.42665553092957,29.70386108042265,17.665386199951172,0.0,0.0,0,0,0.3976144790649414,2
2236,85.56845307350159,7.0941642296691825,124.00341033935547,0.0,0.0,0,0,0.4011201858520508,2
2237,85.59845209121704,32.430018401967,14.999151229858398,0.0,0.0,0,0,0.3976144790649414,2
2238,85.6304543018341,32.2455217799099,17.0135498046875,0.0,0.0,0,0,0.3996295928955078,2
2239,85.66245341300964,30.31289252495176,17.002105712890625,0.0,0.0,0,0,0.3976144790649414,2
2240,85.70045137405396,27.030205386315743,20.99752426147461,0.0,0.0,0,0,0.399630069732666,2
2241,85.73845219612122,25.638965468760507,19.002437591552734,0.0,0.0,0,0,0.3976144790649414,2
2242,85.77746510505676,26.31687131769327,21.00086212158203,0.0,0.0,0,0,0.39958953857421875,2
2243,85.81245160102844,27.7770316359711,19.002437591552734,0.0,0.0,0,0,0.3976144790649414,2
2244,85.84945249557495,27.02637361221189,21.001100540161133,0.0,0.0,0,0,0.3996295928955078,2
2245,85.88891553878784,25.34016433059449,19.70982551574707,0.0,0.0,0,0,0.3976144790649414,2
2246,85.924147605896,28.38323385710612,18.22805404663086,0.0,0.0,0,0,0.3996701240539551,2
2247,85.95892858505249,28.75134697906527,19.01555061340332,0.0,0.0,0,0,0.3976144790649414,2
2248,85.99491333961487,27.78954621648303,20.00260353088379,0.0,0.0,0,0,0.3995485305786133,2
2249,86.02891945838928,29.40647260081889,18.007755279541016,0.0,0.0,0,0,0.3976144790649414,2
2250,86.06391716003418,28.57330490288914,18.001079559326172,0.0,0.0,0,0,0.3996701240539551,2
2251,86.09791398048401,30.306759637270133,17.002582550048828,0.0,0.0,0,0,0.3976144790649414,2
2252,86.13091969490051,29.406060266135704,18.000125885009766,0.0,0.0,0,0,0.3996701240539551,2
2253,86.16298341751099,32.2648696882981,15.999078750610352,0.0,0.0,0,0,0.3976144790649414,2
2254,86.19791913032532,28.57058002111645,19.00029182434082,0.0,0.0,0,0,0.39946794509887695,2
2255,86.23091864585876,30.298659269533054,16.00956916809082,0.0,0.0,0,0,0.3976144790649414,2
2256,86.26491451263428,28.575056887084248,19.00482177734375,0.0,0.0,0,0,0.39970970153808594,2
2257,86.30191135406494,27.029334433159768,16.98017120361328,0.0,0.0,0,0,0.3976144790649414,2
2258,86.33691668510437,28.567077365262936,18.005847930908203,0.0,0.0,0,0,0.3995485305786133,2
2259,86.37091159820557,29.416165795841078,17.998933792114258,0.0,0.0,0,0,0.3976144790649414,2
2260,86.408038854599,26.934389910289426,20.128488540649414,0.0,0.0,0,0,0.39958953857421875,2
2261,86.44305467605591,28.558518932095026,18.990516662597656,0.0,0.0,0,0,0.3976144790649414,2
2262,86.48205947875977,26.324303969070872,19.006013870239258,0.0,0.0,0,0,0.3996295928955078,2
2263,86.51603698730469,29.40647260081889,16.010284423828125,0.0,0.0,0,0,0.3976144790649414,2
2264,86.55104231834412,27.782551384721366,18.00537109375,0.0,0.0,0,0,0.39958906173706055,2
2265,86.5850396156311,29.414102878782565,17.995357513427734,0.0,0.0,0,0,0.3976144790649414,2
2266,86.620041847229,28.569606975001705,19.997596740722656,0.0,0.0,0,0,0.39971065521240234,2
2267,86.6570394039154,27.028811888206523,19.9887752532959,0.0,0.0,0,0,0.3976144790649414,2
2268,86.6960391998291,25.641159820757196,21.991968154907227,0.0,0.0,0,0,0.39971065521240234,2
2269,86.73804640769958,23.805438416264167,21.004676818847656,0.0,0.0,0,0,0.3976144790649414,2
2270,86.78103733062744,23.260724169102193,22.99189567565918,0.0,0.0,0,0,0.3993873596191406,2
2271,86.82403707504272,23.81003309547733,17.996788024902344,0.0,0.0,0,0,0.3976144790649414,2
2272,86.86203908920288,25.639278924622072,20.999670028686523,0.0,0.0,0,0,0.399569034576416,2
2273,86.89811825752258,27.716825153475586,17.499208450317383,0.0,0.0,0,0,0.3976144790649414,2
2274,86.93472743034363,27.31555845001628,19.04463768005371,0.0,0.0,0,0,0.3993873596191406,2
2275,86.96972250938416,28.575446246082574,18.025636672973633,0.0,0.0,0,0,0.3976144790649414,2
2276,87.0027220249176,30.303475182429015,15.996456146240234,0.0,0.0,0,0,0.39958906173706055,2
2277,87.03371334075928,32.267103633440264,14.979124069213867,0.0,0.0,0,0,0.3976144790649414,2
2278,87.06571888923645,31.244582504599936,16.997337341308594,0.0,0.0,0,0,0.3996295928955078,2
2279,87.09578108787537,34.47760433363748,14.995574951171875,0.0,0.0,0,0,0.3976144790649414,2
2280,87.12571334838867,32.268344847748146,15.987634658813477,0.0,0.0,0,0,0.39958906173706055,2
2281,87.15771985054016,31.243651532645536,15.006303787231445,0.0,0.0,0,0,0.3976144790649414,2
2282,87.18871283531189,33.32859742385595,15.00844955444336,0.0,0.0,0,0,0.3996295928955078,2
2283,87.21771931648254,33.33866416552075,16.004085540771484,0.0,0.0,0,0,0.3976144790649414,2
2284,87.24771761894226,33.33521959593712,15.999317169189453,0.0,0.0,0,0,0.3996701240539551,2
2285,87.27671551704407,34.48525808626445,15.995264053344727,0.0,0.0,0,0,0.3976144790649414,2
2286,87.30973315238953,30.286844879626823,17.01951026916504,0.0,0.0,0,0,0.3996295928955078,2
2287,87.34071969985962,32.2720690636854,16.005992889404297,0.0,0.0,0,0,0.3976144790649414,2
2288,87.37273931503296,31.230856291883843,17.02570915222168,0.0,0.0,0,0,0.3996295928955078,2
2289,87.40471982955933,31.269040376930874,16.994237899780273,0.0,0.0,0,0,0.3976144790649414,2
2290,87.4397144317627,28.575835615691727,20.00117301940918,0.0,0.0,0,0,0.39958906173706055,2
2291,87.47471404075623,28.571747763949347,18.97406578063965,0.0,0.0,0,0,0.3976144790649414,2
2292,87.51071405410767,27.77776747574423,19.00005340576172,0.0,0.0,0,0,0.3996701240539551,2
2293,87.54871487617493,26.315220187342756,17.99917221069336,0.0,0.0,0,0,0.3976144790649414,2
2294,87.58771467208862,25.641159820757196,20.995378494262695,0.0,0.0,0,0,0.3996100425720215,2
2295,87.62471556663513,27.02637361221189,19.984960556030273,0.0,0.0,0,0,0.3976144790649414,2
2296,87.66371583938599,25.640846318904014,21.994352340698242,0.0,0.0,0,0,0.39971017837524414,2
2297,87.70071625709534,27.780895229768575,18.99409294128418,0.0,0.0,0,0,0.3976144790649414,2
2298,87.74171590805054,23.807194995969986,22.99666404724121,0.0,0.0,0,0,0.3996701240539551,2
2299,87.77872109413147,27.02323933226382,18.99433135986328,0.0,0.0,0,0,0.3976144790649414,2
2300,87.81771540641785,25.644765643151498,21.999120712280273,0.0,0.0,0,0,0.3996701240539551,2
2301,87.85371851921082,27.775376139012504,19.003629684448242,0.0,0.0,0,0,0.3976144790649414,2
2302,87.88871884346008,28.57116388060108,19.000530242919922,0.0,0.0,0,0,0.3996701240539551,2
2303,87.9227511882782,29.38381135194967,18.015146255493164,0.0,0.0,0,0,0.3976144790649414,2
2304,87.95871353149414,28.600777361063756,18.996477127075195,0.0,0.0,0,0,0.3996701240539551,2
2305,87.99371933937073,27.774640425926417,16.002655029296875,0.0,0.0,0,0,0.3976144790649414,2
2306,88.03071427345276,27.755158220728173,18.035888671875,0.0,0.0,0,0,0.3996295928955078,2
2307,88.06678438186646,27.0009720675426,17.05336570739746,0.0,0.0,0,0,0.3976144790649414,2
2308,88.10371589660645,27.077145550089735,19.98591423034668,0.0,0.0,0,0,0.3996295928955078,2
2309,88.14177894592285,26.272198837442374,20.056962966918945,0.0,0.0,0,0,0.3976144790649414,2
2310,88.17871570587158,27.073300456998272,19.00029182434082,0.0,0.0,0,0,0.3996100425720215,2
2311,88.21177625656128,30.247530036202097,17.05145835876465,0.0,0.0,0,0,0.3976144790649414,2
2312,88.24671483039856,28.62166053649782,18.00060272216797,0.0,0.0,0,0,0.3996295928955078,2
2313,88.2807126045227,29.413690330091097,16.99233055114746,0.0,0.0,0,0,0.3976144790649414,2
2314,88.31572389602661,28.56221398997603,18.010616302490234,0.0,0.0,0,0,0.3996295928955078,2
2315,88.36671304702759,19.612015112407885,16.997575759887695,0.0,0.0,0,0,0.3976144790649414,2
2316,88.40175437927246,29.389164494520585,18.01896095275879,0.0,0.0,0,0,0.3996295928955078,2
2317,88.43900156021118,26.674875030208984,17.51422882080078,0.0,0.0,0,0,0.3976144790649414,2
2318,88.47566413879395,26.711909310915807,19.65808868408203,0.0,0.0,0,0,0.39946794509887695,2
2319,88.50959014892578,30.362704502678444,16.007184982299805,0.0,0.0,0,0,0.3976144790649414,2
2320,88.54463577270508,27.74964935030566,19.040822982788086,0.0,0.0,0,0,0.39958906173706055,2
2321,88.58059096336365,27.812395976314097,19.99974250793457,0.0,0.0,0,0,0.3976144790649414,2
2322,88.6176061630249,27.015928838734194,21.01588249206543,0.0,0.0,0,0,0.39971017837524414,2
2323,88.65558934211731,26.327443460357912,20.998001098632812,0.0,0.0,0,0,0.3976144790649414,2
2324,88.69558930397034,25.000023841880648,22.00007438659668,0.0,0.0,0,0,0.39979076385498047,2
2325,88.73359203338623,27.02672191042006,19.00029182434082,0.0,0.0,0,0,0.3976144790649414,2
2326,88.77358818054199,24.391160735054665,21.99721336364746,0.0,0.0,0,0,0.3996100425720215,2
2327,88.85859251022339,11.764106649015242,66.99895858764648,0.0,0.0,0,0,0.3976144790649414,2
2328,88.89459562301636,27.775376139012504,19.002914428710938,0.0,0.0,0,0,0.3996295928955078,2
2329,88.93359589576721,25.640846318904014,17.995834350585938,0.0,0.0,0,0,0.3976144790649414,2
2330,88.971116065979,26.652331115643925,18.526315689086914,0.0,0.0,0,0,0.3996295928955078,2
2331,89.00410985946655,30.30873065194456,16.99519157409668,0.0,0.0,0,0,0.3976144790649414,2
2332,89.03710436820984,30.30807361856795,16.99542999267578,0.0,0.0,0,0,0.3996701240539551,2
2333,89.06811189651489,32.25023259390258,16.991376876831055,0.0,0.0,0,0,0.3976144790649414,2
2334,89.09410858154297,38.46644289146903,10.996580123901367,0.0,0.0,0,0,0.3980979919433594,1
2335,89.1181116104126,41.661408875998255,9.997129440307617,0.0,0.0,0,0,0.39910125732421875,1
2336,89.14410281181335,38.474558546988945,10.99538803100586,0.0,0.0,0,0,0.3980979919433594,1
2337,89.17110419273376,38.450221847383666,11.0015869140625,0.0,0.0,0,0,0.3990516662597656,1
2338,89.19810318946838,35.72356698747977,11.99960708618164,0.0,0.0,0,0,0.3980979919433594,1
2339,89.22710990905762,35.71200871875213,13.000249862670898,0.0,0.0,0,0,0.3990516662597656,1
2340,89.25410342216492,35.71626615801216,11.991739273071289,0.0,0.0,0,0,0.3980979919433594,1
2341,89.2861123085022,31.241324345461994,12.007474899291992,0.0,0.0,0,0,0.3976144790649414,1
2342,89.3151044845581,34.49206427525863,13.000726699829102,0.0,0.0,0,0,0.3980979919433594,1
2343,89.34311556816101,35.700154059598084,10.992050170898438,0.0,0.0,0,0,0.3990511894226074,1
2344,89.37210392951965,34.496603227345254,12.99428939819336,0.0,0.0,0,0,0.3980979919433594,1
2345,89.40011429786682,35.70106567702836,12.009382247924805,0.0,0.0,0,0,0.3990511894226074,1
2346,89.43010425567627,33.473827024524944,13.883113861083984,0.0,0.0,0,0,0.3980979919433594,1
2347,89.46610641479492,28.471476282277553,12.996435165405273,0.0,0.0,0,0,0.3976144790649414,1
2348,89.49711179733276,32.249240729207514,14.006853103637695,0.0,0.0,0,0,0.3980979919433594,1
2349,89.52510356903076,34.50199478476889,12.000560760498047,0.0,0.0,0,0,0.3990488052368164,1
2350,89.55812048912048,31.24947101773208,13.997316360473633,0.0,0.0,0,0,0.3980979919433594,1
2351,89.59510278701782,26.316706195334362,15.001296997070312,0.0,0.0,0,0,0.3976144790649414,1
2352,89.62710404396057,31.24877256505964,14.000177383422852,0.0,0.0,0,0,0.3980979919433594,1
2353,89.66411232948303,27.02097613771066,14.010906219482422,0.0,0.0,0,0,0.3976144790649414,1
2354,89.69911813735962,29.42214989197228,14.990806579589844,0.0,0.0,0,0,0.39823102951049805,1
2355,89.72910404205322,32.25420066287806,13.000965118408203,0.0,0.0,0,0,0.40035438537597656,1
2356,89.76310324668884,29.412452753448385,16.002178192138672,0.0,0.0,0,0,0.39897871017456055,1
2357,89.7951009273529,31.252265140677157,13.997793197631836,0.0,0.0,0,0,0.40224266052246094,1
2358,89.82909941673279,30.302380522342233,15.001058578491211,0.0,0.0,1,0,0.39900875091552734,1
2359,89.86110305786133,31.242953340087002,12.007474899291992,0.0,0.0,0,0,0.40049171447753906,1
2360,89.89409971237183,29.419673419000056,14.997720718383789,0.0,0.0,0,0,0.39908504486083984,1
2361,89.92510390281677,32.25370460085665,13.004064559936523,0.0,0.0,0,0,0.40207719802856445,1
2362,89.95910596847534,30.305664739884392,14.000177383422852,0.0,0.0,1,0,0.3990459442138672,1
2363,89.99010610580444,31.245048011382682,13.005733489990234,0.0,0.0,0,0,0.3976144790649414,1
2364,90.02133393287659,32.02272119958161,13.227701187133789,0.0,0.0,0,0,0.3980979919433594,1
2365,90.05410289764404,30.516679641742396,10.991811752319336,0.0,0.0,0,0,0.3976144790649414,1
2366,90.08510279655457,32.2581697084362,14.00303840637207,0.0,0.0,0,0,0.3980979919433594,1
2367,90.11611104011536,32.24948868966153,14.010429382324219,0.0,0.0,0,0,0.3976144790649414,1
2368,90.1491150856018,30.29931589479083,15.00391960144043,0.0,0.0,0,0,0.3980979919433594,1
2369,90.18210172653198,31.262980575721887,12.002706527709961,0.0,0.0,0,0,0.3976144790649414,1
2370,90.21209979057312,32.26015459754644,13.000965118408203,0.0,0.0,0,0,0.3980979919433594,1
2371,90.24109888076782,34.483840468301665,11.997699737548828,0.0,0.0,0,0,0.3976144790649414,1
2372,90.27110123634338,33.33071623264647,12.996196746826172,0.0,0.0,0,0,0.3980979919433594,1
2373,90.30010080337524,34.483273453750215,12.000083923339844,0.0,0.0,0,0,0.3976144790649414,1
2374,90.33109998703003,32.25891401322873,13.99993896484375,0.0,0.0,0,0,0.3980979919433594,1
2375,90.36110591888428,34.47505383768144,12.003898620605469,0.0,0.0,0,0,0.3976144790649414,1
2376,90.3981032371521,26.318027232226893,15.99740982055664,0.0,0.0,0,0,0.39858150482177734,1
2377,90.43610858917236,26.312083610403622,13.002634048461914,0.0,0.0,0,0,0.39774179458618164,1
2378,90.46862745285034,31.727199146740897,13.999462127685547,0.0,0.0,0,0,0.3991842269897461,1
2379,90.49863290786743,33.32224261346934,12.01009750366211,0.0,0.0,0,0,0.39922142028808594,1
2380,90.54362988471985,21.7426220925109,19.001245498657227,0.0,0.0,0,0,0.39949893951416016,1
2381,90.5826268196106,25.64304099287745,14.996051788330078,0.0,0.0,0,0,0.40211009979248047,1
2382,90.62363505363464,24.995107416346354,16.007423400878906,0.0,0.0,0,0,0.39928770065307617,1
2383,90.6566412448883,29.406060266135704,14.014720916748047,0.0,0.0,0,0,0.39934682846069336,1
2384,90.6926281452179,28.58265130193604,16.001462936401367,0.0,0.0,0,0,0.39951515197753906,1
2385,90.72563195228577,29.407915863277825,14.007091522216797,0.0,0.0,0,0,0.4021167755126953,1
2386,90.76162600517273,27.782367357753195,16.99972152709961,0.0,0.0,0,0,0.4017305374145508,1
2387,90.79462909698486,31.2276009946841,13.021707534790039,0.0,0.0,0,0,0.3995475769042969,1
2388,90.82862758636475,28.58888563229751,14.997005462646484,0.0,0.0,0,0,0.3997330665588379,1
2389,90.87363862991333,22.216769956035808,22.009849548339844,0.0,0.0,0,0,0.3976144790649414,2
2390,90.91462802886963,24.396551924710042,18.999814987182617,0.0,0.0,0,0,0.39958953857421875,2
2391,90.95163583755493,27.778687330286775,17.99178123474121,0.0,0.0,0,0,0.3976144790649414,2
2392,90.98915433883667,26.649790959805827,18.523216247558594,0.0,0.0,0,0,0.399569034576416,2
2393,91.02114796638489,30.305445769900505,15.936613082885742,0.0,0.0,0,0,0.3976144790649414,2
2394,91.05415058135986,30.30062923069143,16.99662208557129,0.0,0.0,0,0,0.3996100425720215,2
2395,91.08915066719055,28.57135850573225,17.999887466430664,0.0,0.0,0,0,0.3976144790649414,2
2396,91.12620449066162,27.77556007337408,20.99776268005371,0.0,0.0,0,0,0.39958953857421875,2
2397,91.15915012359619,29.414721723518852,18.002033233642578,0.0,0.0,0,0,0.3976144790649414,2
2398,91.1941590309143,29.411009045648974,16.99662208557129,0.0,0.0,0,0,0.3996100425720215,2
2399,91.2251546382904,31.246444614960552,16.001224517822266,0.0,0.0,0,0,0.3976144790649414,2
2400,91.25615048408508,32.2623878897897,16.995906829833984,0.0,0.0,0,0,0.39958953857421875,2
2401,91.29414916038513,26.316706195334362,17.981529235839844,0.0,0.0,0,0,0.3976144790649414,2
2402,91.33315420150757,25.63771172195429,19.987821578979492,0.0,0.0,0,0,0.399569034576416,2
2403,91.3701503276825,27.781447259480046,18.9969539642334,0.0,0.0,0,0,0.3976144790649414,2
2404,91.40815234184265,25.639122195733236,20.99776268005371,0.0,0.0,0,0,0.39970970153808594,2
2405,91.44414782524109,27.781263247138618,18.99862289428711,0.0,0.0,0,0,0.3976144790649414,2
2406,91.48315763473511,25.63457789132069,22.002458572387695,0.0,0.0,0,0,0.3996295928955078,2
2407,91.51721715927124,29.360362882903065,18.067121505737305,0.0,0.0,0,0,0.3976144790649414,2
2408,91.5531644821167,28.625176591025422,18.994808197021484,0.0,0.0,0,0,0.3995485305786133,2
2409,91.58718276023865,28.54588517137179,18.021106719970703,0.0,0.0,0,0,0.3976144790649414,2
2410,91.6242151260376,27.0034057621117,21.039485931396484,0.0,0.0,0,0,0.3996305465698242,2
2411,91.65921592712402,28.570774638293233,18.929243087768555,0.0,0.0,0,0,0.3976144790649414,2
2412,91.70621848106384,21.27543965547851,26.005268096923828,0.0,0.0,0,0,0.3998427391052246,2
2413,91.75021243095398,23.248991175557624,20.92742919921875,0.0,0.0,0,0,0.3976144790649414,2
2414,91.79321360588074,23.264723827695995,25.00176429748535,0.0,0.0,0,0,0.3997359275817871,2
2415,91.83121037483215,26.318687800409123,18.993616104125977,0.0,0.0,0,0,0.3976144790649414,2
2416,91.87121677398682,24.99853381173189,21.99721336364746,0.0,0.0,0,0,0.3995485305786133,2
2417,91.90821743011475,26.312578809683632,19.005537033081055,0.0,0.0,0,0,0.3976144790649414,2
2418,91.94521427154541,27.029334433159768,20.001888275146484,0.0,0.0,0,0,0.3995485305786133,2
2419,91.9852123260498,25.00121599389619,20.992279052734375,0.0,0.0,0,0,0.3976144790649414,2
2420,92.0222156047821,27.77096244504476,19.941091537475586,0.0,0.0,0,0,0.39958953857421875,2
2421,92.0562117099762,28.57914568584297,18.000125885009766,0.0,0.0,0,0,0.3976144790649414,2
2422,92.09322810173035,27.015058805343365,20.012378692626953,0.0,0.0,0,0,0.39958953857421875,2
2423,92.13121628761292,26.323973539859665,21.002531051635742,0.0,0.0,0,0,0.3976144790649414,2
2424,92.17422199249268,23.80219618080186,24.016380310058594,0.0,0.0,0,0,0.399569034576416,2
2425,92.21521210670471,24.400809810811438,18.990278244018555,0.0,0.0,0,0,0.3976144790649414,2
2426,92.25122618675232,27.01627686778185,19.005298614501953,0.0,0.0,0,0,0.39958953857421875,2
2427,92.28821134567261,27.037872195040194,16.997814178466797,0.0,0.0,0,0,0.3976144790649414,2
2428,92.32521796226501,27.76857227978417,19.001483917236328,0.0,0.0,0,0,0.39958953857421875,2
2429,92.35816645622253,29.461002472465722,16.94798469543457,0.0,0.0,0,0,0.3976144790649414,2
2430,92.39322471618652,28.523948451154407,18.04327964782715,0.0,0.0,0,0,0.3995485305786133,2
2431,92.4261646270752,30.35830920671685,17.001628875732422,0.0,0.0,0,0,0.3976144790649414,2
2432,92.46216225624084,28.571553133514985,17.999649047851562,0.0,0.0,0,0,0.3996100425720215,2
2433,92.49516892433167,30.30106703462625,16.000747680664062,0.0,0.0,0,0,0.3976144790649414,2
2434,92.53116106987,27.031076395602128,19.993305206298828,0.0,0.0,0,0,0.399569034576416,2
2435,92.56508302688599,30.37347835847376,17.000436782836914,0.0,0.0,0,0,0.3976144790649414,2
2436,92.60510206222534,24.37981864682632,21.020889282226562,0.0,0.0,0,0,0.40003204345703125,2
2437,92.64308285713196,26.329096124994507,17.99464225769043,0.0,0.0,0,0,0.3976144790649414,2
2438,92.68312811851501,24.97174360867339,22.98426628112793,0.0,0.0,0,0,0.3998575210571289,2
2439,92.72112560272217,27.029160249263743,20.99919319152832,0.0,0.0,0,0,0.3976144790649414,2
2440,92.76112842559814,24.38832422374695,23.003339767456055,0.0,0.0,0,0,0.3998427391052246,2
2441,92.80012822151184,26.315220187342756,20.000696182250977,0.0,0.0,0,0,0.3976144790649414,2
2442,92.84214210510254,23.80962761126249,22.99809455871582,0.0,0.0,0,0,0.39979076385498047,2
2443,92.88314080238342,23.80287157369048,22.011756896972656,0.0,0.0,0,0,0.3976144790649414,2
2444,92.9211494922638,26.309772926859868,20.012855529785156,0.0,0.0,0,0,0.3996295928955078,2
2445,92.9571361541748,27.78807332763567,17.977476119995117,0.0,0.0,0,0,0.3976144790649414,2
2446,92.99312615394592,27.785496147807596,18.998146057128906,0.0,0.0,0,0,0.3996295928955078,2
2447,93.02613425254822,30.295595394594283,17.006874084472656,0.0,0.0,0,0,0.3976144790649414,2
2448,93.06115436553955,28.55501923273309,19.023418426513672,0.0,0.0,0,0,0.3993873596191406,2
2449,93.09616041183472,28.566493672782748,15.997648239135742,0.0,0.0,0,0,0.3976144790649414,2
2450,93.12915682792664,30.3063216688223,16.997098922729492,0.0,0.0,0,0,0.3996701240539551,2
2451,93.15916132926941,34.476187344851965,14.992713928222656,0.0,0.0,0,0,0.3976144790649414,2
2452,93.19016408920288,31.248306947289997,17.006397247314453,0.0,0.0,0,0,0.3996295928955078,2
2453,93.21922039985657,34.41593159980635,15.065670013427734,0.0,0.0,0,0,0.3976144790649414,2
2454,93.25115370750427,31.315265271991517,17.997026443481445,0.0,0.0,0,0,0.3996701240539551,2
2455,93.29116916656494,25.635988020292157,15.944957733154297,0.0,0.0,0,0,0.3976144790649414,2
2456,93.32315611839294,31.255525582365827,16.99042320251465,0.0,0.0,0,0,0.3996701240539551,2
2457,93.35417103767395,31.23504267139304,16.009807586669922,0.0,0.0,0,0,0.3976144790649414,2
2458,93.38715815544128,30.314864337443442,17.997026443481445,0.0,0.0,0,0,0.3996701240539551,2
2459,93.42316031455994,28.574083536007958,17.998218536376953,0.0,0.0,0,0,0.3976144790649414,2
2460,93.46015930175781,26.312743880252444,21.997928619384766,0.0,0.0,0,0,0.3996295928955078,2
2461,93.49816513061523,26.31175348790525,18.00704002380371,0.0,0.0,0,0,0.3976144790649414,2
2462,93.53416085243225,28.57486221156401,17.998933792114258,0.0,0.0,0,0,0.3996295928955078,2
2463,93.56816387176514,28.56902317914626,17.99154281616211,0.0,0.0,0,0,0.3976144790649414,2
2464,93.60620045661926,26.290478070917718,21.52848243713379,0.0,0.0,0,0,0.39971065521240234,2
2465,93.64319682121277,27.029682807686854,19.003868103027344,0.0,0.0,0,0,0.3976144790649414,2
2466,93.68518924713135,23.8138182809191,23.990631103515625,0.0,0.0,0,0,0.3996100425720215,2
2467,93.72218871116638,27.027418533768937,19.999980926513672,0.0,0.0,0,0,0.3976144790649414,2
2468,93.76119565963745,25.636458097758652,22.007226943969727,0.0,0.0,0,0,0.39979076385498047,2
2469,93.7982017993927,27.022542924330768,19.012928009033203,0.0,0.0,0,0,0.3976144790649414,2
2470,93.83719277381897,26.322817102942746,21.002769470214844,0.0,0.0,0,0,0.40003204345703125,2
2471,93.87418913841248,26.317531827850388,19.99497413635254,0.0,0.0,0,0,0.3976144790649414,2
2472,93.91021180152893,27.76030180687008,20.017385482788086,0.0,0.0,0,0,0.3998708724975586,2
2473,93.94819521903992,26.327278205305245,17.004728317260742,0.0,0.0,0,0,0.3976144790649414,2
2474,93.98421120643616,27.765447299784196,19.00625228881836,0.0,0.0,0,0,0.3996701240539551,2
2475,94.019198179245,29.372288127284698,17.058610916137695,0.0,0.0,0,0,0.3976144790649414,2
2476,94.05418968200684,28.60487352433693,18.027305603027344,0.0,0.0,0,0,0.3996295928955078,2
2477,94.08719539642334,29.429581813078865,17.005205154418945,0.0,0.0,0,0,0.3976144790649414,2
2478,94.1221935749054,28.572915602242613,18.994569778442383,0.0,0.0,0,0,0.3996295928955078,2
2479,94.1557559967041,29.79522771025282,17.56572723388672,0.0,0.0,0,0,0.3976144790649414,2
2480,94.18973636627197,29.428755858662402,17.998218536376953,0.0,0.0,0,0,0.3996701240539551,2
2481,94.22273349761963,30.305664739884392,16.978740692138672,0.0,0.0,0,0,0.3976144790649414,2
2482,94.25579810142517,30.243822242091678,18.065690994262695,0.0,0.0,0,0,0.3996701240539551,2
2483,94.28773331642151,31.313394950203815,15.96689224243164,0.0,0.0,0,0,0.3976144790649414,2
2484,94.32275342941284,28.55501923273309,19.01555061340332,0.0,0.0,0,0,0.3996295928955078,2
2485,94.3597321510315,27.789914463091918,17.004013061523438,0.0,0.0,0,0,0.3976144790649414,2
2486,94.3937475681305,28.563381049018673,18.004179000854492,0.0,0.0,0,0,0.3996295928955078,2
2487,94.42773246765137,30.315740780895386,16.99972152709961,0.0,0.0,0,0,0.3976144790649414,2
2488,94.46073341369629,29.41204025104309,17.995595932006836,0.0,0.0,0,0,0.3996701240539551,2
2489,94.49373865127563,30.298221535171994,17.005205154418945,0.0,0.0,0,0,0.3976144790649414,2
2490,94.52873420715332,28.575056887084248,19.99521255493164,0.0,0.0,0,0,0.3996701240539551,2
2491,94.56173348426819,30.303694123937028,17.980337142944336,0.0,0.0,0,0,0.3976144790649414,2
2492,94.59775447845459,28.56921777511375,18.994569778442383,0.0,0.0,0,0,0.39979076385498047,2
2493,94.63094830513,29.229414060322238,17.986059188842773,0.0,0.0,0,0,0.3976144790649414,2
2494,94.67265439033508,24.571056994393707,25.687694549560547,0.0,0.0,0,0,0.3996291160583496,2
2495,94.71270728111267,24.354196062036568,22.059202194213867,0.0,0.0,0,0,0.3976144790649414,2
2496,94.75266456604004,25.02672545989391,22.990703582763672,0.0,0.0,0,0,0.399569034576416,2
2497,94.80065250396729,20.83856992388561,25.006532669067383,0.0,0.0,0,0,0.3976144790649414,2
2498,94.84666275978088,22.225010597710895,25.988101959228516,0.0,0.0,0,0,0.3996295928955078,2
2499,94.88564991950989,24.998086837321573,21.00205421447754,0.0,0.0,0,0,0.3976144790649414,2
2500,94.92964601516724,22.72928961215609,26.999473571777344,0.0,0.0,0,0,0.40003204345703125,2
2501,94.96864914894104,25.638965468760507,18.999576568603516,0.0,0.0,0,0,0.3976144790649414,2
2502,95.00841546058655,25.146913521032182,20.758628845214844,0.0,0.0,0,0,0.3996295928955078,2
2503,95.04642105102539,26.311918548118967,19.013166427612305,0.0,0.0,0,0,0.3976144790649414,2
2504,95.08140921592712,28.581093144169376,18.001317977905273,0.0,0.0,0,0,0.39958906173706055,2
2505,95.11447358131409,30.244040322464343,17.049789428710938,0.0,0.0,0,0,0.3976144790649414,2
2506,95.1484067440033,29.469696330958502,17.996549606323242,0.0,0.0,0,0,0.39958953857421875,2
2507,95.18340921401978,29.40647260081889,18.005847930908203,0.0,0.0,0,0,0.3976144790649414,2
2508,95.2204065322876,26.320174200066518,18.999576568603516,0.0,0.0,0,0,0.3995084762573242,2
2509,95.26841235160828,21.276842692639374,22.97830581665039,0.0,0.0,0,0,0.3976144790649414,2
2510,95.30640578269958,26.311258319689358,18.998146057128906,0.0,0.0,0,0,0.3996701240539551,2
2511,95.34141373634338,28.566882798452568,16.994714736938477,0.0,0.0,0,0,0.3976144790649414,2
2512,95.37841200828552,27.02637361221189,18.999814987182617,0.0,0.0,0,0,0.3996701240539551,2
2513,95.41441202163696,27.032121680845577,20.000219345092773,0.0,0.0,0,0,0.3976144790649414,2
2514,95.45192956924438,26.65419420437214,20.511627197265625,0.0,0.0,0,0,0.39979076385498047,2
2515,95.48792767524719,27.77923927225523,17.99750328063965,0.0,0.0,0,0,0.3976144790649414,2
2516,95.52492690086365,27.02759269521735,20.992517471313477,0.0,0.0,0,0,0.3996295928955078,2
2517,95.56292676925659,27.02010577920363,20.00737190246582,0.0,0.0,0,0,0.3976144790649414,2
2518,95.60295462608337,24.379393523712096,23.029565811157227,0.0,0.0,0,0,0.39970970153808594,2
2519,95.63918566703796,27.600642257376748,19.25039291381836,0.0,0.0,0,0,0.3976144790649414,2
2520,95.67971897125244,25.296149763581976,21.528959274291992,0.0,0.0,0,0,0.399871826171875,2
2521,95.72172355651855,23.807465262010716,20.00141143798828,0.0,0.0,0,0,0.3976144790649414,2
2522,95.7617175579071,24.392295524332372,21.997690200805664,0.0,0.0,0,0,0.399871826171875,2
2523,95.79971885681152,27.026547760193825,19.99974250793457,0.0,0.0,0,0,0.3976144790649414,2
2524,95.83871912956238,25.641003068872344,20.999431610107422,0.0,0.0,0,0,0.3995084762573242,2
2525,95.87471866607666,27.02672191042006,19.99950408935547,0.0,0.0,0,0,0.3976144790649414,2
2526,95.91071820259094,27.778135410250805,19.001007080078125,0.0,0.0,0,0,0.3996295928955078,2
2527,95.94471859931946,30.302380522342233,16.999483108520508,0.0,0.0,0,0,0.3976144790649414,2
2528,95.98071885108948,27.776479781724746,18.9971923828125,0.0,0.0,0,0,0.39971065521240234,2
2529,96.01472878456116,28.56474273844792,18.00990104675293,0.0,0.0,0,0,0.3976144790649414,2
2530,96.0507185459137,28.577198492890286,18.997907638549805,0.0,0.0,0,0,0.3996701240539551,2
2531,96.18815755844116,7.2235628838423676,122.42960929870605,0.0,0.0,0,0,0.3976144790649414,2
2532,96.21959900856018,31.805148815165875,17.44818687438965,0.0,0.0,0,0,0.39958953857421875,2
2533,96.26058983802795,24.395700525801498,17.995595932006836,0.0,0.0,0,0,0.3976144790649414,2
2534,96.2955949306488,28.567271934723678,18.00060272216797,0.0,0.0,0,0,0.3995084762573242,2
2535,96.32759380340576,31.251100862062543,16.001224517822266,0.0,0.0,0,0,0.3976144790649414,2
2536,96.36159372329712,29.411834004179347,17.932653427124023,0.0,0.0,0,0,0.39971065521240234,2
2537,96.39459109306335,30.305445769900505,16.999006271362305,0.0,0.0,0,0,0.3976144790649414,2
2538,96.4285683631897,29.43144038004084,17.970561981201172,0.0,0.0,0,0,0.3996701240539551,2
2539,96.46157693862915,30.295157748757656,16.99972152709961,0.0,0.0,0,0,0.3976144790649414,2
2540,96.49656915664673,28.577782622915077,18.9971923828125,0.0,0.0,0,0,0.3996701240539551,2
2541,96.53257536888123,28.564353671077452,19.002914428710938,0.0,0.0,0,0,0.3976144790649414,2
2542,96.5685703754425,27.03247012722515,19.99664306640625,0.0,0.0,0,0,0.3996295928955078,2
2543,96.60357213020325,28.569996185493977,18.999814987182617,0.0,0.0,0,0,0.3976144790649414,2
2544,96.63957238197327,28.569801578922274,18.941164016723633,0.0,0.0,0,0,0.3995084762573242,2
2545,96.679856300354,24.822626367838268,18.57781410217285,0.0,0.0,0,0,0.3976144790649414,2
2546,96.71885418891907,25.635831331634183,21.007061004638672,0.0,0.0,0,0,0.39958906173706055,2
2547,96.75785565376282,25.007625759445745,19.99950408935547,0.0,0.0,0,0,0.3976144790649414,2
2548,96.80078411102295,23.851329527102337,21.98505401611328,0.0,0.0,0,0,0.3996305465698242,2
2549,96.83977746963501,25.002855388577252,22.001266479492188,0.0,0.0,0,0,0.3976144790649414,2
2550,96.87679052352905,27.01749504006596,20.006895065307617,0.0,0.0,0,0,0.3995485305786133,2
2551,96.91078686714172,29.414928010884278,17.01068878173828,0.0,0.0,0,0,0.3976144790649414,2
2552,96.94778108596802,27.783103480253832,18.998384475708008,0.0,0.0,0,0,0.39971065521240234,2
2553,96.98178386688232,28.568244821784944,18.003463745117188,0.0,0.0,0,0,0.3976144790649414,2
2554,97.01478147506714,30.30522680308088,16.99376106262207,0.0,0.0,0,0,0.39971065521240234,2
2555,97.04677629470825,31.255059763331246,15.995025634765625,0.0,0.0,0,0,0.3976144790649414,2
2556,97.07879066467285,31.23597313037132,17.006874084472656,0.0,0.0,0,0,0.40003204345703125,2
2557,97.11278414726257,30.298440400771494,14.9993896484375,0.0,0.0,0,0,0.3976144790649414,2
2558,97.14479374885559,31.250635174905934,16.004085540771484,0.0,0.0,0,0,0.3996295928955078,2
2559,97.17476677894592,32.28747161387167,15.969038009643555,0.0,0.0,0,0,0.3976144790649414,2
2560,97.20581555366516,33.32806776374862,16.004562377929688,0.0,0.0,0,0,0.3996295928955078,2
2561,97.23477721214294,33.3270084940367,16.010046005249023,0.0,0.0,0,0,0.3976144790649414,2
2562,97.26478409767151,33.325684501581144,16.015291213989258,0.0,0.0,0,0,0.39971065521240234,2
2563,97.29578852653503,32.253456575567895,16.998767852783203,0.0,0.0,0,0,0.3976144790649414,2
2564,97.32878851890564,31.24202246521467,17.013072967529297,0.0,0.0,0,0,0.39971065521240234,2
2565,97.35978269577026,32.26586251461629,16.004323959350586,0.0,0.0,0,0,0.3976144790649414,2
2566,97.39178490638733,30.306978626241023,16.986846923828125,0.0,0.0,0,0,0.39970970153808594,2
2567,97.42478442192078,30.303475182429015,17.007827758789062,0.0,0.0,0,0,0.3976144790649414,2
2568,97.45978355407715,29.411627760208123,19.00005340576172,0.0,0.0,0,0,0.3998708724975586,2
2569,97.4958164691925,27.00375346857838,17.004966735839844,0.0,0.0,0,0,0.3976144790649414,2
2570,97.53186917304993,27.737170669770396,19.04010772705078,0.0,0.0,0,0,0.40003204345703125,2
2571,97.56487321853638,30.29931589479083,18.004655838012695,0.0,0.0,0,0,0.3976144790649414,2
2572,97.60478448867798,25.697085546590205,22.998332977294922,0.0,0.0,0,0,0.3996701240539551,2
2573,97.63880324363708,29.413896602990267,17.988920211791992,0.0,0.0,0,0,0.3976144790649414,2
2574,97.67477202415466,27.0370007477503,20.985126495361328,0.0,0.0,0,0,0.3995485305786133,2
2575,97.71033120155334,28.1221353573009,19.943952560424805,0.0,0.0,0,0,0.3976144790649414,2
2576,97.74933195114136,26.317366697202807,21.001100540161133,0.0,0.0,0,0,0.3996291160583496,2
2577,97.79147386550903,23.17768825671546,20.146608352661133,0.0,0.0,0,0,0.3976144790649414,2
2578,97.8296422958374,26.19966268973702,21.95000648498535,0.0,0.0,0,0,0.39958953857421875,2
2579,97.86562991142273,27.787336941759474,19.00315284729004,0.0,0.0,0,0,0.3976144790649414,2
2580,97.90063214302063,28.569606975001705,18.935680389404297,0.0,0.0,0,0,0.3996295928955078,2
2581,97.93762803077698,27.030031191194286,17.001867294311523,0.0,0.0,0,0,0.3976144790649414,2
2582,97.97464060783386,27.775192207086995,18.00060272216797,0.0,0.0,0,0,0.3996295928955078,2
2583,98.008633852005,29.407091124525866,17.00568199157715,0.0,0.0,0,0,0.3976144790649414,2
2584,98.04463243484497,27.030205386315743,19.00172233581543,0.0,0.0,0,0,0.3996701240539551,2
2585,98.0786383152008,29.406678772496864,18.006086349487305,0.0,0.0,0,0,0.3976144790649414,2
2586,98.11363482475281,28.574278200918343,18.008708953857422,0.0,0.0,0,0,0.3996701240539551,2
2587,98.14764070510864,30.310482880226626,16.988515853881836,0.0,0.0,0,0,0.3976144790649414,2
2588,98.18162655830383,28.571553133514985,18.994569778442383,0.0,0.0,0,0,0.3996295928955078,2
2589,98.21568846702576,30.301504851212623,17.003536224365234,0.0,0.0,0,0,0.3976144790649414,2
2590,98.24973058700562,28.48810704340148,17.944812774658203,0.0,0.0,0,0,0.3996701240539551,2
2591,98.28372621536255,29.415546890341403,17.995119094848633,0.0,0.0,0,0,0.3976144790649414,2
2592,98.3177444934845,29.39596167728461,18.977880477905273,0.0,0.0,0,0,0.39971065521240234,2
2593,98.35474848747253,27.02410989265879,16.99662208557129,0.0,0.0,0,0,0.3976144790649414,2
2594,98.3907561302185,27.771881848940918,18.00680160522461,0.0,0.0,0,0,0.39971065521240234,2
2595,98.42474913597107,29.417816337838502,16.9985294342041,0.0,0.0,0,0,0.3976144790649414,2
2596,98.45975923538208,28.56318653255518,18.009662628173828,0.0,0.0,0,0,0.39971065521240234,2
2597,98.49274897575378,30.312454379232342,17.005205154418945,0.0,0.0,0,0,0.3976144790649414,2
2598,98.53575611114502,23.25195553954043,26.991844177246094,0.0,0.0,0,0,0.40148258209228516,2
2599,98.5717568397522,28.579340419732898,18.001794815063477,0.0,0.0,0,0,0.3976144790649414,2
2600,98.60774493217468,27.028115193030164,19.997358322143555,0.0,0.0,0,0,0.40003204345703125,2
2601,98.64275002479553,28.567271934723678,19.004106521606445,0.0,0.0,0,0,0.3976144790649414,2
2602,98.68075060844421,27.030379583682414,20.999431610107422,0.0,0.0,0,0,0.3996295928955078,2
2603,98.71774244308472,26.317862095362393,20.996809005737305,0.0,0.0,0,0,0.3976144790649414,2
2604,98.75674939155579,26.315220187342756,20.999670028686523,0.0,0.0,0,0,0.3996295928955078,2
2605,98.79674339294434,24.999725821641018,19.00005340576172,0.0,0.0,0,0,0.3976144790649414,2
2606,98.83478713035583,26.31175348790525,20.003080368041992,0.0,0.0,0,0,0.3996295928955078,2
2607,98.87075185775757,27.02532877144827,19.007444381713867,0.0,0.0,0,0,0.3976144790649414,2
2608,98.90674662590027,27.781815291475958,19.00172233581543,0.0,0.0,0,0,0.3995485305786133,2
2609,98.94075036048889,29.408534447700916,18.00537109375,0.0,0.0,0,0,0.3976144790649414,2
2610,98.97683191299438,27.714993689580208,19.084453582763672,0.0,0.0,0,0,0.3996701240539551,2
2611,99.00875115394592,31.329065798220782,16.00480079650879,0.0,0.0,0,0,0.3976144790649414,2
2612,99.04180574417114,30.252984326425803,17.062902450561523,0.0,0.0,0,0,0.3996100425720215,2
2613,99.0737476348877,31.30685058294893,17.941951751708984,0.0,0.0,0,0,0.3976144790649414,2
2614,99.10874795913696,29.411215280942997,17.995357513427734,0.0,0.0,0,0,0.39958953857421875,2
2615,99.14174389839172,29.415546890341403,17.995834350585938,0.0,0.0,0,0,0.3976144790649414,2
2616,99.18376469612122,23.797739548817574,25.99930763244629,0.0,0.0,0,0,0.39971065521240234,2
2617,99.21876168251038,28.573888873749897,15.998601913452148,0.0,0.0,0,0,0.3976144790649414,2
2618,99.25177216529846,31.24551353203662,15.998125076293945,0.0,0.0,0,0,0.39970970153808594,2
2619,99.28277277946472,32.257425437989326,15.993595123291016,0.0,0.0,0,0,0.3976144790649414,2
2620,99.31576919555664,29.40977169462052,19.00625228881836,0.0,0.0,0,0,0.3996701240539551,2
2621,99.34876585006714,30.30610268934522,18.00537109375,0.0,0.0,0,0,0.3976144790649414,2
2622,99.38376379013062,29.413071528751754,18.002748489379883,0.0,0.0,0,0,0.3996295928955078,2
2623,99.41876888275146,27.774272583998833,19.00458335876465,0.0,0.0,0,0,0.3976144790649414,2
2624,99.45676827430725,27.026025322980765,20.000934600830078,0.0,0.0,0,0,0.39958953857421875,2
2625,99.4917619228363,28.575056887084248,18.005847930908203,0.0,0.0,0,0,0.3976144790649414,2
2626,99.52676272392273,27.780159224278393,19.991159439086914,0.0,0.0,0,0,0.39970970153808594,2
2627,99.56176400184631,28.57038540659101,17.995595932006836,0.0,0.0,0,0,0.3976144790649414,2
2628,99.5977725982666,28.568439407149086,18.956899642944336,0.0,0.0,0,0,0.3996291160583496,2
2629,99.63676762580872,25.000023841880648,19.00005340576172,0.0,0.0,0,0,0.3976144790649414,2
2630,99.67476272583008,26.319183248307322,21.001815795898438,0.0,0.0,0,0,0.39958953857421875,2
2631,99.7157723903656,24.384495979814776,20.009756088256836,0.0,0.0,0,0,0.3976144790649414,2
2632,99.7568507194519,24.343736034127513,24.088382720947266,0.0,0.0,0,0,0.399871826171875,2
2633,99.8108491897583,18.519043119663024,36.99970245361328,0.0,0.0,0,0,0.3976144790649414,2
2634,99.85084867477417,25.000321869225726,21.999835968017578,0.0,0.0,0,0,0.399630069732666,2
2635,99.88985228538513,25.638652020563228,20.0045108795166,0.0,0.0,0,0,0.3976144790649414,2
2636,99.9268581867218,27.02271702294896,19.01078224182129,0.0,0.0,0,0,0.39971065521240234,2
2637,99.96185088157654,28.577393200245282,18.001794815063477,0.0,0.0,0,0,0.3976144790649414,2
2638,100.02384948730469,16.393477479167643,43.98488998413086,0.0,0.0,0,0,0.3996100425720215,2
2639,100.05884838104248,27.77960724575289,17.998456954956055,0.0,0.0,0,0,0.3976144790649414,2
2640,100.09485340118408,27.773904751814378,19.002676010131836,0.0,0.0,0,0,0.39971065521240234,2
2641,100.13384699821472,26.30993796222533,17.01068878173828,0.0,0.0,0,0,0.3976144790649414,2
2642,100.169846534729,27.038220789685738,17.99798011779785,0.0,0.0,0,0,0.3996701240539551,2
2643,100.20391273498535,29.354609333445314,17.06671714782715,0.0,0.0,0,0,0.3976144790649414,2
2644,100.23985719680786,27.820697523248565,20.006656646728516,0.0,0.0,0,0,0.39979076385498047,2
2645,100.27684760093689,27.784023688237358,20.0040340423584,0.0,0.0,0,0,0.3976144790649414,2
2646,100.31384921073914,26.315715504693067,18.997669219970703,0.0,0.0,0,0,0.39971065521240234,2
2647,100.34684920310974,30.303037308903853,17.002105712890625,0.0,0.0,0,0,0.3976144790649414,2
2648,100.38186430931091,29.41204025104309,17.99154281616211,0.0,0.0,0,0,0.39971065521240234,2
2649,100.41384720802307,31.249005379147977,15.995502471923828,0.0,0.0,0,0,0.3976144790649414,2
2650,100.44985032081604,27.776479781724746,20.000457763671875,0.0,0.0,0,0,0.3996295928955078,2
2651,100.48285436630249,29.40935926741365,17.000913619995117,0.0,0.0,0,0,0.3976144790649414,2
2652,100.51684713363647,29.41802266861183,17.998218536376953,0.0,0.0,0,0,0.3996701240539551,2
2653,100.55389046669006,26.995410984031768,18.037080764770508,0.0,0.0,0,0,0.3976144790649414,2
2654,100.58984971046448,27.80926112555031,19.99354362487793,0.0,0.0,0,0,0.3996295928955078,2
2655,100.62385082244873,29.410802813247226,18.004655838012695,0.0,0.0,0,0,0.3976144790649414,2
2656,100.66184735298157,26.893804742302414,21.121740341186523,0.0,0.0,0,0,0.40003204345703125,2
2657,100.6998643875122,25.753097638549484,20.977497100830078,0.0,0.0,0,0,0.3976144790649414,2
2658,100.73887515068054,25.633951217127176,22.00627326965332,0.0,0.0,0,0,0.399871826171875,2
2659,100.77487277984619,27.77960724575289,19.006729125976562,0.0,0.0,0,0,0.3976144790649414,2
2660,100.81338667869568,26.65622696189338,20.519733428955078,0.0,0.0,0,0,0.39971017837524414,2
2661,100.84938931465149,27.02567704272634,19.979238510131836,0.0,0.0,0,0,0.3976144790649414,2
2662,100.88793230056763,25.945057868007744,21.54684066772461,0.0,0.0,0,0,0.3995490074157715,2
2663,100.94093370437622,18.867424787678136,24.999618530273438,0.0,0.0,0,0,0.3976144790649414,2
2664,100.9849317073822,23.25685484094551,21.994352340698242,0.0,0.0,0,0,0.39970970153808594,2
2665,101.02493238449097,24.38988422331932,16.9985294342041,0.0,0.0,0,0,0.3976144790649414,2
2666,101.06193518638611,27.024980509146204,17.999649047851562,0.0,0.0,0,0,0.3996295928955078,2
2667,101.09893131256104,27.029856998318007,16.9985294342041,0.0,0.0,0,0,0.3976144790649414,2
2668,101.13593649864197,27.02323933226382,19.002676010131836,0.0,0.0,0,0,0.39971065521240234,2
2669,101.17093515396118,29.417197362883996,16.989469528198242,0.0,0.0,0,0,0.3976144790649414,2
2670,101.20594930648804,27.763058083733245,19.01865005493164,0.0,0.0,0,0,0.3996295928955078,2
2671,101.2399320602417,30.31552166528134,16.997337341308594,0.0,0.0,0,0,0.3976144790649414,2
2672,101.27392864227295,28.577198492890286,18.999338150024414,0.0,0.0,0,0,0.3996100425720215,2
2673,101.30698227882385,30.253857195409594,16.98756217956543,0.0,0.0,0,0,0.3976144790649414,2
2674,101.34090614318848,29.47777379521671,18.000364303588867,0.0,0.0,0,0,0.3996701240539551,2
2675,101.37494540214539,29.377842839232056,17.996788024902344,0.0,0.0,0,0,0.3976144790649414,2
2676,101.40894269943237,29.414102878782565,17.995595932006836,0.0,0.0,0,0,0.3996701240539551,2
2677,101.44594669342041,27.02410989265879,17.005443572998047,0.0,0.0,0,0,0.3976144790649414,2
2678,101.48095297813416,28.56629911392319,19.01078224182129,0.0,0.0,0,0,0.39971017837524414,2
2679,101.51394176483154,30.31333068333755,15.995025634765625,0.0,0.0,0,0,0.3976144790649414,2
2680,101.54894709587097,28.567077365262936,18.998146057128906,0.0,0.0,0,0,0.39971065521240234,2
2681,101.58194231987,30.30741661367709,17.993450164794922,0.0,0.0,0,0,0.3976144790649414,2
2682,101.61694192886353,28.571747763949347,18.99123191833496,0.0,0.0,0,0,0.3996701240539551,2
2683,101.65194368362427,29.40956547957116,17.996788024902344,0.0,0.0,0,0,0.3976144790649414,2
2684,101.68795371055603,27.02027984641946,21.008968353271484,0.0,0.0,0,0,0.39958953857421875,2
2685,101.72394132614136,28.580508878803986,18.993377685546875,0.0,0.0,0,0,0.3976144790649414,2
2686,101.76194477081299,25.639592388148202,21.999120712280273,0.0,0.0,0,0,0.3995490074157715,2
2687,101.79794716835022,27.77592794940565,20.00880241394043,0.0,0.0,0,0,0.3976144790649414,2
2688,101.83494544029236,27.7737208393757,20.010948181152344,0.0,0.0,0,0,0.39979076385498047,2
2689,101.87495994567871,25.007029363541513,18.990516662597656,0.0,0.0,0,0,0.3976144790649414,2
2690,101.91194462776184,27.026547760193825,18.001794815063477,0.0,0.0,0,0,0.3995485305786133,2
2691,101.94794130325317,27.772249627545108,18.009185791015625,0.0,0.0,0,0,0.3976144790649414,2
2692,101.98395681381226,27.732585740639113,19.066572189331055,0.0,0.0,0,0,0.3996295928955078,2
2693,102.01694941520691,29.462244138182943,18.007278442382812,0.0,0.0,0,0,0.3976144790649414,2
2694,102.05193996429443,28.57914568584297,18.99862289428711,0.0,0.0,0,0,0.3996701240539551,2
2695,102.08594965934753,29.403380372527987,18.007993698120117,0.0,0.0,0,0,0.3976144790649414,2
2696,102.12094688415527,28.573694214144112,18.996715545654297,0.0,0.0,0,0,0.3996295928955078,2
2697,102.15394353866577,30.30610268934522,17.000675201416016,0.0,0.0,0,0,0.3976144790649414,2
2698,102.189945936203,27.77592794940565,20.00570297241211,0.0,0.0,0,0,0.3997764587402344,2
2699,102.22401332855225,29.353582151180287,18.070220947265625,0.0,0.0,0,0,0.3976144790649414,2
2700,102.2579414844513,29.47404518463863,18.992185592651367,0.0,0.0,0,0,0.3996295928955078,2
2701,102.2949390411377,27.028811888206523,16.994714736938477,0.0,0.0,0,0,0.3976144790649414,2
2702,102.33027076721191,28.303174260418917,18.003225326538086,0.0,0.0,0,0,0.3996295928955078,2
2703,102.36327242851257,31.255292671112933,15.998601913452148,0.0,0.0,0,0,0.3976144790649414,2
2704,102.39926981925964,27.023761661770013,20.0042724609375,0.0,0.0,0,0,0.39970970153808594,2
2705,102.43226933479309,31.183720809201283,17.009496688842773,0.0,0.0,0,0,0.3976144790649414,2
2706,102.46527814865112,29.463485908567254,17.946243286132812,0.0,0.0,0,0,0.3996701240539551,2
2707,102.49928045272827,30.29384488711052,17.012357711791992,0.0,0.0,0,0,0.3976144790649414,2
2708,102.53326845169067,28.58752164015322,18.999576568603516,0.0,0.0,0,0,0.39970970153808594,2
2709,102.56626486778259,30.3063216688223,16.99662208557129,0.0,0.0,0,0,0.3976144790649414,2
2710,102.60127282142639,28.564937276107713,19.006729125976562,0.0,0.0,0,0,0.3995084762573242,2
2711,102.63726592063904,28.57486221156401,19.002437591552734,0.0,0.0,0,0,0.3976144790649414,2
2712,102.67427325248718,27.025851181731486,20.0045108795166,0.0,0.0,0,0,0.40003204345703125,2
2713,102.71426939964294,24.39073521629653,19.992351531982422,0.0,0.0,0,0,0.3976144790649414,2
2714,102.75326561927795,25.643511329037306,21.993160247802734,0.0,0.0,0,0,0.399871826171875,2
2715,102.78926682472229,27.776847682119204,18.985748291015625,0.0,0.0,0,0,0.3976144790649414,2
2716,102.8263247013092,26.984816511400485,20.05910873413086,0.0,0.0,0,0,0.39979076385498047,2
2717,102.86326718330383,27.069107055270155,19.99807357788086,0.0,0.0,0,0,0.3976144790649414,2
2718,102.89934206008911,28.498365913152192,18.089771270751953,0.0,0.0,0,0,0.39946794509887695,2
2719,102.93334293365479,28.58284608360251,18.0051326751709,0.0,0.0,0,0,0.3976144790649414,2
2720,102.9693443775177,28.573888873749897,18.000125885009766,0.0,0.0,0,0,0.39970970153808594,2
2721,103.0018219947815,30.786142102172636,16.00813865661621,0.0,0.0,0,0,0.3976144790649414,2
2722,103.03382349014282,30.301723764250315,16.999483108520508,0.0,0.0,0,0,0.39971017837524414,2
2723,103.06482315063477,32.25841780621741,16.001224517822266,0.0,0.0,0,0,0.3976144790649414,2
2724,103.0958251953125,32.25593700012305,16.00790023803711,0.0,0.0,0,0,0.3996295928955078,2
2725,103.1288194656372,30.308292626528313,14.997005462646484,0.0,0.0,0,0,0.3976144790649414,2
2726,103.15982246398926,32.25494478452121,15.996932983398438,0.0,0.0,0,0,0.3995485305786133,2
2727,103.18982195854187,33.333894951004154,15.999078750610352,0.0,0.0,0,0,0.3976144790649414,2
2728,103.22082281112671,32.25717735547232,16.99995994567871,0.0,0.0,0,0,0.39971065521240234,2
2729,103.24995756149292,35.543443074445996,15.143156051635742,0.0,0.0,0,0,0.3976144790649414,2
2730,103.27995133399963,32.26437329805074,17.002582550048828,0.0,0.0,0,0,0.39970970153808594,2
2731,103.31296229362488,30.292969709225904,18.01443099975586,0.0,0.0,0,0,0.3976144790649414,2
2732,103.34970569610596,27.215770246507432,19.757986068725586,0.0,0.0,0,0,0.3996295928955078,2
2733,103.3867118358612,27.022542924330768,20.0045108795166,0.0,0.0,0,0,0.3976144790649414,2
2734,103.42170763015747,29.413484060084993,17.996549606323242,0.0,0.0,0,0,0.3996295928955078,2
2735,103.45678305625916,27.721404872374457,18.077850341796875,0.0,0.0,0,0,0.3976144790649414,2
2736,103.49071073532104,29.474459428121683,17.930030822753906,0.0,0.0,0,0,0.39971065521240234,2
2737,103.52670502662659,27.782183333222935,16.99066162109375,0.0,0.0,0,0,0.3976144790649414,2
2738,103.5627064704895,28.569801578922274,18.993854522705078,0.0,0.0,0,0,0.39970970153808594,2
2739,103.59671807289124,28.562408493193598,18.006563186645508,0.0,0.0,0,0,0.3976144790649414,2
2740,103.63170862197876,28.57914568584297,19.99521255493164,0.0,0.0,0,0,0.40003204345703125,2
2741,103.72976899147034,10.30245359442126,81.06684684753418,0.0,0.0,0,0,0.3976144790649414,2
2742,103.77276420593262,22.731753318194382,24.0020751953125,0.0,0.0,0,0,0.3996701240539551,2
2743,103.81080794334412,26.285535229715418,20.04528045654297,0.0,0.0,0,0,0.3976144790649414,2
2744,103.84876441955566,26.345965163535404,20.999908447265625,0.0,0.0,0,0,0.3996295928955078,2
2745,103.88576245307922,27.02846353612878,19.001007080078125,0.0,0.0,0,0,0.3976144790649414,2
2746,103.925776720047,24.99108632441966,23.011445999145508,0.0,0.0,0,0,0.399569034576416,2
2747,103.96376347541809,26.324964852379996,20.00260353088379,0.0,0.0,0,0,0.3976144790649414,2
2748,104.01076436042786,21.74025543207829,24.997711181640625,0.0,0.0,0,0,0.3998575210571289,2
2749,104.05376553535461,22.724979411382254,17.996788024902344,0.0,0.0,0,0,0.3976144790649414,2
2750,104.09176325798035,26.317366697202807,19.00172233581543,0.0,0.0,0,0,0.39971065521240234,2
2751,104.12783002853394,27.726352668980333,18.06640625,0.0,0.0,0,0,0.3976144790649414,2
2752,104.16576528549194,26.360701895520137,20.999908447265625,0.0,0.0,0,0,0.39971065521240234,2
2753,104.20076394081116,28.572526312204094,17.934322357177734,0.0,0.0,0,0,0.3976144790649414,2
2754,104.24076771736145,25.641316574558616,20.998716354370117,0.0,0.0,0,0,0.3995485305786133,2
2755,104.2767641544342,27.026547760193825,19.001483917236328,0.0,0.0,0,0,0.3976144790649414,2
2756,104.31276273727417,28.57058002111645,17.9898738861084,0.0,0.0,0,0,0.39971065521240234,2
2757,104.34776878356934,27.77500827759751,19.00029182434082,0.0,0.0,0,0,0.3976144790649414,2
2758,104.38654828071594,25.786822253509005,21.78192138671875,0.0,0.0,0,0,0.3995485305786133,2
2759,104.42455530166626,26.31092821789942,22.00150489807129,0.0,0.0,0,0,0.3976144790649414,2
2760,104.459552526474,28.573694214144112,18.992185592651367,0.0,0.0,0,0,0.39970970153808594,2
2761,104.49755215644836,26.316045726619066,18.00084114074707,0.0,0.0,0,0,0.3976144790649414,2
2762,104.53455305099487,27.02637361221189,19.99831199645996,0.0,0.0,0,0,0.3996295928955078,2
2763,104.56961464881897,28.52123297452043,17.066478729248047,0.0,0.0,0,0,0.3976144790649414,2
2764,104.60861444473267,25.641159820757196,22.065162658691406,0.0,0.0,0,0,0.39946794509887695,2
2765,104.64355325698853,29.466797808065195,17.99607276916504,0.0,0.0,0,0,0.3976144790649414,2
2766,104.68555331230164,23.254533861891165,23.99754524230957,0.0,0.0,0,0,0.3995084762573242,2
2767,104.72455358505249,26.316045726619066,21.00348472595215,0.0,0.0,0,0,0.3976144790649414,2
2768,104.76755166053772,22.727934801456563,24.999141693115234,0.0,0.0,0,0,0.4013214111328125,2
2769,104.80455136299133,27.027244374565043,19.995450973510742,0.0,0.0,0,0,0.3976144790649414,2
2770,104.84255528450012,26.313074027603513,21.000385284423828,0.0,0.0,0,0,0.39971065521240234,2
2771,104.87855005264282,28.575251565257084,16.998291015625,0.0,0.0,0,0,0.3976144790649414,2
2772,104.91458678245544,27.000624432699674,19.127368927001953,0.0,0.0,0,0,0.3996295928955078,2
2773,104.95459079742432,25.600781273842586,19.05655860900879,0.0,0.0,0,0,0.3976144790649414,2
2774,104.9895887374878,28.61599759844991,18.006563186645508,0.0,0.0,0,0,0.3996701240539551,2
2775,105.02365493774414,29.366324294426125,16.060352325439453,0.0,0.0,0,0,0.3976144790649414,2
2776,105.05559229850769,30.352597224031378,17.005443572998047,0.0,0.0,0,0,0.3996701240539551,2
2777,105.08658981323242,32.26065085799112,16.005277633666992,0.0,0.0,0,0,0.3976144790649414,2
2778,105.11759638786316,33.33018650519306,16.004562377929688,0.0,0.0,0,0,0.3996701240539551,2
2779,105.14759492874146,32.25568894049972,15.000581741333008,0.0,0.0,0,0,0.3976144790649414,2
2780,105.17258834838867,40.01053133644949,10.996818542480469,0.0,0.0,0,0,0.3980979919433594,1
2781,105.19659328460693,41.65809860553812,10.008573532104492,0.0,0.0,0,0,0.3990449905395508,1
2782,105.22159147262573,41.67589749704395,9.996414184570312,0.0,0.0,0,0,0.3980979919433594,1
2783,105.24459147453308,41.66058125906355,9.999513626098633,0.0,0.0,0,0,0.3990449905395508,1
2784,105.2695882320404,41.67424114461722,10.994195938110352,0.0,0.0,0,0,0.3980979919433594,1
2785,105.29858589172363,33.33468972533062,11.00015640258789,0.0,0.0,0,0,0.3976144790649414,1
2786,105.32658839225769,37.03448884807601,12.001752853393555,0.0,0.0,0,0,0.3980979919433594,1
2787,105.3565936088562,32.25196850393701,11.994600296020508,0.0,0.0,0,0,0.3976144790649414,1
2788,105.38658857345581,34.486675820787525,12.001514434814453,0.0,0.0,0,0,0.3980979919433594,1
2789,105.41259384155273,37.03219996291751,11.005401611328125,0.0,0.0,0,0,0.3990511894226074,1
2790,105.44159364700317,35.71596202154383,12.003183364868164,0.0,0.0,0,0,0.3980979919433594,1
2791,105.46732950210571,37.401389297593255,11.000394821166992,0.0,0.0,0,0,0.3990507125854492,1
2792,105.49774932861328,32.873297280351125,13.00954818725586,0.0,0.0,0,0,0.3976144790649414,1
2793,105.52674436569214,34.48866084496851,12.009620666503906,0.0,0.0,0,0,0.3990459442138672,1
2794,105.55773758888245,33.32409584948834,14.011859893798828,0.0,0.0,0,0,0.3980979919433594,1
2795,105.58779788017273,33.34926730752411,11.996269226074219,0.0,0.0,0,0,0.3976144790649414,1
2796,105.61774039268494,32.25593700012305,13.939857482910156,0.0,0.0,0,0,0.3980979919433594,1
2797,105.65173840522766,29.413484060084993,13.999700546264648,0.0,0.0,0,0,0.3976144790649414,1
2798,105.68577742576599,30.300410333468186,15.936613082885742,0.0,0.0,0,0,0.3980979919433594,1
2799,105.71675181388855,31.239695520698337,14.014005661010742,0.0,0.0,0,0,0.3976144790649414,1
2800,105.7517454624176,28.576614386744247,15.973091125488281,0.0,0.0,0,0,0.39767026901245117,1
2801,105.788743019104,27.77960724575289,18.002748489379883,0.0,0.0,0,0,0.39911746978759766,1
2802,105.82374048233032,27.779791236157475,17.002105712890625,0.0,0.0,0,0,0.3989219665527344,1
2803,105.85474109649658,32.257425437989326,12.990713119506836,0.0,0.0,0,0,0.4020371437072754,1
2804,105.9007363319397,21.741382348977286,25.993824005126953,0.0,0.0,0,0,0.3990154266357422,1
2805,105.93082928657532,33.83785789775157,11.77978515625,0.0,0.0,0,0,0.40200328826904297,1
2806,105.96527624130249,28.581872201816733,17.001867294311523,0.0,0.0,1,0,0.3990468978881836,1
2807,106.00083994865417,28.118553279924914,17.99941062927246,0.0,0.0,0,0,0.3976144790649414,2
2808,106.03783655166626,27.02950861930079,18.999338150024414,0.0,0.0,0,0,0.3996295928955078,2
2809,106.07583951950073,26.31373434716053,17.002105712890625,0.0,0.0,0,0,0.3976144790649414,2
2810,106.11184167861938,27.776111891075733,18.996000289916992,0.0,0.0,0,0,0.3996100425720215,2
2811,106.14585399627686,29.401113151733515,17.012357711791992,0.0,0.0,0,0,0.3976144790649414,2
2812,106.18083930015564,28.583430444530766,18.99576187133789,0.0,0.0,0,0,0.3996100425720215,2
2813,106.21384119987488,30.30128594133796,16.996145248413086,0.0,0.0,0,0,0.3976144790649414,2
2814,106.24883723258972,29.416372103461818,17.992496490478516,0.0,0.0,0,0,0.39958953857421875,2
2815,106.2808427810669,30.296689564507624,17.000913619995117,0.0,0.0,0,0,0.3976144790649414,2
2816,106.31583786010742,29.414928010884278,18.001794815063477,0.0,0.0,0,0,0.3996100425720215,2
2817,106.34984803199768,29.412659008990055,17.99798011779785,0.0,0.0,0,0,0.3976144790649414,2
2818,106.38684129714966,27.01958359101216,20.00880241394043,0.0,0.0,0,0,0.40027379989624023,2
2819,106.41484093666077,35.72843586554679,10.996341705322266,0.0,0.0,0,0,0.3976144790649414,1
2820,106.44383716583252,34.483273453750215,11.994123458862305,0.0,0.0,0,0,0.3990650177001953,1
2821,106.4748432636261,31.243651532645536,11.005401611328125,0.0,0.0,0,0,0.3976144790649414,1
2822,106.50684237480164,32.2623878897897,12.9852294921875,0.0,0.0,0,0,0.3990650177001953,1
2823,106.53584814071655,33.32330158023946,11.99960708618164,0.0,0.0,0,0,0.3976144790649414,1
2824,106.56783604621887,31.261815498595034,14.991998672485352,0.0,0.0,0,0,0.39858150482177734,1
2825,106.59783959388733,33.329391945583424,13.003826141357422,0.0,0.0,0,0,0.3976144790649414,1
2826,106.62983584403992,31.2536623895322,13.995170593261719,0.0,0.0,0,0,0.3994612693786621,1
2827,106.66183853149414,32.25048056960955,14.004230499267578,0.0,0.0,0,0,0.39923572540283203,1
2828,106.69783592224121,27.032295902912495,16.00050926208496,0.0,0.0,0,0,0.4009718894958496,1
2829,106.73083829879761,30.30084813107743,14.000654220581055,0.0,0.0,0,0,0.39928293228149414,1
2830,106.76583671569824,29.408740648291626,16.002893447875977,0.0,0.0,0,0,0.4002957344055176,1
2831,106.7988498210907,29.404823331463824,15.010595321655273,0.0,0.0,0,0,0.39943504333496094,1
2832,106.83384823799133,28.57272095589738,15.007972717285156,0.0,0.0,0,0,0.4009113311767578,1
2833,106.87284398078918,25.643824896062608,14.004230499267578,0.0,0.0,0,0,0.39971065521240234,1
2834,106.90984058380127,27.02950861930079,12.997627258300781,0.0,0.0,0,0,0.39997148513793945,1
2835,106.94184923171997,31.24155704857956,13.009071350097656,0.0,0.0,0,0,0.3996448516845703,1
2836,106.98184132575989,25.00494220187315,21.003007888793945,0.0,0.0,0,0,0.3997359275817871,2
2837,107.01584100723267,29.41204025104309,16.999483108520508,0.0,0.0,0,0,0.3976144790649414,2
2838,107.04984426498413,29.408946851773944,16.99972152709961,0.0,0.0,0,0,0.3995490074157715,2
2839,107.08184695243835,31.24737575337669,16.010046005249023,0.0,0.0,0,0,0.3976144790649414,2
2840,107.12083697319031,25.64758829860092,16.99066162109375,0.0,0.0,0,0,0.39958906173706055,2
2841,107.15183591842651,32.259162122459024,15.99740982055664,0.0,0.0,0,0,0.3976144790649414,2
2842,107.18383622169495,31.249703842228,17.000436782836914,0.0,0.0,0,0,0.399871826171875,2
2843,107.21283864974976,35.71018441262111,14.00136947631836,0.0,0.0,0,0,0.3976144790649414,2
2844,107.24285817146301,32.23858203563358,16.009807586669922,0.0,0.0,0,0,0.3995485305786133,2
2845,107.2758526802063,30.30807361856795,14.984369277954102,0.0,0.0,0,0,0.3976144790649414,2
2846,107.30984783172607,30.307854613772673,16.99519157409668,0.0,0.0,0,0,0.3995084762573242,2
2847,107.40423679351807,10.483348829769152,79.38694953918457,0.0,0.0,0,0,0.3976144790649414,2
2848,107.43723654747009,30.303256244084647,18.000125885009766,0.0,0.0,0,0,0.3996100425720215,2
2849,107.47023606300354,30.303475182429015,17.998695373535156,0.0,0.0,0,0,0.3976144790649414,2
2850,107.5042417049408,30.303256244084647,17.997026443481445,0.0,0.0,0,0,0.39979076385498047,2
2851,107.53623676300049,31.246910177231786,17.00282096862793,0.0,0.0,0,0,0.3976144790649414,2
2852,107.57123589515686,27.780159224278393,19.99950408935547,0.0,0.0,0,0,0.3995485305786133,2
2853,107.60723686218262,28.571747763949347,19.00005340576172,0.0,0.0,0,0,0.3976144790649414,2
2854,107.64323782920837,27.77243352050005,19.99187469482422,0.0,0.0,0,0,0.39971017837524414,2
2855,107.67623591423035,29.417403684974644,17.983436584472656,0.0,0.0,0,0,0.3976144790649414,2
2856,107.71423649787903,26.315385291054422,22.00007438659668,0.0,0.0,0,0,0.3998427391052246,2
2857,107.75523591041565,24.39059338000977,21.000385284423828,0.0,0.0,0,0,0.3976144790649414,2
2858,107.79924035072327,22.724979411382254,26.004314422607422,0.0,0.0,0,0,0.39979076385498047,2
2859,107.85223841667175,18.86861307301273,30.00020980834961,0.0,0.0,0,0,0.3976144790649414,2
2860,107.89425492286682,24.38506305122585,21.0111141204834,0.0,0.0,0,0,0.3996305465698242,2
2861,107.92923641204834,27.786048360384232,18.999338150024414,0.0,0.0,0,0,0.3976144790649414,2
2862,107.96623635292053,27.02707021760563,19.99950408935547,0.0,0.0,0,0,0.3995490074157715,2
2863,108.00123763084412,28.57038540659101,18.001556396484375,0.0,0.0,0,0,0.3976144790649414,2
2864,108.0377550125122,27.38421963242255,19.51742172241211,0.0,0.0,0,0,0.3995084762573242,2
2865,108.07376742362976,27.76820459856866,19.011497497558594,0.0,0.0,0,0,0.3976144790649414,2
2866,108.1157546043396,23.816793199588886,25.98881721496582,0.0,0.0,0,0,0.3996295928955078,2
2867,108.14975547790527,29.411009045648974,17.99941062927246,0.0,0.0,0,0,0.3976144790649414,2
2868,108.1847631931305,28.565131816417292,19.006967544555664,0.0,0.0,0,0,0.39979076385498047,2
2869,108.22076034545898,27.77997522899929,16.99519157409668,0.0,0.0,0,0,0.3976144790649414,2
2870,108.25575661659241,28.574472868481113,18.990755081176758,0.0,0.0,0,0,0.39971017837524414,2
2871,108.28975629806519,30.304788878934136,17.997264862060547,0.0,0.0,0,0,0.3976144790649414,2
2872,108.32275485992432,29.411627760208123,17.995357513427734,0.0,0.0,0,0,0.3996295928955078,2
2873,108.3567578792572,30.302818376886563,16.999244689941406,0.0,0.0,0,0,0.3976144790649414,2
2874,108.39175462722778,28.571747763949347,18.000125885009766,0.0,0.0,0,0,0.39970970153808594,2
2875,108.42575550079346,28.570774638293233,18.00060272216797,0.0,0.0,0,0,0.3976144790649414,2
2876,108.46076440811157,28.564159141366677,19.009113311767578,0.0,0.0,0,0,0.39971017837524414,2
2877,108.4957549571991,28.57914568584297,19.00029182434082,0.0,0.0,0,0,0.3976144790649414,2
2878,108.53175568580627,27.777215592259502,20.000457763671875,0.0,0.0,0,0,0.39971017837524414,2
2879,108.56475639343262,30.302380522342233,16.99972152709961,0.0,0.0,0,0,0.3976144790649414,2
2880,108.6007559299469,28.572915602242613,18.999576568603516,0.0,0.0,0,0,0.40003204345703125,2
2881,108.6377546787262,26.315715504693067,17.99917221069336,0.0,0.0,0,0,0.3976144790649414,2
2882,108.67675757408142,25.639122195733236,23.000478744506836,0.0,0.0,0,0,0.39946794509887695,2
2883,108.7185070514679,23.952395637028154,23.744583129882812,0.0,0.0,0,0,0.3976144790649414,2
2884,108.76150965690613,23.254404932193427,25.00009536743164,0.0,0.0,0,0,0.40015316009521484,2
2885,108.80950617790222,20.834843427118106,24.995088577270508,0.0,0.0,0,0,0.3976144790649414,2
2886,108.85650730133057,21.276087188097616,26.998281478881836,0.0,0.0,0,0,0.3996295928955078,2
2887,108.90150785446167,22.725964456003467,24.0020751953125,0.0,0.0,0,0,0.3976144790649414,2
2888,108.94550728797913,22.72892010231066,22.99356460571289,0.0,0.0,0,0,0.3996701240539551,2
2889,108.98550724983215,24.38988422331932,20.99442481994629,0.0,0.0,0,0,0.3976144790649414,2
2890,109.02350664138794,26.31621084068992,21.00062370300293,0.0,0.0,0,0,0.39971017837524414,2
2891,109.06765127182007,22.65281168312126,18.145084381103516,0.0,0.0,0,0,0.3976144790649414,2
2892,109.10664868354797,25.64272744502253,21.997928619384766,0.0,0.0,0,0,0.39971065521240234,2
2893,109.14964938163757,23.808816684263707,17.998933792114258,0.0,0.0,0,0,0.3976144790649414,2
2894,109.18764996528625,25.641003068872344,21.001338958740234,0.0,0.0,0,0,0.40003204345703125,2
2895,109.22765517234802,25.641473330276632,19.990205764770508,0.0,0.0,0,0,0.3976144790649414,2
2896,109.26565074920654,26.315385291054422,19.997596740722656,0.0,0.0,0,0,0.39946794509887695,2
2897,109.30365180969238,25.639749122785567,20.001888275146484,0.0,0.0,0,0,0.3976144790649414,2
2898,109.34465026855469,24.391160735054665,21.998167037963867,0.0,0.0,0,0,0.39971065521240234,2
2899,109.38364887237549,25.641943608930625,19.99807357788086,0.0,0.0,0,0,0.3976144790649414,2
2900,109.42965030670166,22.222302284058216,25.996685028076172,0.0,0.0,0,0,0.3995485305786133,2
2901,109.46864914894104,25.641159820757196,20.998001098632812,0.0,0.0,0,0,0.3976144790649414,2
2902,109.51065063476562,23.25466279301856,23.00119400024414,0.0,0.0,0,0,0.39946794509887695,2
2903,109.549649477005,26.316375956832726,18.997669219970703,0.0,0.0,0,0,0.3976144790649414,2
2904,109.58917498588562,24.67600529489631,20.52450180053711,0.0,0.0,0,0,0.3996291160583496,2
2905,109.6311707496643,23.811925537773288,19.99807357788086,0.0,0.0,0,0,0.3976144790649414,2
2906,109.67117047309875,25.00017285466499,20.995616912841797,0.0,0.0,0,0,0.3996100425720215,2
2907,109.71617364883423,22.726210730502064,22.00031280517578,0.0,0.0,0,0,0.3976144790649414,2
2908,109.75817060470581,23.25685484094551,24.00064468383789,0.0,0.0,0,0,0.40003204345703125,2
2909,109.79817342758179,25.641003068872344,20.99895477294922,0.0,0.0,0,0,0.3976144790649414,2
2910,109.83817100524902,25.000023841880648,22.000551223754883,0.0,0.0,0,0,0.3998708724975586,2
2911,109.87517023086548,26.316045726619066,20.000457763671875,0.0,0.0,0,0,0.3976144790649414,2
2912,109.913170337677,27.02707021760563,19.000530242919922,0.0,0.0,0,0,0.3996295928955078,2
2913,109.94817066192627,27.777399550984455,19.00029182434082,0.0,0.0,0,0,0.3976144790649414,2
2914,109.98517036437988,27.027244374565043,18.999814987182617,0.0,0.0,0,0,0.3996291160583496,2
2915,110.02117037773132,27.77776747574423,18.999814987182617,0.0,0.0,0,0,0.3976144790649414,2
2916,110.05817151069641,27.777583512146016,18.999576568603516,0.0,0.0,0,0,0.39970970153808594,2
2917,110.10017895698547,23.251311048284272,19.005537033081055,0.0,0.0,0,0,0.3976144790649414,2
2918,110.13717126846313,27.03264435378359,19.000530242919922,0.0,0.0,0,0,0.39946794509887695,2
2919,110.17417216300964,27.02637361221189,17.999649047851562,0.0,0.0,0,0,0.3976144790649414,2
2920,110.21717190742493,23.80435757297147,25.00462532043457,0.0,0.0,0,0,0.4003758430480957,2
2921,110.26117277145386,22.226423892998707,27.001142501831055,0.0,0.0,0,0,0.3976144790649414,2
2922,110.31117177009583,20.000400551234794,27.99820899963379,0.0,0.0,0,0,0.3996305465698242,2
2923,110.3551709651947,23.25595218292913,19.998788833618164,0.0,0.0,0,0,0.3976144790649414,2
2924,110.39517164230347,25.000470885562887,19.99831199645996,0.0,0.0,0,0,0.3996696472167969,2
2925,110.4321722984314,26.314724888637933,19.002437591552734,0.0,0.0,0,0,0.3976144790649414,2
2926,110.4751763343811,23.807194995969986,24.005889892578125,0.0,0.0,0,0,0.4003143310546875,2
2927,110.51216983795166,26.32033936594794,18.998146057128906,0.0,0.0,0,0,0.3976144790649414,2
2928,110.54871463775635,27.363674321503133,19.54364776611328,0.0,0.0,0,0,0.3995485305786133,2
2929,110.58817076683044,25.344604842559413,17.999649047851562,0.0,0.0,0,0,0.3976144790649414,2
2930,110.62517094612122,27.02689606289065,20.000219345092773,0.0,0.0,0,0,0.39946794509887695,2
2931,110.66617012023926,24.39073521629653,22.994518280029297,0.0,0.0,0,0,0.3976144790649414,2
2932,110.71017050743103,22.727072733282398,25.997400283813477,0.0,0.0,0,0,0.40003204345703125,2
2933,110.75417184829712,23.256210078069554,22.9949951171875,0.0,0.0,0,0,0.3976144790649414,2
2934,110.80017638206482,21.27360519375127,27.994871139526367,0.0,0.0,0,0,0.39971017837524414,2
2935,110.84617352485657,22.223361980353303,24.001359939575195,0.0,0.0,0,0,0.3976144790649414,2
2936,110.88917303085327,23.257757569036265,22.999286651611328,0.0,0.0,0,0,0.3996100425720215,2
2937,110.92917728424072,24.386197273176546,22.006988525390625,0.0,0.0,0,0,0.3976144790649414,2
2938,110.96917128562927,25.00374969448038,21.00086212158203,0.0,0.0,0,0,0.3996291160583496,2
2939,111.00717425346375,26.31373434716053,20.003557205200195,0.0,0.0,0,0,0.3976144790649414,2
2940,111.04717993736267,24.996448067891965,21.00968360900879,0.0,0.0,0,0,0.3996295928955078,2
2941,111.09017086029053,23.260724169102193,19.999027252197266,0.0,0.0,0,0,0.3976144790649414,2
2942,111.13117122650146,24.390026051358394,21.000146865844727,0.0,0.0,0,0,0.39958953857421875,2
2943,111.180171251297,20.408152938142575,20.98679542541504,0.0,0.0,0,0,0.3976144790649414,2
2944,111.21817588806152,26.312578809683632,20.999908447265625,0.0,0.0,0,0,0.3996295928955078,2
2945,111.31522583961487,10.411344912239766,79.05435562133789,0.0,0.0,0,0,0.3976144790649414,2
2946,111.38922047615051,13.334130228831933,46.99540138244629,0.0,0.0,0,0,0.3995485305786133,2
2947,111.44622015953064,17.5439571011486,29.993772506713867,0.0,0.0,0,0,0.3976144790649414,2
2948,111.5057520866394,16.79770920523038,31.53061866760254,0.0,0.0,0,0,0.39971065521240234,2
2949,111.56874871253967,15.87386603185897,32.99999237060547,0.0,0.0,0,0,0.3976144790649414,2
2950,111.61775159835815,20.406961412522563,25.002717971801758,0.0,0.0,0,0,0.39970970153808594,2
2951,111.67474555969238,17.54571846893955,29.99734878540039,0.0,0.0,0,0,0.3976144790649414,2
2952,111.72074484825134,21.739466659755877,21.997690200805664,0.0,0.0,0,0,0.39979076385498047,2
2953,111.76574468612671,22.222302284058216,19.998550415039062,0.0,0.0,0,0,0.3976144790649414,2
2954,111.80975461006165,22.722147883699638,23.009061813354492,0.0,0.0,0,0,0.3996295928955078,2
2955,111.85575270652771,22.226306111526213,20.99895477294922,0.0,0.0,0,0,0.3976144790649414,2
2956,111.89479541778564,25.609534799943827,19.524574279785156,0.0,0.0,0,0,0.3996295928955078,2
2957,111.93479537963867,24.389600572189497,23.00095558166504,0.0,0.0,0,0,0.3976144790649414,2
2958,111.97079396247864,27.778871308505916,18.999576568603516,0.0,0.0,0,0,0.3996100425720215,2
2959,112.00479412078857,29.411627760208123,16.99972152709961,0.0,0.0,0,0,0.3976144790649414,2
2960,112.0397937297821,28.571747763949347,17.99941062927246,0.0,0.0,0,0,0.3998708724975586,2
2961,112.07479572296143,29.409977912561793,17.00115203857422,0.0,0.0,0,0,0.3976144790649414,2
2962,112.10879373550415,28.57311025123985,17.99941062927246,0.0,0.0,0,0,0.39946794509887695,2
2963,112.14279365539551,29.411834004179347,17.99941062927246,0.0,0.0,0,0,0.3976144790649414,2
2964,112.17630696296692,29.83889303880767,17.999887466430664,0.0,0.0,0,0,0.39970970153808594,2
2965,112.21330785751343,27.7770316359711,17.000913619995117,0.0,0.0,0,0,0.3976144790649414,2
2966,112.24730825424194,29.412246500799416,17.99798011779785,0.0,0.0,0,0,0.3995490074157715,2
2967,112.27930688858032,30.303475182429015,15.998125076293945,0.0,0.0,0,0,0.3976144790649414,2
2968,112.31330704689026,29.411627760208123,17.99941062927246,0.0,0.0,0,0,0.3995485305786133,2
2969,112.35030770301819,27.026547760193825,16.997098922729492,0.0,0.0,0,0,0.3976144790649414,2
2970,112.38430690765381,29.412452753448385,17.999887466430664,0.0,0.0,0,0,0.39946794509887695,2
2971,112.41830682754517,29.411834004179347,16.999483108520508,0.0,0.0,0,0,0.3976144790649414,2
2972,112.4523069858551,29.411627760208123,17.99917221069336,0.0,0.0,0,0,0.39971017837524414,2
2973,112.487309217453,28.569606975001705,19.001483917236328,0.0,0.0,0,0,0.3976144790649414,2
2974,112.52930951118469,23.809357296125157,24.001359939575195,0.0,0.0,0,0,0.399569034576416,2
2975,112.5678322315216,26.649790959805827,19.522428512573242,0.0,0.0,0,0,0.3976144790649414,2
2976,112.60983467102051,23.25504959497896,25.000572204589844,0.0,0.0,0,0,0.3996291160583496,2
2977,112.66535925865173,18.010039203562243,27.998685836791992,0.0,0.0,0,0,0.3976144790649414,2
2978,112.71387982368469,20.609817699375952,27.99677848815918,0.0,0.0,0,0,0.3995084762573242,2
2979,112.75787854194641,22.727934801456563,23.996353149414062,0.0,0.0,0,0,0.3976144790649414,2
2980,112.80487942695618,21.27619511403295,28.001070022583008,0.0,0.0,0,0,0.3995485305786133,2
2981,112.84987831115723,22.22277324771245,19.00029182434082,0.0,0.0,0,0,0.3976144790649414,2
2982,112.88887786865234,25.641316574558616,20.998716354370117,0.0,0.0,0,0,0.3996295928955078,2
2983,112.92587804794312,27.02689606289065,18.998146057128906,0.0,0.0,0,0,0.3976144790649414,2
2984,112.96087861061096,28.570969258121426,18.996238708496094,0.0,0.0,0,0,0.399569034576416,2
2985,112.99488377571106,29.407297304877023,18.00084114074707,0.0,0.0,0,0,0.3976144790649414,2
2986,113.03007888793945,29.244291361915455,18.20063591003418,0.0,0.0,0,0,0.39970970153808594,2
2987,113.062082529068,31.248539754440337,16.002416610717773,0.0,0.0,0,0,0.3976144790649414,2
2988,113.09607744216919,28.573499557190544,17.98844337463379,0.0,0.0,0,0,0.3995485305786133,2
2989,113.13208365440369,27.772985213976863,17.006397247314453,0.0,0.0,0,0,0.3976144790649414,2
2990,113.17109775543213,25.631758098718507,21.020889282226562,0.0,0.0,0,0,0.40003204345703125,2
2991,113.21009159088135,26.325791003182214,18.0056095123291,0.0,0.0,0,0,0.3976144790649414,2
2992,113.24608492851257,27.025851181731486,19.997835159301758,0.0,0.0,0,0,0.3996100425720215,2
2993,113.28215193748474,27.72616938575848,20.06673812866211,0.0,0.0,0,0,0.3976144790649414,2
2994,113.3180787563324,27.834359736674454,19.00196075439453,0.0,0.0,0,0,0.39970970153808594,2
2995,113.35207748413086,29.412865267424493,17.998695373535156,0.0,0.0,0,0,0.3976144790649414,2
2996,113.38609099388123,29.40008271240616,19.011259078979492,0.0,0.0,0,0,0.39971017837524414,2
2997,113.42003130912781,29.463485908567254,16.939163208007812,0.0,0.0,0,0,0.3976144790649414,2
2998,113.45602226257324,28.577393200245282,19.000530242919922,0.0,0.0,0,0,0.40003204345703125,2
2999,113.48902297019958,30.294501303710337,16.99519157409668,0.0,0.0,0,0,0.3976144790649414,2
3000,113.5240421295166,27.77096244504476,20.012617111206055,0.0,0.0,0,0,0.40027379989624023,2
3001,113.56202912330627,26.324799628441777,15.995264053344727,0.0,0.0,0,0,0.3976144790649414,2
3002,113.59802317619324,27.782367357753195,18.993854522705078,0.0,0.0,0,0,0.3997359275817871,2
3003,113.63102865219116,30.298002672734498,18.000125885009766,0.0,0.0,0,0,0.3976144790649414,2
3004,113.66502571105957,29.414309157468058,18.992185592651367,0.0,0.0,0,0,0.399569034576416,2
3005,113.69702291488647,31.25273087641387,16.99995994567871,0.0,0.0,0,0,0.3976144790649414,2
3006,113.73002123832703,30.304569921606877,17.998218536376953,0.0,0.0,0,0,0.3996291160583496,2
3007,113.76202154159546,31.249703842228,16.997575759887695,0.0,0.0,0,0,0.3976144790649414,2
3008,113.79702472686768,28.56882858582969,21.003246307373047,0.0,0.0,0,0,0.3997359275817871,2
3009,113.82902526855469,31.24947101773208,17.999649047851562,0.0,0.0,0,0,0.3976144790649414,2
3010,113.87102150917053,23.81165517045616,22.99642562866211,0.0,0.0,0,0,0.3996100425720215,2
3011,113.9050223827362,30.301942680451102,16.99519157409668,0.0,0.0,0,0,0.3976144790649414,2
3012,113.95002508163452,21.73800194871157,29.002904891967773,0.0,0.0,0,0,0.39971065521240234,2
3013,114.00985527038574,16.998123614493963,24.997711181640625,0.0,0.0,0,0,0.3976144790649414,2
3014,114.05285501480103,22.72731903180185,21.997928619384766,0.0,0.0,0,0,0.39946794509887695,2
3015,114.09185910224915,25.638338580029952,19.99688148498535,0.0,0.0,0,0,0.3976144790649414,2
3016,114.13148403167725,25.236638006245524,20.879745483398438,0.0,0.0,0,0,0.39970970153808594,2
3017,114.16978025436401,26.112235877130725,19.98138427734375,0.0,0.0,0,0,0.3976144790649414,2
3018,114.21121859550476,24.734941322167835,20.016193389892578,0.0,0.0,0,0,0.40003204345703125,2
3019,114.24719643592834,27.738638167292734,18.0661678314209,0.0,0.0,0,0,0.3976144790649414,2
3020,114.28919506072998,23.290819839630394,25.995969772338867,0.0,0.0,0,0,0.3997359275817871,2
3021,114.3331949710846,22.72731903180185,22.999286651611328,0.0,0.0,0,0,0.3976144790649414,2
3022,114.37519407272339,23.81003309547733,25.000810623168945,0.0,0.0,0,0,0.40003204345703125,2
3023,114.41623616218567,24.36523123217325,21.039962768554688,0.0,0.0,0,0,0.3976144790649414,2
3024,114.45476269721985,25.95613644239814,21.01874351501465,0.0,0.0,0,0,0.39946794509887695,2
3025,114.49574828147888,25.006731176256654,18.007993698120117,0.0,0.0,0,0,0.3976144790649414,2
3026,114.53474688529968,25.003153483436762,20.997047424316406,0.0,0.0,0,0,0.39971017837524414,2
3027,114.57574772834778,24.389742396929698,19.998550415039062,0.0,0.0,0,0,0.3976144790649414,2
3028,114.61574864387512,25.64272744502253,20.998716354370117,0.0,0.0,0,0,0.3993873596191406,2
3029,114.69177460670471,13.156083071161284,59.0059757232666,0.0,0.0,0,0,0.3976144790649414,2
3030,114.73184370994568,24.936853808331897,22.033214569091797,0.0,0.0,0,0,0.39958953857421875,2
3031,114.76981925964355,25.66579366050667,20.990371704101562,0.0,0.0,0,0,0.3976144790649414,2
3032,114.81083726882935,25.00121599389619,22.00174331665039,0.0,0.0,0,0,0.39970970153808594,2
3033,114.84888291358948,25.597968911158173,21.065711975097656,0.0,0.0,0,0,0.3976144790649414,2
3034,114.88782048225403,25.682137696245317,20.99323272705078,0.0,0.0,0,0,0.3995485305786133,2
3035,114.92482209205627,27.025851181731486,19.995689392089844,0.0,0.0,0,0,0.3976144790649414,2
3036,114.96383500099182,25.63254131221277,21.00992202758789,0.0,0.0,0,0,0.3998708724975586,2
3037,115.00350713729858,25.206608292216806,18.691062927246094,0.0,0.0,0,0,0.3976144790649414,2
3038,115.04051876068115,27.01853927517747,19.01555061340332,0.0,0.0,0,0,0.399569034576416,2
3039,115.07750248908997,27.786416514296313,17.99917221069336,0.0,0.0,0,0,0.3976144790649414,2
3040,115.11403131484985,27.376891244468233,18.996715545654297,0.0,0.0,0,0,0.3998708724975586,2
3041,115.1920714378357,12.815017598748533,61.01703643798828,0.0,0.0,0,0,0.3976144790649414,2
3042,115.2266218662262,28.126472777505818,18.583059310913086,0.0,0.0,0,0,0.40003204345703125,2
3043,115.26159691810608,29.432059954528867,16.998291015625,0.0,0.0,0,0,0.3976144790649414,2
3044,115.29712891578674,27.37438976634904,20.53046226501465,0.0,0.0,0,0,0.39958953857421875,2
3045,115.33212447166443,29.410596583737693,17.963647842407227,0.0,0.0,0,0,0.3976144790649414,2
3046,115.3671305179596,27.777583512146016,20.0042724609375,0.0,0.0,0,0,0.3995485305786133,2
3047,115.40212440490723,28.576419690001703,18.996715545654297,0.0,0.0,0,0,0.3976144790649414,2
3048,115.43913245201111,27.02115021614065,19.99950408935547,0.0,0.0,0,0,0.399630069732666,2
3049,115.47714304924011,26.308452718468526,18.013954162597656,0.0,0.0,0,0,0.3976144790649414,2
3050,115.51898050308228,24.48656664136844,22.81951904296875,0.0,0.0,0,0,0.399871826171875,2
3051,115.56498575210571,21.274792162273204,19.003629684448242,0.0,0.0,0,0,0.3976144790649414,2
3052,115.60399103164673,25.63755501222494,22.01080322265625,0.0,0.0,0,0,0.399569034576416,2
3053,115.64097905158997,27.035780815913473,18.996000289916992,0.0,0.0,0,0,0.3976144790649414,2
3054,115.67801928520203,26.997669897913205,20.041942596435547,0.0,0.0,0,0,0.39958953857421875,2
3055,115.71193599700928,29.48399024301089,18.00704002380371,0.0,0.0,0,0,0.3976144790649414,2
3056,115.74792885780334,27.783287516974134,19.99950408935547,0.0,0.0,0,0,0.3997359275817871,2
3057,115.78292679786682,28.57311025123985,18.995285034179688,0.0,0.0,0,0,0.3976144790649414,2
3058,115.81993293762207,27.022542924330768,21.00539207458496,0.0,0.0,0,0,0.39971017837524414,2
3059,115.85893440246582,26.276313563834787,20.061969757080078,0.0,0.0,0,0,0.3976144790649414,2
3060,115.89292883872986,28.621465225461296,17.99297332763672,0.0,0.0,0,0,0.40003204345703125,2
3061,115.93093514442444,27.02707021760563,16.99042320251465,0.0,0.0,0,0,0.3976144790649414,2
3062,115.96593117713928,27.77592794940565,18.996477127075195,0.0,0.0,0,0,0.3995485305786133,2
3063,115.99993562698364,29.407915863277825,17.996788024902344,0.0,0.0,0,0,0.3976144790649414,2
3064,116.03493189811707,28.574472868481113,19.003868103027344,0.0,0.0,0,0,0.39970970153808594,2
3065,116.07193803787231,27.77280131371588,18.999576568603516,0.0,0.0,0,0,0.3976144790649414,2
3066,116.10593128204346,28.577198492890286,18.99552345275879,0.0,0.0,0,0,0.39958953857421875,2
3067,116.1409649848938,29.360362882903065,17.06242561340332,0.0,0.0,0,0,0.3976144790649414,2
3068,116.1769495010376,27.0572328017753,21.022558212280273,0.0,0.0,0,0,0.39970970153808594,2
3069,116.21399641036987,27.745794441982152,20.044803619384766,0.0,0.0,0,0,0.3976144790649414,2
3070,116.25092935562134,26.3585483110762,20.9963321685791,0.0,0.0,0,0,0.3995485305786133,2
3071,116.28796410560608,27.001667364084078,20.022153854370117,0.0,0.0,0,0,0.3976144790649414,2
3072,116.32594537734985,27.049729457819282,20.00141143798828,0.0,0.0,0,0,0.39970970153808594,2
3073,116.36699175834656,23.77629005651703,20.060062408447266,0.0,0.0,0,0,0.3976144790649414,2
3074,116.40693163871765,25.037631327602675,20.996570587158203,0.0,0.0,0,0,0.39946794509887695,2
3075,116.44292879104614,27.77997522899929,18.99886131286621,0.0,0.0,0,0,0.3976144790649414,2
3076,116.47892904281616,27.777583512146016,19.99521255493164,0.0,0.0,0,0,0.3995485305786133,2
3077,116.51493310928345,28.571942397035382,18.992185592651367,0.0,0.0,0,0,0.3976144790649414,2
3078,116.55265593528748,25.82143011050574,20.7216739654541,0.0,0.0,0,0,0.39946794509887695,2
3079,116.58963513374329,27.798018358352387,19.98615264892578,0.0,0.0,0,0,0.3976144790649414,2
3080,116.62763047218323,26.314064519367104,20.993709564208984,0.0,0.0,0,0,0.3996295928955078,2
3081,116.66763019561768,24.998086837321573,22.000789642333984,0.0,0.0,0,0,0.3976144790649414,2
3082,116.70863223075867,23.81124963099212,23.000478744506836,0.0,0.0,0,0,0.39971065521240234,2
3083,116.75163650512695,23.25350246433779,23.00429344177246,0.0,0.0,0,0,0.3976144790649414,2
3084,116.79467058181763,23.237398752340745,25.03347396850586,0.0,0.0,0,0,0.3998708724975586,2
3085,116.8376636505127,23.813277466460004,20.999908447265625,0.0,0.0,0,0,0.3976144790649414,2
3086,116.87710237503052,24.72896215457724,21.43573760986328,0.0,0.0,0,0,0.399871826171875,2
3087,116.914710521698,26.58998351718017,19.005298614501953,0.0,0.0,0,0,0.3976144790649414,2
3088,116.95170521736145,27.03090218925416,19.991159439086914,0.0,0.0,0,0,0.3996295928955078,2
3089,116.98772644996643,27.761404251939318,19.021272659301758,0.0,0.0,0,0,0.3976144790649414,2
3090,117.02370929718018,27.791019261477707,20.003318786621094,0.0,0.0,0,0,0.3995485305786133,2
3091,117.05771207809448,29.40935926741365,17.998933792114258,0.0,0.0,0,0,0.3976144790649414,2
3092,117.09370803833008,27.780895229768575,19.002676010131836,0.0,0.0,0,0,0.40003204345703125,2
3093,117.12870621681213,28.572915602242613,18.999576568603516,0.0,0.0,0,0,0.3976144790649414,2
3094,117.16472887992859,28.571553133514985,18.99886131286621,0.0,0.0,0,0,0.3996701240539551,2
3095,117.19871068000793,28.567661081596512,17.992019653320312,0.0,0.0,0,0,0.3976144790649414,2
3096,117.23371028900146,28.571747763949347,18.99886131286621,0.0,0.0,0,0,0.3995485305786133,2
3097,117.27470541000366,25.002110182524827,18.000364303588867,0.0,0.0,0,0,0.3976144790649414,2
3098,117.31173253059387,26.298060705619754,20.021915435791016,0.0,0.0,0,0,0.3996100425720215,2
3099,117.34970784187317,26.332898041185334,19.994020462036133,0.0,0.0,0,0,0.3976144790649414,2
3100,117.38773345947266,27.008970140315405,20.025968551635742,0.0,0.0,0,0,0.40003204345703125,2
3101,117.42271280288696,27.793044953350297,19.005298614501953,0.0,0.0,0,0,0.3976144790649414,2
3102,117.45872783660889,27.7661825259172,19.017934799194336,0.0,0.0,0,0,0.40003204345703125,2
3103,117.4937219619751,28.57622499591214,18.017053604125977,0.0,0.0,0,0,0.3976144790649414,2
3104,117.53070402145386,27.78936209683831,19.99688148498535,0.0,0.0,0,0,0.399569034576416,2
3105,117.56670427322388,27.774272583998833,19.00506019592285,0.0,0.0,0,0,0.3976144790649414,2
3106,117.65374517440796,11.492282863930164,21.01302146911621,0.0,0.0,0,0,0.39946794509887695,2
3107,117.69072270393372,27.029682807686854,18.99862289428711,0.0,0.0,0,0,0.3976144790649414,2
3108,117.72572040557861,27.77960724575289,18.999814987182617,0.0,0.0,0,0,0.3997764587402344,2
3109,117.76372241973877,26.314394699859466,17.993450164794922,0.0,0.0,0,0,0.3976144790649414,2
3110,117.79972290992737,27.777399550984455,19.000530242919922,0.0,0.0,0,0,0.3995485305786133,2
3111,117.83372187614441,30.305445769900505,17.976045608520508,0.0,0.0,0,0,0.3976144790649414,2
3112,117.87173962593079,26.313404183239438,21.003246307373047,0.0,0.0,0,0,0.3996295928955078,2
3113,117.90674471855164,27.7615880012973,19.022703170776367,0.0,0.0,0,0,0.3976144790649414,2
3114,117.94272327423096,28.589275368245982,18.00084114074707,0.0,0.0,0,0,0.40003204345703125,2
3115,117.97772908210754,27.772985213976863,18.994808197021484,0.0,0.0,0,0,0.3976144790649414,2
3116,118.01276111602783,28.545302344574132,19.030094146728516,0.0,0.0,0,0,0.39970970153808594,2
3117,118.04672503471375,29.443010073356497,18.001556396484375,0.0,0.0,0,0,0.3976144790649414,2
3118,118.08272361755371,28.546079452259903,19.0277099609375,0.0,0.0,0,0,0.39970970153808594,2
3119,118.1167242527008,28.59746227849482,18.00084114074707,0.0,0.0,0,0,0.3976144790649414,2
3120,118.15172624588013,28.569801578922274,18.998146057128906,0.0,0.0,0,0,0.40003204345703125,2
3121,118.18972420692444,27.02410989265879,16.999244689941406,0.0,0.0,0,0,0.3976144790649414,2
3122,118.2257251739502,27.03072798515158,19.003629684448242,0.0,0.0,0,0,0.40003204345703125,2
3123,118.26072335243225,28.572915602242613,18.99886131286621,0.0,0.0,0,0,0.3976144790649414,2
3124,118.29773688316345,27.017146979632326,21.010398864746094,0.0,0.0,0,0,0.39979124069213867,2
3125,118.3347225189209,27.771514080077335,19.02151107788086,0.0,0.0,0,0,0.3976144790649414,2
3126,118.3774356842041,22.88817584528409,27.00662612915039,0.0,0.0,0,0,0.40064430236816406,2
3127,118.41342616081238,28.58284608360251,17.99750328063965,0.0,0.0,0,0,0.3976144790649414,2
3128,118.4524245262146,25.630191815309782,22.008657455444336,0.0,0.0,0,0,0.3996701240539551,2
3129,118.49695014953613,21.972245941401113,24.5208740234375,0.0,0.0,0,0,0.3976144790649414,2
3130,118.54697132110596,19.99153495643553,25.01964569091797,0.0,0.0,0,0,0.3996701240539551,2
3131,118.59195852279663,22.73347823023431,21.00992202758789,0.0,0.0,0,0,0.3976144790649414,2
3132,118.63195490837097,24.39286295856887,22.003650665283203,0.0,0.0,0,0,0.3995485305786133,2
3133,118.6779637336731,22.221595876004642,22.001266479492188,0.0,0.0,0,0,0.3976144790649414,2
3134,118.7199501991272,23.25904730216825,24.003267288208008,0.0,0.0,0,0,0.3995490074157715,2
3135,118.75994801521301,25.001365020892568,20.99895477294922,0.0,0.0,0,0,0.3976144790649414,2
3136,118.80083966255188,24.454871962311675,23.172855377197266,0.0,0.0,0,0,0.3995084762573242,2
3137,118.83888483047485,26.284546884498003,20.04384994506836,0.0,0.0,0,0,0.3976144790649414,2
3138,118.87789702415466,25.633011263284626,22.0184326171875,0.0,0.0,0,0,0.3996100425720215,2
3139,118.914883852005,27.036652184563025,19.987821578979492,0.0,0.0,0,0,0.3976144790649414,2
3140,118.95288276672363,27.018017147531904,20.008087158203125,0.0,0.0,0,0,0.399569034576416,2
3141,118.98887944221497,27.78862564265649,18.003225326538086,0.0,0.0,0,0,0.3976144790649414,2
3142,119.02489829063416,27.78034322199482,17.998933792114258,0.0,0.0,0,0,0.39971065521240234,2
3143,119.0598840713501,27.7737208393757,18.98932456970215,0.0,0.0,0,0,0.3976144790649414,2
3144,119.09587931632996,27.781447259480046,18.995046615600586,0.0,0.0,0,0,0.40003204345703125,2
3145,119.13388538360596,26.311588429762434,17.99917221069336,0.0,0.0,0,0,0.3976144790649414,2
3146,119.1698784828186,27.783103480253832,19.000530242919922,0.0,0.0,0,0,0.39971065521240234,2
3147,119.20788264274597,26.31290895289239,18.998384475708008,0.0,0.0,0,0,0.3976144790649414,2
3148,119.24487924575806,27.02950861930079,20.000219345092773,0.0,0.0,0,0,0.3995485305786133,2
3149,119.28188228607178,27.024806381361064,19.982337951660156,0.0,0.0,0,0,0.3976144790649414,2
3150,119.31787896156311,27.78034322199482,18.995046615600586,0.0,0.0,0,0,0.39970970153808594,2
3151,119.3528790473938,28.57135850573225,18.999099731445312,0.0,0.0,0,0,0.3976144790649414,2
3152,119.38887739181519,28.55988015797358,19.008636474609375,0.0,0.0,0,0,0.3996291160583496,2
3153,119.42387795448303,28.580703631271593,18.00370216369629,0.0,0.0,0,0,0.3976144790649414,2
3154,119.45889329910278,27.76893997073681,20.010709762573242,0.0,0.0,0,0,0.40003204345703125,2
3155,119.49688363075256,26.32248671105728,20.006179809570312,0.0,0.0,0,0,0.3976144790649414,2
3156,119.53192186355591,28.54025217574731,19.036293029785156,0.0,0.0,0,0,0.399569034576416,2
3157,119.5809588432312,20.81116993564585,27.09484100341797,0.0,0.0,0,0,0.3976144790649414,2
3158,119.61592531204224,27.814609237706822,19.020557403564453,0.0,0.0,0,0,0.39958953857421875,2
3159,119.64997029304504,29.37290521376799,18.073081970214844,0.0,0.0,0,0,0.3976144790649414,2
3160,119.68392086029053,29.45458886649485,19.016742706298828,0.0,0.0,0,0,0.399569034576416,2
3161,119.71692705154419,30.297346104393302,18.006563186645508,0.0,0.0,0,0,0.3976144790649414,2
3162,119.75092053413391,29.417403684974644,18.993377685546875,0.0,0.0,0,0,0.399569034576416,2
3163,119.7839195728302,30.30391306860875,16.994953155517578,0.0,0.0,0,0,0.3976144790649414,2
3164,119.8179202079773,29.411215280942997,17.995595932006836,0.0,0.0,0,0,0.40003204345703125,2
3165,119.84992742538452,32.253208554093646,14.99176025390625,0.0,0.0,0,0,0.3976144790649414,2
3166,119.87992072105408,32.2623878897897,16.001462936401367,0.0,0.0,0,0,0.39958953857421875,2
3167,119.91191983222961,31.25086801674937,16.999244689941406,0.0,0.0,0,0,0.3976144790649414,2
3168,119.94592094421387,30.30128594133796,17.99488067626953,0.0,0.0,0,0,0.3996295928955078,2
3169,119.98192095756531,27.02759269521735,17.000198364257812,0.0,0.0,0,0,0.3976144790649414,2
3170,120.01692128181458,28.57116388060108,18.99433135986328,0.0,0.0,0,0,0.399569034576416,2
3171,120.05093550682068,29.399464483478894,17.009735107421875,0.0,0.0,0,0,0.3976144790649414,2
3172,120.08692789077759,27.783655597729243,20.006179809570312,0.0,0.0,0,0,0.3995485305786133,2
3173,120.12192749977112,28.571747763949347,18.99862289428711,0.0,0.0,0,0,0.3976144790649414,2
3174,120.15592074394226,29.41761000995946,18.000364303588867,0.0,0.0,0,0,0.40003204345703125,2
3175,120.19192051887512,28.57213703277315,17.989397048950195,0.0,0.0,0,0,0.3976144790649414,2
3176,120.22993445396423,25.631444826722237,21.011829376220703,0.0,0.0,0,0,0.40003204345703125,2
3177,120.26792120933533,26.324964852379996,20.997285842895508,0.0,0.0,0,0,0.3976144790649414,2
3178,120.31392359733582,21.73800194871157,28.998374938964844,0.0,0.0,0,0,0.39958953857421875,2
3179,120.34975814819336,28.699213805278248,18.007516860961914,0.0,0.0,0,0,0.3976144790649414,2
3180,120.38580918312073,26.996801040144693,20.045042037963867,0.0,0.0,0,0,0.39958953857421875,2
3181,120.42380928993225,27.032295902912495,17.00448989868164,0.0,0.0,0,0,0.3976144790649414,2
3182,120.45980525016785,27.024632255819796,20.002126693725586,0.0,0.0,0,0,0.3995490074157715,2
3183,120.50516605377197,22.04546481864005,28.008460998535156,0.0,0.0,0,0,0.3976144790649414,2
3184,120.54515671730042,25.62236326872209,22.036314010620117,0.0,0.0,0,0,0.39946794509887695,2
3185,120.58316349983215,25.6613968968724,22.005319595336914,0.0,0.0,0,0,0.3976144790649414,2
3186,120.6201560497284,27.03247012722515,20.000934600830078,0.0,0.0,0,0,0.39958953857421875,2
3187,120.66023087501526,24.95332151398689,23.06056022644043,0.0,0.0,0,0,0.3976144790649414,2
3188,120.70515632629395,22.765436387320886,26.993513107299805,0.0,0.0,0,0,0.3998575210571289,2
3189,120.74516129493713,24.387757000651224,22.001028060913086,0.0,0.0,0,0,0.3976144790649414,2
3190,120.78667879104614,24.0862309560863,23.520946502685547,0.0,0.0,0,0,0.39971017837524414,2
3191,120.82767963409424,24.99942780850658,21.003246307373047,0.0,0.0,0,0,0.3976144790649414,2
3192,120.87026190757751,22.945146802190408,23.99754524230957,0.0,0.0,0,0,0.3996100425720215,2
3193,120.91226148605347,23.809762771132895,19.001483917236328,0.0,0.0,0,0,0.3976144790649414,2
3194,120.95026707649231,26.311918548118967,19.001483917236328,0.0,0.0,0,0,0.3996295928955078,2
3195,120.98633217811584,27.72763571938546,19.070863723754883,0.0,0.0,0,0,0.3976144790649414,2
3196,121.02769589424133,24.175777557466628,23.029088973999023,0.0,0.0,0,0,0.3995485305786133,2
3197,121.06566524505615,26.337031804338952,21.000385284423828,0.0,0.0,0,0,0.3976144790649414,2
3198,121.10330271720886,26.56926575575024,19.997596740722656,0.0,0.0,0,0,0.3995485305786133,2
3199,121.14230132102966,25.641943608930625,21.004199981689453,0.0,0.0,0,0,0.3976144790649414,2
3200,121.18034505844116,26.285535229715418,21.03877067565918,0.0,0.0,0,0,0.3998708724975586,2
3201,121.21932625770569,25.653392375488536,20.005226135253906,0.0,0.0,0,0,0.3976144790649414,2
3202,121.25832509994507,25.6417868474626,21.003246307373047,0.0,0.0,0,0,0.39971017837524414,2
3203,121.29885005950928,25.295081868347253,21.521329879760742,0.0,0.0,0,0,0.3976144790649414,2
3204,121.33585262298584,26.319843874522306,20.000696182250977,0.0,0.0,0,0,0.3996295928955078,2
3205,121.37689638137817,24.364240487946557,19.046545028686523,0.0,0.0,0,0,0.3976144790649414,2
3206,121.4149079322815,26.30779266395705,19.014835357666016,0.0,0.0,0,0,0.3998708724975586,2
3207,121.45189213752747,27.78954621648303,19.00005340576172,0.0,0.0,0,0,0.3976144790649414,2
3208,121.48889255523682,27.014884805389702,20.007610321044922,0.0,0.0,0,0,0.39970970153808594,2
3209,121.52295589447021,28.533456692699122,18.050432205200195,0.0,0.0,0,0,0.3976144790649414,2
3210,121.5588927268982,27.826603861208785,18.993854522705078,0.0,0.0,0,0,0.39946794509887695,2
3211,121.59492588043213,27.75221988434105,19.010066986083984,0.0,0.0,0,0,0.3976144790649414,2
3212,121.62993788719177,28.561630496217255,19.040822982788086,0.0,0.0,0,0,0.399569034576416,2
3213,121.66589426994324,28.60194757371594,18.003225326538086,0.0,0.0,0,0,0.3976144790649414,2
3214,121.70289039611816,26.322817102942746,21.99697494506836,0.0,0.0,0,0,0.3996696472167969,2
3215,121.74189949035645,25.635047917074125,22.008419036865234,0.0,0.0,0,0,0.3976144790649414,2
3216,121.77890253067017,27.024806381361064,21.00992202758789,0.0,0.0,0,0,0.399630069732666,2
3217,121.816890001297,27.035780815913473,18.000125885009766,0.0,0.0,0,0,0.3976144790649414,2
3218,121.85189032554626,28.57135850573225,17.999887466430664,0.0,0.0,0,0,0.399871826171875,2
3219,121.88689112663269,27.777399550984455,18.991947174072266,0.0,0.0,0,0,0.3976144790649414,2
3220,121.91591954231262,34.44900372883026,13.013362884521484,0.0,0.0,0,0,0.3980979919433594,1
3221,121.94455885887146,34.91703434841245,10.994434356689453,0.0,0.0,0,0,0.399050235748291,1
3222,121.97458076477051,33.30901120543833,13.031005859375,0.0,0.0,0,0,0.3980979919433594,1
3223,122.00355291366577,34.51590710841192,12.006759643554688,0.0,0.0,0,0,0.3990511894226074,1
3224,122.03555250167847,32.26809659724733,12.999296188354492,0.0,0.0,0,0,0.3980979919433594,1
3225,122.06554388999939,32.257425437989326,11.98434829711914,0.0,0.0,0,0,0.3990511894226074,1
3226,122.09656620025635,32.23486554408724,13.019561767578125,0.0,0.0,0,0,0.3980979919433594,1
3227,122.1275429725647,32.28225297477025,11.998653411865234,0.0,0.0,0,0,0.399045467376709,1
3228,122.15854692459106,32.25395262996001,14.000415802001953,0.0,0.0,0,0,0.3980979919433594,1
3229,122.19054508209229,31.25179941882125,11.002063751220703,0.0,0.0,0,0,0.3976144790649414,1
3230,122.22210693359375,32.7316882833107,13.000726699829102,0.0,0.0,0,0,0.3980979919433594,1
3231,122.25110077857971,33.32859742385595,11.989116668701172,0.0,0.0,0,0,0.3990511894226074,1
3232,122.28510665893555,29.406678772496864,15.002965927124023,0.0,0.0,0,0,0.3976144790649414,1
3233,122.31709694862366,31.259485604835405,12.98975944519043,0.0,0.0,0,0,0.3990511894226074,1
3234,122.35109663009644,29.41204025104309,13.999462127685547,0.0,0.0,0,0,0.3980979919433594,1
3235,122.38210701942444,32.247257182836535,12.992620468139648,0.0,0.0,0,0,0.3990511894226074,1
3236,122.41410493850708,31.25203227801414,14.00136947631836,0.0,0.0,0,0,0.3980979919433594,1
3237,122.44509696960449,33.33998918953292,11.982917785644531,0.0,0.0,0,0,0.3990511894226074,1
3238,122.47810578346252,29.405854103130366,15.007734298706055,0.0,0.0,0,0,0.39858150482177734,1
3239,122.51810812950134,24.99853381173189,15.010595321655273,0.0,0.0,0,0,0.3976144790649414,1
3240,122.55809783935547,25.006432996082967,19.99688148498535,0.0,0.0,0,0,0.3981013298034668,1
3241,122.59509825706482,27.02672191042006,12.984037399291992,0.0,0.0,0,0,0.39905881881713867,1
3242,122.63009691238403,29.414309157468058,13.995170593261719,0.0,0.0,0,0,0.3977799415588379,1
3243,122.66509771347046,28.56785565900871,15.002727508544922,0.0,0.0,0,0,0.40079355239868164,1
3244,122.80409741401672,7.142973434628819,119.98462677001953,0.0,0.0,0,0,0.3990964889526367,1
3245,122.84109950065613,27.025502905965283,14.996528625488281,0.0,0.0,0,0,0.4004693031311035,1
3246,122.88009977340698,26.315385291054422,18.00370216369629,0.0,0.0,0,0,0.3991971015930176,1
3247,122.91910362243652,25.642257137616923,14.000654220581055,0.0,0.0,0,0,0.40067481994628906,1
3248,122.95410251617432,28.566688234292524,15.002965927124023,0.0,0.0,1,0,0.3991994857788086,1
3249,122.99265575408936,25.28334096882309,12.999534606933594,0.0,0.0,0,0,0.3990488052368164,1
3250,123.02965474128723,27.027766858910333,17.003297805786133,0.0,0.0,0,0,0.3980979919433594,1
3251,123.06265950202942,30.298659269533054,13.004779815673828,0.0,0.0,0,0,0.3976144790649414,1
3252,123.09765338897705,29.416784727384943,13.99540901184082,0.0,0.0,0,0,0.3980979919433594,1
3253,123.13765978813171,24.998980802126606,16.003131866455078,0.0,0.0,0,0,0.3976144790649414,1
3254,123.17266750335693,28.574083536007958,13.991832733154297,0.0,0.0,0,0,0.3980979919433594,1
3255,123.2046549320221,30.300410333468186,12.989044189453125,0.0,0.0,0,0,0.3976144790649414,1
3256,123.23868536949158,29.38545826502445,14.003992080688477,0.0,0.0,0,0,0.3976864814758301,1
3257,123.27168607711792,30.302380522342233,14.004707336425781,0.0,0.0,0,0,0.39943504333496094,1
3258,123.30468034744263,31.255059763331246,12.996435165405273,0.0,0.0,0,0,0.39915990829467773,1
3259,123.34174346923828,26.272527968129488,18.06163787841797,0.0,0.0,0,0,0.4006357192993164,1
3260,123.37368273735046,31.309421258108582,13.002157211303711,0.0,0.0,0,0,0.3992338180541992,1
3261,123.4052186012268,31.70992885817753,12.537717819213867,0.0,0.0,0,0,0.3992800712585449,1
3262,123.4386076927185,30.30522680308088,15.000104904174805,0.0,0.0,0,0,0.40058040618896484,1
3263,123.46921396255493,33.33336512250753,11.99960708618164,0.0,0.0,0,0,0.3993806838989258,1
3264,123.50028705596924,31.180938928744006,14.067888259887695,0.0,0.0,0,0,0.39934539794921875,1
3265,123.54422068595886,22.761606546879324,18.00537109375,0.0,0.0,0,0,0.3976144790649414,2
3266,123.58428883552551,24.95747896559521,21.06165885925293,0.0,0.0,0,0,0.3995485305786133,2
3267,123.62422800064087,25.038079717282425,17.93694496154785,0.0,0.0,0,0,0.3976144790649414,2
3268,123.66426205635071,24.97873328767531,20.041942596435547,0.0,0.0,0,0,0.3995485305786133,2
3269,123.7032516002655,26.319183248307322,21.00396156311035,0.0,0.0,0,0,0.3976144790649414,2
3270,123.7422502040863,25.004345933958497,22.001981735229492,0.0,0.0,0,0,0.3996295928955078,2
3271,123.78125095367432,26.315550396837846,18.999338150024414,0.0,0.0,0,0,0.3976144790649414,2
3272,123.81731009483337,26.983601284105017,19.059419631958008,0.0,0.0,0,0,0.39958953857421875,2
3273,123.8512544631958,29.45996783097919,17.947673797607422,0.0,0.0,0,0,0.3976144790649414,2
3274,123.88533234596252,29.344546046049548,17.077207565307617,0.0,0.0,0,0,0.3995485305786133,2
3275,123.9194016456604,30.278973737023723,16.634225845336914,0.0,0.0,0,0,0.3976144790649414,2
3276,123.96036195755005,23.807600397332198,25.002717971801758,0.0,0.0,0,0,0.3995485305786133,2
3277,123.99635648727417,27.78199931113054,16.925811767578125,0.0,0.0,0,0,0.3976144790649414,2
3278,124.03440833091736,26.279935589376006,22.047758102416992,0.0,0.0,0,0,0.399569034576416,2
3279,124.06735944747925,30.3479852684741,17.000675201416016,0.0,0.0,0,0,0.3976144790649414,2
3280,124.1013696193695,29.40296812455748,18.00370216369629,0.0,0.0,0,0,0.399569034576416,2
3281,124.13536190986633,29.418435338841583,17.004966735839844,0.0,0.0,0,0,0.3976144790649414,2
3282,124.17139506340027,27.75221988434105,19.033193588256836,0.0,0.0,0,0,0.3996701240539551,2
3283,124.20535683631897,29.444870336829396,16.998291015625,0.0,0.0,0,0,0.3976144790649414,2
3284,124.24235773086548,27.773169116673287,18.001079559326172,0.0,0.0,0,0,0.3995084762573242,2
3285,124.2743628025055,30.303037308903853,17.001628875732422,0.0,0.0,0,0,0.3976144790649414,2
3286,124.3093695640564,28.565910004154492,19.004344940185547,0.0,0.0,0,0,0.39946794509887695,2
3287,124.34235978126526,30.31201624617875,16.987323760986328,0.0,0.0,0,0,0.3976144790649414,2
3288,124.38135838508606,26.315220187342756,21.001815795898438,0.0,0.0,0,0,0.39958953857421875,2
3289,124.42735886573792,21.277382371591628,25.99930763244629,0.0,0.0,0,0,0.3976144790649414,2
3290,124.47635698318481,20.834532945880834,24.984121322631836,0.0,0.0,0,0,0.3995485305786133,2
3291,124.52435660362244,20.40795434087669,19.998550415039062,0.0,0.0,0,0,0.3976144790649414,2
3292,124.56535720825195,24.9973419154896,22.004127502441406,0.0,0.0,0,0,0.39958953857421875,2
3293,124.60337591171265,25.63113156238351,20.01500129699707,0.0,0.0,0,0,0.3976144790649414,2
3294,124.64435815811157,25.004196871423122,22.01080322265625,0.0,0.0,0,0,0.39958953857421875,2
3295,124.68735814094543,23.260466173836367,23.998022079467773,0.0,0.0,0,0,0.3976144790649414,2
3296,124.73135828971863,22.729412784774457,23.993253707885742,0.0,0.0,0,0,0.3997359275817871,2
3297,124.77035760879517,24.99927880460373,20.00141143798828,0.0,0.0,0,0,0.3976144790649414,2
3298,124.8103575706482,25.641473330276632,21.996498107910156,0.0,0.0,0,0,0.3997359275817871,2
3299,124.84935641288757,25.000321869225726,19.999980926513672,0.0,0.0,0,0,0.3976144790649414,2
3300,124.89035725593567,24.389742396929698,22.99642562866211,0.0,0.0,0,0,0.3995485305786133,2
3301,124.9303572177887,25.000023841880648,18.992900848388672,0.0,0.0,0,0,0.3976144790649414,2
3302,124.96789479255676,26.639973577907064,19.288301467895508,0.0,0.0,0,0,0.39958953857421875,2
3303,125.00189352035522,29.412865267424493,16.993045806884766,0.0,0.0,0,0,0.3976144790649414,2
3304,125.03889894485474,27.746345077596814,19.034862518310547,0.0,0.0,0,0,0.3996100425720215,2
3305,125.07190132141113,29.44032344105343,16.948938369750977,0.0,0.0,0,0,0.3976144790649414,2
3306,125.10790276527405,27.77666373070377,19.001007080078125,0.0,0.0,0,0,0.39958953857421875,2
3307,125.14190077781677,30.311797184401467,16.991853713989258,0.0,0.0,0,0,0.3976144790649414,2
3308,125.17889976501465,26.311258319689358,21.007299423217773,0.0,0.0,0,0,0.4003143310546875,2
3309,125.21189904212952,30.303694123937028,16.942739486694336,0.0,0.0,0,0,0.3976144790649414,2
3310,125.24689435958862,29.4145154390468,18.001794815063477,0.0,0.0,0,0,0.39958953857421875,2
3311,125.27989912033081,29.408946851773944,18.001794815063477,0.0,0.0,0,0,0.3976144790649414,2
3312,125.31589412689209,27.781631274259144,19.999980926513672,0.0,0.0,0,0,0.3996100425720215,2
3313,125.35489869117737,26.306637648254192,18.008708953857422,0.0,0.0,0,0,0.3976144790649414,2
3314,125.39389610290527,25.607658540457045,20.061969757080078,0.0,0.0,0,0,0.39971065521240234,2
3315,125.4288923740387,27.828634744126486,18.9969539642334,0.0,0.0,0,0,0.3976144790649414,2
3316,125.46489334106445,27.7770316359711,19.994497299194336,0.0,0.0,0,0,0.3996295928955078,2
3317,125.49831962585449,29.91657631954351,17.427444458007812,0.0,0.0,0,0,0.3976144790649414,2
3318,125.53533005714417,27.019409532766872,21.000146865844727,0.0,0.0,0,0,0.4013214111328125,2
3319,125.57031965255737,28.579924637325647,17.99941062927246,0.0,0.0,0,0,0.3976144790649414,2
3320,125.60634660720825,27.756994996955818,20.02239227294922,0.0,0.0,0,0,0.39970970153808594,2
3321,125.63938021659851,30.272199086270238,17.06242561340332,0.0,0.0,0,0,0.3976144790649414,2
3322,125.67532062530518,28.619316979973387,20.002126693725586,0.0,0.0,0,0,0.39958953857421875,2
3323,125.71232032775879,26.316706195334362,21.002769470214844,0.0,0.0,0,0,0.3976144790649414,2
3324,125.75231981277466,25.000321869225726,22.998332977294922,0.0,0.0,0,0,0.39971017837524414,2
3325,125.79532146453857,23.810438593503413,20.999431610107422,0.0,0.0,0,0,0.3976144790649414,2
3326,125.83531880378723,24.978882046762035,21.02947235107422,0.0,0.0,0,0,0.3996295928955078,2
3327,125.87433338165283,25.011652175987216,20.01333236694336,0.0,0.0,0,0,0.3976144790649414,2
3328,125.91334557533264,25.633011263284626,22.02153205871582,0.0,0.0,0,0,0.3996701240539551,2
3329,125.94932293891907,28.58830104829805,18.006563186645508,0.0,0.0,0,0,0.3976144790649414,2
3330,125.98532342910767,27.028115193030164,18.997907638549805,0.0,0.0,0,0,0.3995485305786133,2
3331,126.02032375335693,28.57116388060108,17.999649047851562,0.0,0.0,0,0,0.3976144790649414,2
3332,126.06334018707275,23.246929455061412,25.014162063598633,0.0,0.0,0,0,0.3993873596191406,2
3333,126.09840369224548,28.51968150570828,18.078327178955078,0.0,0.0,0,0,0.3976144790649414,2
3334,126.14833760261536,20.026470841012614,33.02001953125,0.0,0.0,0,0,0.39946794509887695,2
3335,126.18234825134277,29.402555888146594,17.000198364257812,0.0,0.0,0,0,0.3976144790649414,2
3336,126.21732020378113,28.594342902722197,19.002199172973633,0.0,0.0,0,0,0.39971065521240234,2
3337,126.2543272972107,27.77500827759751,17.005443572998047,0.0,0.0,0,0,0.3976144790649414,2
3338,126.28931856155396,27.781815291475958,19.00005340576172,0.0,0.0,0,0,0.39958906173706055,2
3339,126.32331824302673,29.41204025104309,16.996383666992188,0.0,0.0,0,0,0.3976144790649414,2
3340,126.36231827735901,25.641003068872344,22.992372512817383,0.0,0.0,0,0,0.3996295928955078,2
3341,126.39932441711426,27.022542924330768,20.003080368041992,0.0,0.0,0,0,0.3976144790649414,2
3342,126.43652749061584,26.87949961868996,21.209001541137695,0.0,0.0,0,0,0.3995490074157715,2
3343,126.47052669525146,29.412452753448385,17.000913619995117,0.0,0.0,0,0,0.3976144790649414,2
3344,126.505610704422,28.503013869917705,18.999338150024414,0.0,0.0,0,0,0.3996701240539551,2
3345,126.53960871696472,30.29931589479083,16.99090003967285,0.0,0.0,0,0,0.3976144790649414,2
3346,126.57663178443909,27.02950861930079,19.995689392089844,0.0,0.0,0,0,0.3996295928955078,2
3347,126.61062908172607,28.55696340425532,18.01896095275879,0.0,0.0,0,0,0.3976144790649414,2
3348,126.64761018753052,27.040835536071175,19.997358322143555,0.0,0.0,0,0,0.39971065521240234,2
3349,126.68711948394775,25.310498811204848,19.510507583618164,0.0,0.0,0,0,0.3976144790649414,2
3350,126.72713351249695,24.99123523067848,22.022008895874023,0.0,0.0,0,0,0.39979124069213867,2
3351,126.7641134262085,27.041707230585732,19.000768661499023,0.0,0.0,0,0,0.3976144790649414,2
3352,126.80414342880249,24.981262433143932,23.026466369628906,0.0,0.0,0,0,0.39971017837524414,2
3353,126.84219980239868,26.27680741761684,21.088123321533203,0.0,0.0,0,0,0.3976144790649414,2
3354,126.88211750984192,25.051538879631124,22.003650665283203,0.0,0.0,0,0,0.39979076385498047,2
3355,126.922114610672,25.643824896062608,19.99497413635254,0.0,0.0,0,0,0.3976144790649414,2
3356,126.96612691879272,22.215475553625247,26.015520095825195,0.0,0.0,0,0,0.3996295928955078,2
3357,127.00111865997314,28.5781720561983,17.988920211791992,0.0,0.0,0,0,0.3976144790649414,2
3358,127.0372314453125,27.691023846621068,19.112825393676758,0.0,0.0,0,0,0.39971065521240234,2
3359,127.07220029830933,28.596877343696733,17.998218536376953,0.0,0.0,0,0,0.3976144790649414,2
3360,127.10720372200012,28.56863399516398,19.00315284729004,0.0,0.0,0,0,0.3996701240539551,2
3361,127.14520049095154,27.0282893634571,16.99662208557129,0.0,0.0,0,0,0.3976144790649414,2
3362,127.18120336532593,27.026025322980765,18.993616104125977,0.0,0.0,0,0,0.39958906173706055,2
3363,127.21520900726318,29.406884947065834,17.00615882873535,0.0,0.0,0,0,0.3976144790649414,2
3364,127.25020909309387,28.57135850573225,19.002437591552734,0.0,0.0,0,0,0.3996295928955078,2
3365,127.28320646286011,30.305445769900505,17.00615882873535,0.0,0.0,0,0,0.3976144790649414,2
3366,127.31920289993286,28.57272095589738,18.9971923828125,0.0,0.0,0,0,0.3996100425720215,2
3367,127.35320949554443,28.567661081596512,17.009258270263672,0.0,0.0,0,0,0.3976144790649414,2
3368,127.38720440864563,30.306978626241023,17.99917221069336,0.0,0.0,0,0,0.3996100425720215,2
3369,127.41927218437195,30.241641611328618,17.06838607788086,0.0,0.0,0,0,0.3976144790649414,2
3370,127.45519995689392,28.615802364691998,19.01102066040039,0.0,0.0,0,0,0.3996295928955078,2
3371,127.48726201057434,30.262588656320123,17.059326171875,0.0,0.0,0,0,0.3976144790649414,2
3372,127.522207736969,29.43639770645743,18.02349090576172,0.0,0.0,0,0,0.3996295928955078,2
3373,127.5582001209259,27.05147405013899,16.996145248413086,0.0,0.0,0,0,0.3976144790649414,2
3374,127.59521198272705,27.018365230386696,19.00458335876465,0.0,0.0,0,0,0.3996295928955078,2
3375,127.6262629032135,32.20516443099887,16.063213348388672,0.0,0.0,0,0,0.3976144790649414,2
3376,127.65823411941528,31.278134484738658,17.027854919433594,0.0,0.0,0,0,0.3996701240539551,2
3377,127.68823289871216,33.33468972533062,15.999794006347656,0.0,0.0,0,0,0.3976144790649414,2
3378,127.72123217582703,30.303694123937028,17.999887466430664,0.0,0.0,0,0,0.39979076385498047,2
3379,127.75224542617798,32.24428232074355,16.013383865356445,0.0,0.0,0,0,0.3976144790649414,2
3380,127.7872371673584,28.5781720561983,20.004749298095703,0.0,0.0,0,0,0.39979076385498047,2
3381,127.82223629951477,28.57213703277315,18.98646354675293,0.0,0.0,0,0,0.3976144790649414,2
3382,127.85924053192139,27.778687330286775,19.97208595275879,0.0,0.0,0,0,0.3995490074157715,2
3383,127.90724611282349,20.828635560058004,32.01031684875488,0.0,0.0,0,0,0.3976144790649414,2
3384,127.94323897361755,27.032121680845577,20.0045108795166,0.0,0.0,0,0,0.39971065521240234,2
3385,127.98024296760559,27.02410989265879,17.007112503051758,0.0,0.0,0,0,0.3976144790649414,2
3386,128.01623558998108,27.78347155613259,18.988370895385742,0.0,0.0,0,0,0.3996701240539551,2
3387,128.0536608695984,27.453047172096007,16.717195510864258,0.0,0.0,0,0,0.3976144790649414,2
3388,128.0875861644745,28.632993139229274,18.91493797302246,0.0,0.0,0,0,0.39958953857421875,2
3389,128.12358808517456,28.563964614305466,19.002676010131836,0.0,0.0,0,0,0.3976144790649414,2
3390,128.16058564186096,26.32248671105728,20.996570587158203,0.0,0.0,0,0,0.39971065521240234,2
3391,128.19760274887085,27.014536812206543,19.9892520904541,0.0,0.0,0,0,0.3976144790649414,2
3392,128.23259472846985,28.577977338229985,18.00823211669922,0.0,0.0,0,0,0.3996701240539551,2
3393,128.26658964157104,29.416165795841078,17.001867294311523,0.0,0.0,0,0,0.3976144790649414,2
3394,128.301593542099,28.568244821784944,19.00005340576172,0.0,0.0,0,0,0.3996295928955078,2
3395,128.33558917045593,29.415546890341403,17.976999282836914,0.0,0.0,0,0,0.3976144790649414,2
3396,128.371586561203,28.571942397035382,18.000125885009766,0.0,0.0,0,0,0.3996701240539551,2
3397,128.40959668159485,25.635674644891573,18.007755279541016,0.0,0.0,0,0,0.3976144790649414,2
3398,128.4485969543457,25.640846318904014,20.0040340423584,0.0,0.0,0,0,0.3996701240539551,2
3399,128.48578238487244,27.606092118946385,19.234180450439453,0.0,0.0,0,0,0.3976144790649414,2
3400,128.5238058567047,25.65088218206281,20.018339157104492,0.0,0.0,0,0,0.3996701240539551,2
3401,128.5598967075348,27.7078532924638,18.532991409301758,0.0,0.0,0,0,0.3976144790649414,2
3402,128.5988495349884,25.67207736565063,22.944211959838867,0.0,0.0,0,0,0.3996291160583496,2
3403,128.63285112380981,29.410390357120317,17.003297805786133,0.0,0.0,0,0,0.3976144790649414,2
3404,128.67484879493713,24.365938955953943,25.0394344329834,0.0,0.0,0,0,0.3997359275817871,2
3405,128.7118456363678,26.34795117753111,19.981861114501953,0.0,0.0,0,0,0.3976144790649414,2
3406,128.75184535980225,25.641159820757196,21.999597549438477,0.0,0.0,0,0,0.3996305465698242,2
3407,128.79284858703613,24.39059338000977,20.997047424316406,0.0,0.0,0,0,0.3976144790649414,2
3408,128.83285880088806,24.381944484813253,22.01104164123535,0.0,0.0,0,0,0.3995490074157715,2
3409,128.87394380569458,24.33978052842627,19.00172233581543,0.0,0.0,0,0,0.3976144790649414,2
3410,128.91394710540771,24.997937849403407,21.00348472595215,0.0,0.0,0,0,0.39946794509887695,2
3411,128.9509449005127,27.02863771104524,19.984960556030273,0.0,0.0,0,0,0.3976144790649414,2
3412,128.98794436454773,27.776847682119204,17.998456954956055,0.0,0.0,0,0,0.39958953857421875,2
3413,129.02306580543518,28.482883665971737,18.01466941833496,0.0,0.0,0,0,0.3976144790649414,2
3414,129.05905485153198,27.02707021760563,18.999814987182617,0.0,0.0,0,0,0.40003204345703125,2
3415,129.09505939483643,27.774272583998833,19.00315284729004,0.0,0.0,0,0,0.3976144790649414,2
3416,129.13305497169495,26.541020432699913,21.6825008392334,0.0,0.0,0,0,0.3996100425720215,2
3417,129.17006182670593,26.791762481475804,20.0042724609375,0.0,0.0,0,0,0.3976144790649414,2
3418,129.20705604553223,27.031250604195534,20.999908447265625,0.0,0.0,0,0,0.3996701240539551,2
3419,129.24106216430664,29.40647260081889,17.995357513427734,0.0,0.0,0,0,0.3976144790649414,2
3420,129.27605652809143,28.5760303044755,18.9969539642334,0.0,0.0,0,0,0.3996701240539551,2
3421,129.3140571117401,27.028115193030164,16.999483108520508,0.0,0.0,0,0,0.3976144790649414,2
3422,129.3500623703003,27.77556007337408,17.997264862060547,0.0,0.0,0,0,0.39970970153808594,2
3423,129.38406348228455,28.566882798452568,18.0051326751709,0.0,0.0,0,0,0.3976144790649414,2
3424,129.42008185386658,27.763609404787122,19.0277099609375,0.0,0.0,0,0,0.3996701240539551,2
3425,129.45313835144043,30.251238739550953,17.08054542541504,0.0,0.0,0,0,0.3976144790649414,2
3426,129.48905682563782,27.840826269639503,18.99409294128418,0.0,0.0,0,0,0.39971065521240234,2
3427,129.52505612373352,28.56882858582969,19.001483917236328,0.0,0.0,0,0,0.3976144790649414,2
3428,129.5641062259674,25.63536127715232,21.01302146911621,0.0,0.0,0,0,0.3996701240539551,2
3429,129.60005450248718,27.037349319925223,18.987178802490234,0.0,0.0,0,0,0.3976144790649414,2
3430,129.6340696811676,29.39864021868648,17.01498031616211,0.0,0.0,0,0,0.3996295928955078,2
3431,129.66707563400269,30.29756495734522,16.020774841308594,0.0,0.0,0,0,0.3976144790649414,2
3432,129.7020764350891,28.570774638293233,20.020484924316406,0.0,0.0,0,0,0.39971065521240234,2
3433,129.7410545349121,25.6554322694298,18.999576568603516,0.0,0.0,0,0,0.3976144790649414,2
3434,129.79605317115784,18.51887958743951,32.998085021972656,0.0,0.0,0,0,0.3996100425720215,2
3435,129.83005475997925,28.57038540659101,17.999649047851562,0.0,0.0,0,0,0.3976144790649414,2
3436,129.8650562763214,28.570190794716872,19.00339126586914,0.0,0.0,0,0,0.39979076385498047,2
3437,129.89905405044556,29.413690330091097,18.995046615600586,0.0,0.0,0,0,0.3976144790649414,2
3438,129.9370574951172,26.313404183239438,22.003173828125,0.0,0.0,0,0,0.3995485305786133,2
3439,129.97406125068665,27.778503354504572,17.998695373535156,0.0,0.0,0,0,0.3976144790649414,2
3440,130.0110583305359,26.314559793212915,19.996166229248047,0.0,0.0,0,0,0.3996701240539551,2
3441,130.04512977600098,29.350090269127957,18.073081970214844,0.0,0.0,0,0,0.3976144790649414,2
3442,130.11961483955383,13.425510462112651,58.61186981201172,0.0,0.0,0,0,0.3996295928955078,2
3443,130.15461444854736,29.406678772496864,17.992019653320312,0.0,0.0,0,0,0.3976144790649414,2
3444,130.18861889839172,29.415340594295493,17.997264862060547,0.0,0.0,0,0,0.3996295928955078,2
3445,130.2256133556366,27.02358754969106,17.007112503051758,0.0,0.0,0,0,0.3976144790649414,2
3446,130.25961446762085,28.57700378818848,18.000364303588867,0.0,0.0,0,0,0.3996100425720215,2
3447,130.29268503189087,30.23837125472215,17.050981521606445,0.0,0.0,0,0,0.3976144790649414,2
3448,130.32790327072144,28.394378401798043,19.007444381713867,0.0,0.0,0,0,0.39971065521240234,2
3449,130.36195063591003,30.25036602165117,17.0748233795166,0.0,0.0,0,0,0.3976144790649414,2
3450,130.39590430259705,29.45520941599483,17.023324966430664,0.0,0.0,0,0,0.3996701240539551,2
3451,130.4288969039917,29.423594693754428,18.001556396484375,0.0,0.0,0,0,0.3976144790649414,2
3452,130.46290588378906,30.30391306860875,17.99917221069336,0.0,0.0,0,0,0.3996701240539551,2
3453,130.4949049949646,30.294720115565188,15.999794006347656,0.0,0.0,0,0,0.3976144790649414,2
3454,130.54203057289124,21.668710768992327,30.02190589904785,0.0,0.0,0,0,0.3996701240539551,2
3455,130.5741012096405,30.260187002193234,17.0743465423584,0.0,0.0,0,0,0.3976144790649414,2
3456,130.60903096199036,29.475495087773545,18.00227165222168,0.0,0.0,0,0,0.3996701240539551,2
3457,130.6460258960724,27.027941024847923,16.9985294342041,0.0,0.0,0,0,0.3976144790649414,2
3458,130.68202900886536,27.02515463917526,19.99974250793457,0.0,0.0,0,0,0.3995485305786133,2
3459,130.7180471420288,27.763793183337636,18.997907638549805,0.0,0.0,0,0,0.3976144790649414,2
3460,130.75604629516602,27.027941024847923,19.991636276245117,0.0,0.0,0,0,0.3995084762573242,2
3461,130.79404640197754,25.64068957085218,20.997047424316406,0.0,0.0,0,0,0.3976144790649414,2
3462,130.83605003356934,23.807465262010716,22.985458374023438,0.0,0.0,0,0,0.3995084762573242,2
3463,130.87604999542236,25.639749122785567,21.00348472595215,0.0,0.0,0,0,0.3976144790649414,2
3464,130.91607642173767,24.375709744346743,22.028684616088867,0.0,0.0,0,0,0.39971017837524414,2
3465,130.956050157547,25.659826989196002,19.999980926513672,0.0,0.0,0,0,0.3976144790649414,2
3466,130.9920473098755,27.027418533768937,19.999980926513672,0.0,0.0,0,0,0.3995485305786133,2
3467,131.0280499458313,28.56474273844792,18.008708953857422,0.0,0.0,0,0,0.3976144790649414,2
3468,131.06506156921387,27.030205386315743,18.999099731445312,0.0,0.0,0,0,0.3996295928955078,2
3469,131.1031243801117,25.59297068066022,18.078088760375977,0.0,0.0,0,0,0.3976144790649414,2
3470,131.141117811203,26.32033936594794,20.010948181152344,0.0,0.0,0,0,0.3996701240539551,2
3471,131.1761167049408,28.5723316711627,18.00227165222168,0.0,0.0,0,0,0.3976144790649414,2
3472,131.21210718154907,27.785128018283594,18.995046615600586,0.0,0.0,0,0,0.3995084762573242,2
3473,131.24616742134094,29.3597463232978,17.058610916137695,0.0,0.0,0,0,0.3976144790649414,2
3474,131.2811095714569,28.61873115080719,19.00172233581543,0.0,0.0,0,0,0.3996701240539551,2
3475,131.31617712974548,28.516385194854642,18.057823181152344,0.0,0.0,0,0,0.3976144790649414,2
3476,131.3511106967926,28.625762684102046,18.993854522705078,0.0,0.0,0,0,0.3996295928955078,2
3477,131.38617038726807,28.522784612141365,18.049240112304688,0.0,0.0,0,0,0.3976144790649414,2
3478,131.42212891578674,28.621465225461296,17.998218536376953,0.0,0.0,0,0,0.3996701240539551,2
3479,131.45410823822021,30.30391306860875,16.99519157409668,0.0,0.0,0,0,0.3976144790649414,2
3480,131.4901089668274,27.777215592259502,19.99378204345703,0.0,0.0,0,0,0.39958953857421875,2
3481,131.52707648277283,27.050776186207298,17.01068878173828,0.0,0.0,0,0,0.3976144790649414,2
3482,131.56406688690186,27.034038247104398,18.99433135986328,0.0,0.0,0,0,0.3996701240539551,2
3483,131.59808945655823,30.27263606902873,16.98470115661621,0.0,0.0,0,0,0.3976144790649414,2
3484,131.63361144065857,27.388690087501633,19.513845443725586,0.0,0.0,0,0,0.3996295928955078,2
3485,131.66808986663818,29.23389603691261,18.7227725982666,0.0,0.0,0,0,0.3976144790649414,2
3486,131.7051022052765,26.82123033636015,21.001100540161133,0.0,0.0,0,0,0.39979076385498047,2
3487,131.75009107589722,22.227719571588313,25.00128746032715,0.0,0.0,0,0,0.3976144790649414,2
3488,131.79811215400696,21.276410969188472,24.999141693115234,0.0,0.0,0,0,0.3996100425720215,2
3489,131.83808970451355,24.391302577940092,19.995689392089844,0.0,0.0,0,0,0.3976144790649414,2
3490,131.87409090995789,27.776847682119204,19.001483917236328,0.0,0.0,0,0,0.3995490074157715,2
3491,131.9100923538208,27.77666373070377,19.999980926513672,0.0,0.0,0,0,0.3976144790649414,2
3492,131.94908785820007,25.64398168245098,21.000146865844727,0.0,0.0,0,0,0.39958953857421875,2
3493,131.98908829689026,24.999725821641018,18.999576568603516,0.0,0.0,0,0,0.3976144790649414,2
3494,132.028089761734,26.29921496827268,20.020484924316406,0.0,0.0,0,0,0.3993873596191406,2
3495,132.06409692764282,27.038220789685738,19.00458335876465,0.0,0.0,0,0,0.3976144790649414,2
3496,132.10008931159973,28.564548203437848,18.01609992980957,0.0,0.0,0,0,0.3996701240539551,2
3497,132.13409543037415,28.579535156276616,18.004894256591797,0.0,0.0,0,0,0.3976144790649414,2
3498,132.1687877178192,29.40523563145866,18.007755279541016,0.0,0.0,0,0,0.3996701240539551,2
3499,132.20208954811096,30.304569921606877,16.010761260986328,0.0,0.0,0,0,0.3976144790649414,2
3500,132.2356390953064,28.95379050406594,19.00935173034668,0.0,0.0,0,0,0.3996701240539551,2
3501,132.26963305473328,29.41699104368745,17.996788024902344,0.0,0.0,0,0,0.3976144790649414,2
3502,132.30362629890442,29.41761000995946,19.002914428710938,0.0,0.0,0,0,0.3996701240539551,2
3503,132.33663249015808,30.297346104393302,17.966032028198242,0.0,0.0,0,0,0.3976144790649414,2
3504,132.36962819099426,30.306978626241023,17.999649047851562,0.0,0.0,0,0,0.39971065521240234,2
3505,132.40662550926208,27.77500827759751,17.005205154418945,0.0,0.0,0,0,0.3976144790649414,2
3506,132.44062614440918,28.5760303044755,17.993450164794922,0.0,0.0,0,0,0.3996295928955078,2
3507,132.47563672065735,28.562797507576015,17.011165618896484,0.0,0.0,0,0,0.3976144790649414,2
3508,132.51063704490662,28.57116388060108,18.002986907958984,0.0,0.0,0,0,0.3996701240539551,2
3509,132.54463171958923,30.309168690021966,17.003774642944336,0.0,0.0,0,0,0.3976144790649414,2
3510,132.57762455940247,29.416784727384943,16.994476318359375,0.0,0.0,0,0,0.3996701240539551,2
3511,132.6116292476654,29.407709674252942,17.003297805786133,0.0,0.0,0,0,0.3976144790649414,2
3512,132.64564776420593,29.395755655854895,18.024921417236328,0.0,0.0,0,0,0.39971065521240234,2
3513,132.68663024902344,24.40066785732985,21.001815795898438,0.0,0.0,0,0,0.3976144790649414,2
3514,132.724622964859,26.320834876029945,20.99895477294922,0.0,0.0,0,0,0.3996295928955078,2
3515,132.76262760162354,26.312578809683632,21.00205421447754,0.0,0.0,0,0,0.3976144790649414,2
3516,132.80164051055908,25.63254131221277,22.017717361450195,0.0,0.0,0,0,0.39958953857421875,2
3517,132.84462308883667,23.819768861629328,18.99886131286621,0.0,0.0,0,0,0.3976144790649414,2
3518,132.88364362716675,24.986768814674047,21.02041244506836,0.0,0.0,0,0,0.3996295928955078,2
3519,132.9226245880127,25.65354927889026,21.000385284423828,0.0,0.0,0,0,0.3976144790649414,2
3520,132.96462559700012,23.808951834927484,21.997451782226562,0.0,0.0,0,0,0.39971017837524414,2
3521,133.00162482261658,27.02759269521735,18.996477127075195,0.0,0.0,0,0,0.3976144790649414,2
3522,133.03962469100952,27.026025322980765,18.987178802490234,0.0,0.0,0,0,0.3996100425720215,2
3523,133.07462573051453,27.778135410250805,17.967700958251953,0.0,0.0,0,0,0.3976144790649414,2
3524,133.11166167259216,27.000798249002187,20.037412643432617,0.0,0.0,0,0,0.3996701240539551,2
3525,133.14662671089172,28.599997272491716,18.00251007080078,0.0,0.0,0,0,0.3976144790649414,2
3526,133.1826729774475,27.74212409632976,20.041227340698242,0.0,0.0,0,0,0.3996701240539551,2
3527,133.2176296710968,28.606824490686744,17.98701286315918,0.0,0.0,0,0,0.3976144790649414,2
3528,133.2536380290985,28.573499557190544,18.00084114074707,0.0,0.0,0,0,0.3996701240539551,2
3529,133.2906231880188,26.318522655254853,17.999649047851562,0.0,0.0,0,0,0.3976144790649414,2
3530,133.3276252746582,27.774640425926417,18.996238708496094,0.0,0.0,0,0,0.3996295928955078,2
3531,133.3616428375244,28.558713384990398,17.019271850585938,0.0,0.0,0,0,0.3976144790649414,2
3532,133.39762806892395,28.578366776820086,18.01133155822754,0.0,0.0,0,0,0.39971065521240234,2
3533,133.43063235282898,29.413484060084993,16.998767852783203,0.0,0.0,0,0,0.3976144790649414,2
3534,133.46562576293945,28.57680908613982,19.001483917236328,0.0,0.0,0,0,0.399569034576416,2
3535,133.49963545799255,29.403380372527987,18.00060272216797,0.0,0.0,0,0,0.3976144790649414,2
3536,133.53662705421448,27.033167046934015,18.99552345275879,0.0,0.0,0,0,0.3996701240539551,2
3537,133.57263231277466,27.7737208393757,19.005298614501953,0.0,0.0,0,0,0.3976144790649414,2
3538,133.65563774108887,12.047404854229498,66.01071357727051,0.0,0.0,0,0,0.39971065521240234,2
3539,133.68580555915833,33.14790607983688,16.182899475097656,0.0,0.0,0,0,0.3976144790649414,2
3540,133.71877002716064,30.3356935695016,18.007278442382812,0.0,0.0,0,0,0.39958953857421875,2
3541,133.7538239955902,29.3794890833059,16.050100326538086,0.0,0.0,0,0,0.3976144790649414,2
3542,133.78675842285156,29.454175181354064,17.9898738861084,0.0,0.0,0,0,0.3996305465698242,2
3543,133.82177090644836,28.561241513622466,18.010616302490234,0.0,0.0,0,0,0.3976144790649414,2
3544,133.8607621192932,26.32529530647854,21.995067596435547,0.0,0.0,0,0,0.39979076385498047,2
3545,133.89676356315613,27.02236882795588,19.99974250793457,0.0,0.0,0,0,0.3976144790649414,2
3546,133.93477058410645,27.024980509146204,20.00713348388672,0.0,0.0,0,0,0.399569034576416,2
3547,133.97076392173767,27.781447259480046,18.002986907958984,0.0,0.0,0,0,0.3976144790649414,2
3548,134.0087640285492,25.63943565542705,21.005630493164062,0.0,0.0,0,0,0.39971065521240234,2
3549,134.0437684059143,28.56785565900871,18.007516860961914,0.0,0.0,0,0,0.3976144790649414,2
3550,134.08176231384277,27.034038247104398,20.000219345092773,0.0,0.0,0,0,0.3996701240539551,2
3551,134.1157932281494,28.543359760454592,18.036365509033203,0.0,0.0,0,0,0.3976144790649414,2
3552,134.15075969696045,29.391841797299286,17.992496490478516,0.0,0.0,0,0,0.39971065521240234,2
3553,134.18775916099548,26.3554013974765,17.99941062927246,0.0,0.0,0,0,0.3976144790649414,2
3554,134.22526240348816,26.664361093452,19.500732421875,0.0,0.0,0,0,0.3996701240539551,2
3555,134.2587926387787,29.823828891606702,17.004013061523438,0.0,0.0,0,0,0.3976144790649414,2
3556,134.29479098320007,27.779055289162052,19.004344940185547,0.0,0.0,0,0,0.3996295928955078,2
3557,134.32779335975647,30.30084813107743,16.99972152709961,0.0,0.0,0,0,0.3976144790649414,2
3558,134.3627941608429,28.570774638293233,18.007993698120117,0.0,0.0,0,0,0.3995485305786133,2
3559,134.39679718017578,29.409153058147933,17.009973526000977,0.0,0.0,0,0,0.3976144790649414,2
3560,134.43179726600647,28.57135850573225,19.008159637451172,0.0,0.0,0,0,0.3996701240539551,2
3561,134.46485781669617,30.247530036202097,17.073869705200195,0.0,0.0,0,0,0.3976144790649414,2
3562,134.50184273719788,27.8013349506519,20.038366317749023,0.0,0.0,0,0,0.3996701240539551,2
3563,134.5367932319641,27.804099382175906,18.004894256591797,0.0,0.0,0,0,0.3976144790649414,2
3564,134.57479238510132,26.316375956832726,21.004199981689453,0.0,0.0,0,0,0.3996701240539551,2
3565,134.61476731300354,25.015679889304394,18.99862289428711,0.0,0.0,0,0,0.3976144790649414,2
3566,134.64977097511292,28.568439407149086,17.933368682861328,0.0,0.0,0,0,0.39979076385498047,2
3567,134.68577075004578,28.57058002111645,18.00084114074707,0.0,0.0,0,0,0.3976144790649414,2
3568,134.7237730026245,25.640376080497855,20.992040634155273,0.0,0.0,0,0,0.39971017837524414,2
3569,134.76084303855896,26.975965218062424,19.073963165283203,0.0,0.0,0,0,0.3976144790649414,2
3570,134.79976868629456,25.690002817488025,21.99840545654297,0.0,0.0,0,0,0.39958953857421875,2
3571,134.8407678604126,24.998235827015687,19.999027252197266,0.0,0.0,0,0,0.3976144790649414,2
3572,134.88376879692078,23.25737067698774,22.9952335357666,0.0,0.0,0,0,0.399569034576416,2
3573,134.92376971244812,24.389600572189497,21.999359130859375,0.0,0.0,0,0,0.3976144790649414,2
3574,134.96176767349243,27.02323933226382,20.008325576782227,0.0,0.0,0,0,0.3996701240539551,2
3575,134.99576997756958,28.575446246082574,17.993927001953125,0.0,0.0,0,0,0.3976144790649414,2
3576,135.03277397155762,27.77776747574423,18.9974308013916,0.0,0.0,0,0,0.3996701240539551,2
3577,135.0727710723877,24.389600572189497,19.000768661499023,0.0,0.0,0,0,0.3976144790649414,2
3578,135.11177253723145,25.640062597809077,20.998001098632812,0.0,0.0,0,0,0.3998708724975586,2
3579,135.14677476882935,28.569606975001705,17.99750328063965,0.0,0.0,0,0,0.3976144790649414,2
3580,135.18481302261353,26.28932457503886,20.041704177856445,0.0,0.0,0,0,0.3996701240539551,2
3581,135.2187738418579,30.344033279073972,16.99233055114746,0.0,0.0,0,0,0.3976144790649414,2
3582,135.25296545028687,28.41149654196048,18.057584762573242,0.0,0.0,0,0,0.3996701240539551,2
3583,135.2880563735962,29.341261568811255,17.079830169677734,0.0,0.0,0,0,0.3976144790649414,2
3584,135.32305884361267,27.768756124043325,19.016742706298828,0.0,0.0,0,0,0.39979076385498047,2
3585,135.35604977607727,30.311359070345585,17.005205154418945,0.0,0.0,0,0,0.3976144790649414,2
3586,135.39404249191284,27.032818582587847,20.000934600830078,0.0,0.0,0,0,0.3996701240539551,2
3587,135.42804670333862,28.567466506834855,19.002914428710938,0.0,0.0,0,0,0.3976144790649414,2
3588,135.46505165100098,27.772985213976863,20.002365112304688,0.0,0.0,0,0,0.39970970153808594,2
3589,135.50605487823486,23.808411241478353,18.0056095123291,0.0,0.0,0,0,0.3976144790649414,2
3590,135.5450460910797,25.646804165316343,19.004344940185547,0.0,0.0,0,0,0.3993873596191406,2
3591,135.58004140853882,29.415959491114133,16.999244689941406,0.0,0.0,0,0,0.3976144790649414,2
3592,135.61504220962524,27.7770316359711,19.999265670776367,0.0,0.0,0,0,0.3996701240539551,2
3593,135.6490433216095,29.410802813247226,17.997264862060547,0.0,0.0,0,0,0.3976144790649414,2
3594,135.6850414276123,27.77923927225523,18.988370895385742,0.0,0.0,0,0,0.3996100425720215,2
3595,135.72103905677795,28.56921777511375,18.006324768066406,0.0,0.0,0,0,0.3976144790649414,2
3596,135.75604891777039,27.77408866668874,19.004106521606445,0.0,0.0,0,0,0.3995490074157715,2
3597,135.7900390625,30.301723764250315,17.012834548950195,0.0,0.0,0,0,0.3976144790649414,2
3598,135.82405042648315,28.57135850573225,19.00506019592285,0.0,0.0,0,0,0.3996305465698242,2
3599,135.85711336135864,30.245348870749083,17.075777053833008,0.0,0.0,0,0,0.3976144790649414,2
3600,135.89104294776917,30.371498913830557,16.99972152709961,0.0,0.0,0,0,0.39979076385498047,2
3601,135.93105101585388,24.38307841666812,21.003246307373047,0.0,0.0,0,0,0.3976144790649414,2
3602,135.96904468536377,26.320174200066518,19.001245498657227,0.0,0.0,0,0,0.39958906173706055,2
3603,136.0060474872589,27.024980509146204,20.003080368041992,0.0,0.0,0,0,0.3976144790649414,2
3604,136.04656672477722,24.679635186819652,21.525859832763672,0.0,0.0,0,0,0.3996295928955078,2
3605,136.08157968521118,28.56085254162269,19.008398056030273,0.0,0.0,0,0,0.3976144790649414,2
3606,136.11857295036316,27.031947461024355,19.999265670776367,0.0,0.0,0,0,0.3996295928955078,2
3607,136.1545708179474,28.573888873749897,18.004179000854492,0.0,0.0,0,0,0.3976144790649414,2
3608,136.1905710697174,27.77592794940565,19.000768661499023,0.0,0.0,0,0,0.39971065521240234,2
3609,136.2245659828186,28.576614386744247,17.997264862060547,0.0,0.0,0,0,0.3976144790649414,2
3610,136.25956678390503,28.570774638293233,18.999338150024414,0.0,0.0,0,0,0.399569034576416,2
3611,136.29357028007507,29.408740648291626,18.001556396484375,0.0,0.0,0,0,0.3976144790649414,2
3612,136.329571723938,28.567466506834855,18.006324768066406,0.0,0.0,0,0,0.3996295928955078,2
3613,136.36863231658936,25.64398168245098,18.002986907958984,0.0,0.0,0,0,0.3976144790649414,2
3614,136.40656733512878,26.317862095362393,18.999338150024414,0.0,0.0,0,0,0.3996701240539551,2
3615,136.44057059288025,28.56902317914626,17.996549606323242,0.0,0.0,0,0,0.3976144790649414,2
3616,136.47656726837158,28.570774638293233,19.003629684448242,0.0,0.0,0,0,0.3996701240539551,2
3617,136.51057028770447,28.5723316711627,17.996788024902344,0.0,0.0,0,0,0.3976144790649414,2
3618,136.55157160758972,24.977097054655026,24.03569221496582,0.0,0.0,0,0,0.39981698989868164,2
3619,136.59456872940063,22.747040224742257,20.9963321685791,0.0,0.0,0,0,0.3976144790649414,2
3620,136.63256692886353,26.317036442124284,20.99442481994629,0.0,0.0,0,0,0.3996295928955078,2
3621,136.67557287216187,23.809222140858182,22.998332977294922,0.0,0.0,0,0,0.3976144790649414,2
3622,136.72257208824158,20.831325181528314,26.003599166870117,0.0,0.0,0,0,0.39958953857421875,2
3623,136.7635679244995,24.392721097534736,20.994901657104492,0.0,0.0,0,0,0.3976144790649414,2
3624,136.80457162857056,24.38804060890093,22.005558013916016,0.0,0.0,0,0,0.3996696472167969,2
3625,136.84657335281372,23.808546387539167,20.006418228149414,0.0,0.0,0,0,0.3976144790649414,2
3626,136.88857579231262,23.808140953959505,23.000717163085938,0.0,0.0,0,0,0.4005155563354492,2
3627,136.9326090812683,23.234566807001993,20.037174224853516,0.0,0.0,0,0,0.3976144790649414,2
3628,136.97061038017273,25.644138470756552,18.9974308013916,0.0,0.0,0,0,0.3996295928955078,2
3629,137.00862097740173,26.308452718468526,18.006563186645508,0.0,0.0,0,0,0.3976144790649414,2
3630,137.04561471939087,27.031599028118816,18.99552345275879,0.0,0.0,0,0,0.3996701240539551,2
3631,137.07061004638672,40.007478204467844,5.995988845825195,0.0,0.0,0,0,0.3976140022277832,0
3632,137.09563732147217,39.95640742293183,6.998300552368164,0.0,0.0,1,0,0.3976140022277832,0
3633,137.12063598632812,40.00213634456186,7.000446319580078,0.0,0.0,0,0,0.4006009101867676,0
3634,137.14564418792725,39.98688174503299,7.000923156738281,0.0,0.0,1,0,0.3976140022277832,0
3635,137.17063641548157,41.68293846398473,4.998922348022461,0.0,0.0,0,0,0.3990445137023926,0
3636,137.19463872909546,41.64734385860391,6.97016716003418,0.0,0.0,1,0,0.3976144790649414,0
3637,137.22164368629456,37.04626472822343,5.001306533813477,0.0,0.0,0,0,0.40084314346313477,0
3638,137.24563717842102,40.00328090873542,7.001399993896484,0.0,0.0,1,0,0.3976144790649414,0
3639,137.2706356048584,41.66596135697611,6.997585296630859,0.0,0.0,0,0,0.3990449905395508,0
3640,137.29365348815918,41.63907475429366,6.940126419067383,0.0,0.0,1,0,0.3976144790649414,0
3641,137.31763648986816,43.47690521602123,6.014823913574219,0.0,0.0,0,0,0.40035533905029297,0
3642,137.34064531326294,41.6821099914535,7.007122039794922,0.0,0.0,1,0,0.3976144790649414,0
3643,137.36563777923584,41.66720311537621,6.006479263305664,0.0,0.0,0,0,0.40035533905029297,0
3644,137.3896450996399,39.99984741269145,7.996797561645508,0.0,0.0,1,0,0.3976144790649414,0
3645,137.41363739967346,41.680038954199006,5.9986114501953125,0.0,0.0,0,0,0.40064382553100586,0
3646,137.44064021110535,38.45057433330583,7.007122039794922,0.0,0.0,1,0,0.3976144790649414,0
3647,137.46463775634766,41.682524223602485,4.996538162231445,0.0,0.0,0,0,0.3990449905395508,0
3648,137.49064016342163,37.03089215556439,9.003162384033203,0.0,0.0,1,0,0.3976144790649414,0
3649,137.51963806152344,34.48525808626445,5.997657775878906,0.0,0.0,0,0,0.3990449905395508,0
3650,137.54663753509521,37.03775917487902,7.996082305908203,0.0,0.0,1,0,0.3976144790649414,0
3651,137.57364201545715,37.03089215556439,8.99958610534668,0.0,0.0,0,0,0.40084314346313477,0
3652,137.59963726997375,40.007478204467844,7.001638412475586,0.0,0.0,1,0,0.3976144790649414,0
3653,137.62463450431824,38.46573734409391,5.998134613037109,0.0,0.0,0,0,0.40039587020874023,0
3654,137.6486372947693,41.66182269679662,7.002592086791992,0.0,0.0,1,0,0.3976144790649414,0
3655,137.6746368408203,39.99755874275252,5.996942520141602,0.0,0.0,0,0,0.40076255798339844,0
3656,137.69864797592163,39.98535692495424,8.010625839233398,0.0,0.0,1,0,0.3976144790649414,0
3657,137.72463750839233,38.4770292088654,7.999420166015625,0.0,0.0,0,0,0.3990449905395508,0
3658,137.74963569641113,40.002899380066765,6.999731063842773,0.0,0.0,1,0,0.39765262603759766,0
3659,137.7796368598938,33.33204062495033,6.999731063842773,0.0,0.0,0,0,0.4004368782043457,0
3660,137.80563712120056,39.99908449361053,8.000850677490234,0.0,0.0,1,0,0.401461124420166,0
3661,137.83263516426086,35.71717859849614,6.000757217407227,0.0,0.0,0,0,0.4006333351135254,0
3662,137.8596386909485,37.03219996291751,8.003473281860352,0.0,0.0,1,0,0.4003715515136719,0
3663,137.88863611221313,34.48582516608564,8.999347686767578,0.0,0.0,0,0,0.3994731903076172,0
3664,137.91663908958435,35.71048845069943,7.996082305908203,0.0,0.0,1,0,0.4004201889038086,0
3665,137.94963884353638,30.303256244084647,7.999420166015625,0.0,0.0,0,0,0.39905595779418945,0
3666,137.9786398410797,35.71352911625214,8.99958610534668,0.0,0.0,1,0,0.40070533752441406,0
3667,138.00963735580444,31.25203227801414,11.997222900390625,0.0,0.0,0,0,0.4017333984375,1
3668,138.04364800453186,29.402555888146594,15.005111694335938,0.0,0.0,0,0,0.39946556091308594,1
3669,138.08564496040344,23.81124963099212,14.008045196533203,0.0,0.0,0,0,0.39910364151000977,1
3670,138.118638753891,31.254361060812673,13.996362686157227,0.0,0.0,0,0,0.3997197151184082,1
3671,138.16763615608215,20.001735837899446,21.99411392211914,0.0,0.0,0,0,0.3990907669067383,2
3672,138.2086410522461,24.387331600644234,21.003007888793945,0.0,0.0,0,0,0.40204858779907227,2
3673,138.24963879585266,24.391586268660188,19.002914428710938,0.0,0.0,0,0,0.39913082122802734,2
3674,138.28963994979858,25.6417868474626,18.99552345275879,0.0,0.0,0,0,0.4013352394104004,2
3675,138.3266360759735,27.023935776092575,18.00537109375,0.0,0.0,0,0,0.39931678771972656,2
3676,138.37063884735107,22.223715234911065,25.99620819091797,0.0,0.0,0,0,0.40023374557495117,3
3677,138.41364359855652,23.806654482296715,24.001598358154297,0.0,0.0,0,0,0.3976144790649414,3
3678,138.45464086532593,23.81124963099212,23.943662643432617,0.0,0.0,0,0,0.40015316009521484,3
3679,138.49366760253906,25.623458977335208,22.028684616088867,0.0,0.0,0,0,0.3976144790649414,3
3680,138.53566455841064,24.39059338000977,23.007869720458984,0.0,0.0,0,0,0.40124082565307617,3
3681,138.57567310333252,25.005091273295257,21.996736526489258,0.0,0.0,0,0,0.3976144790649414,3
3682,138.61568999290466,24.37174384213554,23.995399475097656,0.0,0.0,0,0,0.40023374557495117,3
3683,138.65569186210632,24.99883180355227,23.99468421936035,0.0,0.0,0,0,0.3976144790649414,3
3684,138.71672940254211,16.383360024999025,44.023752212524414,0.0,0.0,0,0,0.3976144790649414,3
3685,138.7657859325409,20.38464604049417,27.98318862915039,0.0,0.0,0,0,0.3976144790649414,3
3686,138.8187289237976,19.25211372336617,34.996986389160156,0.0,0.0,0,0,0.3999314308166504,3
3687,138.86372637748718,21.740030062717047,27.001380920410156,0.0,0.0,0,0,0.3976144790649414,3
3688,138.90973043441772,22.219123801451502,27.00328826904297,0.0,0.0,0,0,0.40035438537597656,3
3689,138.9507303237915,23.81084410534144,23.003578186035156,0.0,0.0,0,0,0.3976144790649414,3
3690,138.9937264919281,23.25788653591292,23.899078369140625,0.0,0.0,0,0,0.40124082565307617,3
3691,139.03573369979858,24.386764423719846,21.941423416137695,0.0,0.0,0,0,0.3976144790649414,3
3692,139.07881093025208,23.215790464171455,25.076627731323242,0.0,0.0,0,0,0.4015631675720215,3
3693,139.11880493164062,24.391160735054665,23.000001907348633,0.0,0.0,0,0,0.3976144790649414,3
3694,139.16280913352966,23.25685484094551,25.99930763244629,0.0,0.0,0,0,0.40148258209228516,3
3695,139.20480680465698,23.25376030514883,26.00240707397461,0.0,0.0,0,0,0.3976144790649414,3
3696,139.2628083229065,17.240927999473847,34.99889373779297,0.0,0.0,0,0,0.3997764587402344,3
3697,139.3198058605194,17.54461757262669,26.998519897460938,0.0,0.0,0,0,0.3976144790649414,3
3698,139.3698091506958,20.404479514297666,30.009031295776367,0.0,0.0,0,0,0.4006233215332031,3
3699,139.40986156463623,24.362400748128227,22.04108238220215,0.0,0.0,0,0,0.3976144790649414,3
3700,139.45191717147827,23.778042337040944,24.010181427001953,0.0,0.0,0,0,0.40023374557495117,3
3701,139.50691437721252,18.516263464594736,36.016225814819336,0.0,0.0,0,0,0.3976144790649414,3
3702,139.54693150520325,24.385630149012496,24.001121520996094,0.0,0.0,0,0,0.40148258209228516,3
3703,139.58594012260437,25.63536127715232,21.99554443359375,0.0,0.0,0,0,0.3976144790649414,3
3704,139.62396049499512,26.301688729470932,22.02320098876953,0.0,0.0,0,0,0.40039491653442383,3
3705,139.66096019744873,27.77776747574423,19.999980926513672,0.0,0.0,0,0,0.3976144790649414,3
3706,139.69896054267883,26.318687800409123,23.00262451171875,0.0,0.0,0,0,0.40148258209228516,3
3707,139.73596119880676,26.312413741185917,22.00007438659668,0.0,0.0,0,0,0.3976144790649414,3
3708,139.77501273155212,26.27779518087386,23.055553436279297,0.0,0.0,0,0,0.4005155563354492,3
3709,139.81395411491394,25.038827069105498,20.996809005737305,0.0,0.0,0,0,0.3976144790649414,3
3710,139.85303235054016,25.58969165253255,22.99952507019043,0.0,0.0,0,0,0.4005155563354492,3
3711,139.8900318145752,27.027418533768937,20.999908447265625,0.0,0.0,0,0,0.3976144790649414,3
3712,139.94556760787964,18.006405247838444,39.530277252197266,0.0,0.0,0,0,0.40083789825439453,3
3713,140.00456857681274,16.94887419787609,38.008928298950195,0.0,0.0,0,0,0.3976144790649414,3
3714,140.0455687046051,25.003153483436762,23.929595947265625,0.0,0.0,0,0,0.3995490074157715,3
3715,140.08656311035156,24.355044566385043,24.059772491455078,0.0,0.0,0,0,0.3976144790649414,3
3716,140.12859392166138,23.27143602206021,25.031566619873047,0.0,0.0,0,0,0.39958953857421875,3
3717,140.16956448554993,25.01791806837974,23.996591567993164,0.0,0.0,0,0,0.3976144790649414,3
3718,140.21256375312805,22.728057959391577,27.001619338989258,0.0,0.0,0,0,0.3998575210571289,3
3719,140.2535638809204,24.390167881046946,23.00262451171875,0.0,0.0,0,0,0.3976144790649414,3
3720,140.29362177848816,24.963866321459392,23.993730545043945,0.0,0.0,0,0,0.3995485305786133,3
3721,140.33556628227234,23.841025874221273,21.997690200805664,0.0,0.0,0,0,0.3976144790649414,3
3722,140.37755227088928,24.394991072103668,23.992538452148438,0.0,0.0,0,0,0.39979076385498047,3
3723,140.4165587425232,24.999725821641018,23.004531860351562,0.0,0.0,0,0,0.3976144790649414,3
3724,140.45960068702698,23.233151093164054,25.989055633544922,0.0,0.0,0,0,0.399630069732666,3
3725,140.5016598701477,23.776020497820404,24.062156677246094,0.0,0.0,0,0,0.3976144790649414,3
3726,140.54460072517395,23.83831586605133,25.009632110595703,0.0,0.0,0,0,0.3996291160583496,3
3727,140.58360695838928,25.64837247983563,21.997928619384766,0.0,0.0,0,0,0.3976144790649414,3
3728,140.6635971069336,12.34581070540274,64.00108337402344,0.0,0.0,0,0,0.40059614181518555,3
3729,140.7059144973755,24.20018809464738,24.0018367767334,0.0,0.0,0,0,0.3976144790649414,3
3730,140.74791526794434,23.25788653591292,25.993824005126953,0.0,0.0,0,0,0.40047597885131836,3
3731,140.79192233085632,23.250795481002694,24.00827407836914,0.0,0.0,0,0,0.3976144790649414,3
3732,140.83497381210327,23.23006286173188,26.058435440063477,0.0,0.0,0,0,0.4003143310546875,3
3733,140.8809299468994,21.295747759640527,25.9397029876709,0.0,0.0,0,0,0.3976144790649414,3
3734,140.9269142150879,22.229604464678477,26.001930236816406,0.0,0.0,0,0,0.40015316009521484,3
3735,140.9669210910797,24.386622633610866,23.00429344177246,0.0,0.0,0,0,0.3976144790649414,3
3736,141.00781559944153,24.45316107366899,23.902177810668945,0.0,0.0,0,0,0.3995490074157715,3
3737,141.04680371284485,25.648843011594344,21.997928619384766,0.0,0.0,0,0,0.3976144790649414,3
3738,141.08680510520935,24.999129802477082,23.999452590942383,0.0,0.0,0,0,0.3995084762573242,3
3739,141.1248083114624,27.018017147531904,21.009206771850586,0.0,0.0,0,0,0.3976144790649414,3
3740,141.16380167007446,25.009862497465804,23.99277687072754,0.0,0.0,0,0,0.39979124069213867,3
3741,141.20180940628052,27.021498379729547,21.004915237426758,0.0,0.0,0,0,0.3976144790649414,3
3742,141.23980259895325,25.645392846224397,22.990703582763672,0.0,0.0,0,0,0.3995084762573242,3
3743,141.27780103683472,27.025502905965283,20.992517471313477,0.0,0.0,0,0,0.3976144790649414,3
3744,141.31680297851562,25.001066968676422,23.945331573486328,0.0,0.0,0,0,0.3996696472167969,3
3745,141.36080145835876,22.728057959391577,22.9949951171875,0.0,0.0,0,0,0.3976144790649414,3
3746,141.40281057357788,23.80435757297147,25.00176429748535,0.0,0.0,0,0,0.40148258209228516,3
3747,141.44591975212097,23.196916150940474,23.05912971496582,0.0,0.0,0,0,0.3976144790649414,3
3748,141.48585677146912,25.039424982687393,22.94611930847168,0.0,0.0,0,0,0.39979124069213867,3
3749,141.52585983276367,25.642884217991515,22.992849349975586,0.0,0.0,0,0,0.3976144790649414,3
3750,141.56485533714294,24.999129802477082,23.993492126464844,0.0,0.0,0,0,0.39979076385498047,3
3751,141.6028609275818,26.311918548118967,22.004127502441406,0.0,0.0,0,0,0.3976144790649414,3
3752,141.64185905456543,25.642257137616923,24.002790451049805,0.0,0.0,0,0,0.39981698989868164,3
3753,141.68186116218567,25.638808743703848,23.003339767456055,0.0,0.0,0,0,0.3976144790649414,3
3754,141.72486329078674,22.726826440101217,27.00042724609375,0.0,0.0,0,0,0.40035438537597656,3
3755,141.76586174964905,24.391160735054665,24.007797241210938,0.0,0.0,0,0,0.3976144790649414,3
3756,141.80486369132996,25.639749122785567,23.000001907348633,0.0,0.0,0,0,0.3997359275817871,3
3757,141.8459186553955,24.35759043421198,22.064685821533203,0.0,0.0,0,0,0.3976144790649414,3
3758,141.8848841190338,26.337858712715857,22.032499313354492,0.0,0.0,0,0,0.39981698989868164,3
3759,141.922926902771,25.61469593150367,22.04585075378418,0.0,0.0,0,0,0.3976144790649414,3
3760,141.9759225845337,19.23260410027375,35.99429130554199,0.0,0.0,0,0,0.40015316009521484,3
3761,142.01293301582336,26.308122687072697,22.011280059814453,0.0,0.0,0,0,0.3976144790649414,3
3762,142.05291867256165,25.008967754245372,23.990869522094727,0.0,0.0,0,0,0.4004349708557129,3
3763,142.08992648124695,27.021324296813596,21.00062370300293,0.0,0.0,0,0,0.3976144790649414,3
3764,142.12892365455627,25.642884217991515,22.99809455871582,0.0,0.0,0,0,0.3995485305786133,3
3765,142.16691851615906,26.319348401751984,21.99530601501465,0.0,0.0,0,0,0.3976144790649414,3
3766,142.20491814613342,26.316045726619066,22.99213409423828,0.0,0.0,0,0,0.40023374557495117,3
3767,142.24391889572144,25.640532824716807,22.9947566986084,0.0,0.0,0,0,0.3976144790649414,3
3768,142.28292107582092,26.313074027603513,22.940874099731445,0.0,0.0,0,0,0.40015316009521484,3
3769,142.32392024993896,23.81097927902356,22.00007438659668,0.0,0.0,0,0,0.3976144790649414,3
3770,142.36192750930786,26.31076317011053,22.986650466918945,0.0,0.0,0,0,0.3995485305786133,3
3771,142.3999240398407,26.31819237116378,20.99895477294922,0.0,0.0,0,0,0.3976144790649414,3
3772,142.43844366073608,25.960795479162925,22.03369140625,0.0,0.0,0,0,0.3995485305786133,3
3773,142.477436542511,25.64570645926578,23.00262451171875,0.0,0.0,0,0,0.3976144790649414,3
3774,142.51544046401978,27.023935776092575,22.006988525390625,0.0,0.0,0,0,0.3997359275817871,3
3775,142.55343508720398,25.644765643151498,21.994829177856445,0.0,0.0,0,0,0.3976144790649414,3
3776,142.59243774414062,25.639278924622072,23.98991584777832,0.0,0.0,0,0,0.39958953857421875,3
3777,142.6315197944641,25.587193909298325,23.070812225341797,0.0,0.0,0,0,0.3976144790649414,3
3778,142.67543387413025,22.771739897605176,28.998136520385742,0.0,0.0,0,0,0.3995485305786133,3
3779,142.72243642807007,21.27543965547851,28.998613357543945,0.0,0.0,0,0,0.3976144790649414,3
3780,142.77144360542297,20.405174384945827,30.005931854248047,0.0,0.0,0,0,0.40015316009521484,3
3781,142.82343673706055,19.61109812319403,26.9930362701416,0.0,0.0,0,0,0.3976144790649414,3
3782,142.86943936347961,21.739015958411727,26.98993682861328,0.0,0.0,0,0,0.4006767272949219,3
3783,142.9124355316162,22.72719588187483,24.99532699584961,0.0,0.0,0,0,0.3976144790649414,3
3784,142.95743703842163,22.221478145695365,26.985883712768555,0.0,0.0,0,0,0.3996305465698242,3
3785,142.99897599220276,24.07378879278183,24.533987045288086,0.0,0.0,0,0,0.3976144790649414,3
3786,143.04196977615356,23.811384809278614,25.003433227539062,0.0,0.0,0,0,0.3995084762573242,3
3787,143.08096981048584,25.001812112541725,21.991729736328125,0.0,0.0,0,0,0.3976144790649414,3
3788,143.1219780445099,24.38534659682211,23.995399475097656,0.0,0.0,0,0,0.39958953857421875,3
3789,143.1609697341919,25.646490525427563,21.999835968017578,0.0,0.0,0,0,0.3976144790649414,3
3790,143.20204663276672,24.344583809761506,24.066448211669922,0.0,0.0,0,0,0.3997502326965332,3
3791,143.24297761917114,24.43136820890393,24.00803565979004,0.0,0.0,0,0,0.3976144790649414,3
3792,143.28598165512085,23.253631384028562,26.009321212768555,0.0,0.0,0,0,0.3996291160583496,3
3793,143.3299708366394,22.73286216016997,22.993803024291992,0.0,0.0,0,0,0.3976144790649414,3
3794,143.37297105789185,23.80638423466376,24.005651473999023,0.0,0.0,0,0,0.3996291160583496,3
3795,143.4159824848175,23.25685484094551,24.00374412536621,0.0,0.0,0,0,0.3976144790649414,3
3796,143.45897841453552,22.72522566453193,27.003765106201172,0.0,0.0,0,0,0.3996291160583496,3
3797,143.4989845752716,25.647431468108135,22.00174331665039,0.0,0.0,0,0,0.3976144790649414,3
3798,143.53797149658203,24.998235827015687,22.997140884399414,0.0,0.0,0,0,0.39979076385498047,3
3799,143.57697701454163,25.63739830441134,23.00548553466797,0.0,0.0,0,0,0.3976144790649414,3
3800,143.61597561836243,25.641943608930625,22.000551223754883,0.0,0.0,0,0,0.3996291160583496,3
3801,143.6519672870636,27.784207737148915,19.99068260192871,0.0,0.0,0,0,0.3976144790649414,3
3802,143.68996596336365,26.316706195334362,22.980690002441406,0.0,0.0,0,0,0.3995485305786133,3
3803,143.72797179222107,26.31175348790525,24.005889892578125,0.0,0.0,0,0,0.3976144790649414,3
3804,143.7699751853943,23.807600397332198,26.006221771240234,0.0,0.0,0,0,0.3997359275817871,3
3805,143.8149688243866,22.225363904682673,23.995637893676758,0.0,0.0,0,0,0.3976144790649414,3
3806,143.85697484016418,23.806113993166313,25.003433227539062,0.0,0.0,0,0,0.3996696472167969,3
3807,143.89696955680847,25.64429526097935,23.00119400024414,0.0,0.0,0,0,0.3976144790649414,3
3808,143.93788290023804,23.858927393114747,24.915218353271484,0.0,0.0,0,0,0.3996100425720215,3
3809,143.97582459449768,26.356229459780444,22.003173828125,0.0,0.0,0,0,0.3976144790649414,3
3810,144.01882243156433,23.256983797810875,25.99501609802246,0.0,0.0,0,0,0.400848388671875,3
3811,144.05585503578186,27.0032319122362,22.031545639038086,0.0,0.0,0,0,0.3976144790649414,3
3812,144.09485459327698,25.641316574558616,23.005962371826172,0.0,0.0,0,0,0.3997764587402344,3
3813,144.1318552494049,27.026547760193825,21.992206573486328,0.0,0.0,0,0,0.3976144790649414,3
3814,144.17185044288635,25.00300443511851,23.993253707885742,0.0,0.0,0,0,0.3995084762573242,3
3815,144.20885586738586,27.023065226915445,21.00658416748047,0.0,0.0,0,0,0.3976144790649414,3
3816,144.2478506565094,25.64445205311942,22.99976348876953,0.0,0.0,0,0,0.3995084762573242,3
3817,144.28985238075256,23.808546387539167,22.00150489807129,0.0,0.0,0,0,0.3976144790649414,3
3818,144.32785820960999,26.31175348790525,22.002458572387695,0.0,0.0,0,0,0.39958953857421875,3
3819,144.36584973335266,26.321660767628085,21.991729736328125,0.0,0.0,0,0,0.3976144790649414,3
3820,144.4058563709259,24.99585220500596,24.00517463684082,0.0,0.0,0,0,0.40027379989624023,3
3821,144.44374322891235,26.394376655821887,21.89040184020996,0.0,0.0,0,0,0.3976144790649414,3
3822,144.48529291152954,24.067572530297465,25.014877319335938,0.0,0.0,0,0,0.40124082565307617,3
3823,144.52734112739563,23.782221894615084,25.06709098815918,0.0,0.0,0,0,0.3976144790649414,3
3824,144.57028818130493,23.28448424219882,26.008129119873047,0.0,0.0,0,0,0.39979076385498047,3
3825,144.61327505111694,23.26291735995563,24.997949600219727,0.0,0.0,0,0,0.3976144790649414,3
3826,144.66127467155457,20.83349807525146,30.994176864624023,0.0,0.0,0,0,0.3996291160583496,3
3827,144.70627665519714,22.221242688819192,26.990175247192383,0.0,0.0,0,0,0.3976144790649414,3
3828,144.75327396392822,21.74048080611219,27.9996395111084,0.0,0.0,0,0,0.40027379989624023,3
3829,144.80028462409973,20.828635560058004,26.003122329711914,0.0,0.0,0,0,0.3976144790649414,3
3830,144.84927439689636,20.837431130674112,27.98748016357422,0.0,0.0,0,0,0.3996295928955078,3
3831,144.89627814292908,20.83204942907236,27.00066566467285,0.0,0.0,0,0,0.3976144790649414,3
3832,144.9422779083252,21.739241306747797,26.999950408935547,0.0,0.0,0,0,0.40015316009521484,3
3833,144.98380541801453,24.080423013107207,23.51999282836914,0.0,0.0,0,0,0.3976144790649414,3
3834,145.025808095932,23.80800581250142,25.002002716064453,0.0,0.0,0,0,0.39981698989868164,3
3835,145.06581044197083,25.642884217991515,22.993803024291992,0.0,0.0,0,0,0.3976144790649414,3
3836,145.105810880661,24.386906215477644,23.988962173461914,0.0,0.0,0,0,0.399630069732666,3
3837,145.14487099647522,25.601562595373252,23.062467575073242,0.0,0.0,0,0,0.3976144790649414,3
3838,145.1868131160736,24.422263757635044,24.003982543945312,0.0,0.0,0,0,0.39958953857421875,3
3839,145.2248079776764,26.315880614620127,21.000385284423828,0.0,0.0,0,0,0.3976144790649414,3
3840,145.26581859588623,23.808681535134276,25.011777877807617,0.0,0.0,0,0,0.4005155563354492,3
3841,145.3078112602234,23.813683075001418,21.99864387512207,0.0,0.0,0,0,0.3976144790649414,3
3842,145.3478136062622,24.99853381173189,22.988319396972656,0.0,0.0,0,0,0.3995485305786133,3
3843,145.38680624961853,26.320834876029945,22.000551223754883,0.0,0.0,0,0,0.3976144790649414,3
3844,145.42684197425842,24.36905342908271,25.03681182861328,0.0,0.0,0,0,0.39979076385498047,3
3845,145.46481037139893,27.045194570719282,21.007061004638672,0.0,0.0,0,0,0.3976144790649414,3
3846,145.50281620025635,25.64163008791128,23.00429344177246,0.0,0.0,0,0,0.40023374557495117,3
3847,145.53981113433838,27.03072798515158,21.00205421447754,0.0,0.0,0,0,0.3976144790649414,3
3848,145.5858063697815,21.741382348977286,30.000925064086914,0.0,0.0,0,0,0.40039539337158203,3
3849,145.62280702590942,27.777399550984455,19.99521255493164,0.0,0.0,0,0,0.3976144790649414,3
3850,145.66281008720398,24.38832422374695,24.968624114990234,0.0,0.0,0,0,0.3995485305786133,3
3851,145.7028088569641,25.638652020563228,24.005651473999023,0.0,0.0,0,0,0.3976144790649414,3
3852,145.7458074092865,22.730521398416457,26.000499725341797,0.0,0.0,0,0,0.40035438537597656,3
3853,145.78780388832092,24.392437380416514,21.997451782226562,0.0,0.0,0,0,0.3976144790649414,3
3854,145.8258044719696,25.640532824716807,23.000717163085938,0.0,0.0,0,0,0.3997359275817871,3
3855,145.86380648612976,26.314394699859466,22.001028060913086,0.0,0.0,0,0,0.3976144790649414,3
3856,145.90280747413635,26.314064519367104,23.001909255981445,0.0,0.0,0,0,0.3996291160583496,3
3857,145.94080901145935,26.314559793212915,21.004199981689453,0.0,0.0,0,0,0.3976144790649414,3
3858,145.98183012008667,23.798549721405795,26.0164737701416,0.0,0.0,0,0,0.4005155563354492,3
3859,146.02335619926453,24.673973021783763,24.000167846679688,0.0,0.0,0,0,0.3976144790649414,3
3860,146.0640254020691,23.999954223720124,24.653196334838867,0.0,0.0,0,0,0.3995485305786133,3
3861,146.10306119918823,25.617511971073977,23.04863929748535,0.0,0.0,0,0,0.3976144790649414,3
3862,146.14601469039917,23.280994671403196,26.000022888183594,0.0,0.0,0,0,0.3995084762573242,3
3863,146.18500900268555,26.314889986134553,22.008657455444336,0.0,0.0,0,0,0.3976144790649414,3
3864,146.22500777244568,25.003451585404385,22.995471954345703,0.0,0.0,0,0,0.40124082565307617,3
3865,146.26601433753967,23.80733012822332,21.997690200805664,0.0,0.0,0,0,0.3976144790649414,3
3866,146.30601501464844,24.999576814185666,23.00548553466797,0.0,0.0,0,0,0.3995084762573242,3
3867,146.3480188846588,23.80733012822332,22.010087966918945,0.0,0.0,0,0,0.3976144790649414,3
3868,146.39101672172546,23.256983797810875,26.005029678344727,0.0,0.0,0,0,0.3996100425720215,3
3869,146.43401837348938,23.254920659562437,25.00319480895996,0.0,0.0,0,0,0.3976144790649414,3
3870,146.47401571273804,25.001663080215305,23.997783660888672,0.0,0.0,0,0,0.3995485305786133,3
3871,146.51336479187012,25.413555337429262,22.03655242919922,0.0,0.0,0,0,0.3976144790649414,3
3872,146.55336570739746,24.99942780850658,22.99976348876953,0.0,0.0,0,0,0.3995485305786133,3
3873,146.59141993522644,26.278289090350917,22.023439407348633,0.0,0.0,0,0,0.3976144790649414,3
3874,146.63236165046692,24.424965933310816,23.91958236694336,0.0,0.0,0,0,0.399871826171875,3
3875,146.6744282245636,23.771843119474042,25.066614151000977,0.0,0.0,0,0,0.3976144790649414,3
3876,146.71936655044556,22.76234770574987,26.999950408935547,0.0,0.0,0,0,0.3997764587402344,3
3877,146.7653625011444,21.27565549530539,25.00152587890625,0.0,0.0,0,0,0.3976144790649414,3
3878,146.8093605041504,22.728304279265853,26.998519897460938,0.0,0.0,0,0,0.3997359275817871,3
3879,146.8573637008667,21.275115903949356,28.999805450439453,0.0,0.0,0,0,0.3976144790649414,3
3880,146.91889834403992,15.991154794901806,37.00613975524902,0.0,0.0,0,0,0.3995485305786133,3
3881,146.97589659690857,17.54439740994194,37.00423240661621,0.0,0.0,0,0,0.3976144790649414,3
3882,147.01989316940308,22.729043270924215,26.005029678344727,0.0,0.0,0,0,0.3995485305786133,3
3883,147.06043195724487,25.29020120954856,22.541046142578125,0.0,0.0,0,0,0.3976144790649414,3
3884,147.1004922389984,24.355751698507635,24.060487747192383,0.0,0.0,0,0,0.399630069732666,3
3885,147.13949608802795,25.638495299338608,22.068500518798828,0.0,0.0,0,0,0.3976144790649414,3
3886,147.1794295310974,25.04166741296651,23.996591567993164,0.0,0.0,0,0,0.3996305465698242,3
3887,147.2204306125641,25.001066968676422,22.989511489868164,0.0,0.0,0,0,0.3976144790649414,3
3888,147.26043725013733,24.384637745194937,24.010419845581055,0.0,0.0,0,0,0.3995084762573242,3
3889,147.30442929267883,22.73138372824037,23.996353149414062,0.0,0.0,0,0,0.3976144790649414,3
3890,147.3485186100006,23.21964613919706,25.025606155395508,0.0,0.0,0,0,0.39958953857421875,3
3891,147.3884837627411,24.397687215700874,23.0562686920166,0.0,0.0,0,0,0.3976144790649414,3
3892,147.42943143844604,24.421410563212167,24.001359939575195,0.0,0.0,0,0,0.39979076385498047,3
3893,147.46943020820618,25.000768923566614,24.004459381103516,0.0,0.0,0,0,0.3976144790649414,3
3894,147.50843858718872,25.6355179600643,23.004770278930664,0.0,0.0,0,0,0.4013214111328125,3
3895,147.5487575531006,25.42788377013501,21.338462829589844,0.0,0.0,0,0,0.3976144790649414,3
3896,147.58775782585144,25.00479313222845,23.98967742919922,0.0,0.0,0,0,0.3995084762573242,3
3897,147.6247591972351,27.026025322980765,20.991086959838867,0.0,0.0,0,0,0.3976144790649414,3
3898,147.6657633781433,24.387757000651224,24.941444396972656,0.0,0.0,0,0,0.399871826171875,3
3899,147.70775747299194,23.812871871735478,26.998043060302734,0.0,0.0,0,0,0.3976144790649414,3
3900,147.75176882743835,22.72140934034681,27.006149291992188,0.0,0.0,0,0,0.4006819725036621,3
3901,147.79476237297058,23.8159817844225,21.936893463134766,0.0,0.0,0,0,0.3976144790649414,3
3902,147.833758354187,24.99942780850658,22.995948791503906,0.0,0.0,0,0,0.4005155563354492,3
3903,147.87075757980347,27.02759269521735,21.000385284423828,0.0,0.0,0,0,0.3976144790649414,3
3904,147.91077065467834,24.99183087345898,24.013280868530273,0.0,0.0,0,0,0.40035438537597656,3
3905,147.94977450370789,25.638495299338608,22.01557159423828,0.0,0.0,0,0,0.3976144790649414,3
3906,147.98876070976257,25.650097847358122,22.996187210083008,0.0,0.0,0,0,0.3995485305786133,3
3907,148.02778458595276,26.294598525502785,22.006511688232422,0.0,0.0,0,0,0.3976144790649414,3
3908,148.0669674873352,24.89038697770472,23.355960845947266,0.0,0.0,0,0,0.3996295928955078,3
3909,148.10397005081177,27.02515463917526,21.004676818847656,0.0,0.0,0,0,0.3976144790649414,3
3910,148.1429672241211,25.642884217991515,22.99642562866211,0.0,0.0,0,0,0.39979076385498047,3
3911,148.18097066879272,26.313404183239438,22.00007438659668,0.0,0.0,0,0,0.3976144790649414,3
3912,148.21996665000916,25.643668111591396,22.99952507019043,0.0,0.0,0,0,0.39958953857421875,3
3913,148.26189041137695,23.852821583134762,22.00007438659668,0.0,0.0,0,0,0.3976144790649414,3
3914,148.30189490318298,24.997192936450702,22.999286651611328,0.0,0.0,0,0,0.3995084762573242,3
3915,148.33989691734314,26.314394699859466,22.002458572387695,0.0,0.0,0,0,0.3976144790649414,3
3916,148.39789533615112,17.241849356457827,41.99957847595215,0.0,0.0,0,0,0.3995485305786133,3
3917,148.43589758872986,27.030205386315743,22.002458572387695,0.0,0.0,0,0,0.3976144790649414,3
3918,148.47712564468384,23.67723616246578,26.233434677124023,0.0,0.0,0,0,0.4006767272949219,3
3919,148.51812410354614,24.391160735054665,23.999691009521484,0.0,0.0,0,0,0.3976144790649414,3
3920,148.5596568584442,24.077381874960533,26.010990142822266,0.0,0.0,0,0,0.399871826171875,3
3921,148.60364484786987,23.260466173836367,25.004863739013672,0.0,0.0,0,0,0.3976144790649414,3
3922,148.64864420890808,21.741044261640774,27.997255325317383,0.0,0.0,0,0,0.3997764587402344,3
3923,148.69964718818665,19.999065442841818,29.993772506713867,0.0,0.0,0,0,0.3976144790649414,3
3924,148.7606439590454,16.129705117752927,44.00062561035156,0.0,0.0,0,0,0.40015316009521484,3
3925,148.80964398384094,20.833705041152776,24.999380111694336,0.0,0.0,0,0,0.3976144790649414,3
3926,148.85664415359497,20.83287720221923,27.99844741821289,0.0,0.0,0,0,0.3995490074157715,3
3927,148.90364265441895,21.27727443361099,26.996612548828125,0.0,0.0,0,0,0.3976144790649414,3
3928,148.95364499092102,19.999065442841818,26.99899673461914,0.0,0.0,0,0,0.3996100425720215,3
3929,148.99764442443848,22.72756533565975,24.000167846679688,0.0,0.0,0,0,0.3976144790649414,3
3930,149.04264569282532,22.72719588187483,25.995254516601562,0.0,0.0,0,0,0.4005155563354492,3
3931,149.0836489200592,23.807059865250682,23.000717163085938,0.0,0.0,0,0,0.3976144790649414,3
3932,149.12668991088867,23.23366587823428,25.040864944458008,0.0,0.0,0,0,0.39979076385498047,3
3933,149.1706838607788,23.25840241772257,23.003578186035156,0.0,0.0,0,0,0.3976144790649414,3
3934,149.2126863002777,23.255178531825237,25.00128746032715,0.0,0.0,0,0,0.3996295928955078,3
3935,149.2536313533783,25.033447131568266,22.002220153808594,0.0,0.0,0,0,0.3976144790649414,3
3936,149.2946333885193,23.809222140858182,24.0020751953125,0.0,0.0,0,0,0.3997502326965332,3
3937,149.33865022659302,23.257241715831967,21.99077606201172,0.0,0.0,0,0,0.3976144790649414,3
3938,149.38163495063782,23.247058301879473,24.016380310058594,0.0,0.0,0,0,0.39958953857421875,3
3939,149.42263650894165,24.39924841334939,22.99666404724121,0.0,0.0,0,0,0.3976144790649414,3
3940,149.4656376838684,22.72424068395332,25.99787712097168,0.0,0.0,0,0,0.3995084762573242,3
3941,149.5046317577362,25.644922441043576,21.998882293701172,0.0,0.0,0,0,0.3976144790649414,3
3942,149.5446355342865,24.997639878894795,23.99468421936035,0.0,0.0,0,0,0.39971017837524414,3
3943,149.60263299942017,17.545131307046827,38.999080657958984,0.0,0.0,0,0,0.3976144790649414,3
3944,149.6596324443817,17.24106974029284,28.998136520385742,0.0,0.0,0,0,0.3997359275817871,3
3945,149.71163034439087,19.231545885967126,30.999422073364258,0.0,0.0,0,0,0.3976144790649414,3
3946,149.80063033103943,11.235956741755135,64.99958038330078,0.0,0.0,0,0,0.40070390701293945,3
3947,149.85462951660156,18.5187978224108,27.999162673950195,0.0,0.0,0,0,0.3976144790649414,3
3948,149.90262985229492,20.833187634109514,27.999401092529297,0.0,0.0,0,0,0.4018855094909668,3
3949,149.95162916183472,20.40845084128884,25.99954605102539,0.0,0.0,0,0,0.3976144790649414,3
3950,150.00363326072693,19.606789422263358,29.999971389770508,0.0,0.0,0,0,0.3996295928955078,3
3951,150.0436315536499,24.390451545372606,22.9952335357666,0.0,0.0,0,0,0.3976144790649414,3
3952,150.08662939071655,23.256983797810875,25.997161865234375,0.0,0.0,0,0,0.3996295928955078,3
3953,150.12762904167175,24.999874830872667,21.999835968017578,0.0,0.0,0,0,0.3976144790649414,3
3954,150.16964149475098,23.804762877704373,23.998260498046875,0.0,0.0,0,0,0.3996100425720215,3
3955,150.20863509178162,25.64241390483527,21.00658416748047,0.0,0.0,0,0,0.3976144790649414,3
3956,150.2486298084259,24.39385603201098,23.991823196411133,0.0,0.0,0,0,0.40015316009521484,3
3957,150.29462885856628,21.739579338011964,20.99442481994629,0.0,0.0,0,0,0.3976144790649414,3
3958,150.3436303138733,20.832773726978324,30.99656105041504,0.0,0.0,0,0,0.40083789825439453,3
3959,150.38263201713562,24.99883180355227,23.00238609313965,0.0,0.0,0,0,0.3976144790649414,3
3960,150.4256293773651,23.81097927902356,24.998903274536133,0.0,0.0,0,0,0.40015316009521484,3
3961,150.4686291217804,22.727442183063484,22.00007438659668,0.0,0.0,0,0,0.3976144790649414,3
3962,150.51763367652893,20.83267025276532,30.00020980834961,0.0,0.0,0,0,0.3995490074157715,3
3963,150.5576298236847,24.39073521629653,22.99976348876953,0.0,0.0,0,0,0.3976144790649414,3
3964,150.59862899780273,24.39073521629653,23.999929428100586,0.0,0.0,0,0,0.39979124069213867,3
3965,150.63762950897217,25.64068957085218,21.99864387512207,0.0,0.0,0,0,0.3976144790649414,3
3966,150.6916320323944,18.86700043632961,36.002397537231445,0.0,0.0,0,0,0.3996295928955078,3
3967,150.7516314983368,16.666947475502077,33.00023078918457,0.0,0.0,0,0,0.3976144790649414,3
3968,150.81763291358948,14.924967796573982,44.00134086608887,0.0,0.0,0,0,0.3996696472167969,3
3969,150.87463092803955,17.85813307900608,30.998945236206055,0.0,0.0,0,0,0.3976144790649414,3
3970,150.9236297607422,20.40725928088357,29.001951217651367,0.0,0.0,0,0,0.4013214111328125,3
3971,150.97015166282654,21.49701451993993,26.5195369720459,0.0,0.0,0,0,0.3976144790649414,3
3972,151.01815700531006,20.40527365604476,30.007600784301758,0.0,0.0,0,0,0.3998575210571289,3
3973,151.0641486644745,21.74307294339642,23.000240325927734,0.0,0.0,0,0,0.3976144790649414,3
3974,151.11114716529846,21.27727443361099,27.9996395111084,0.0,0.0,0,0,0.40124082565307617,3
3975,151.15214824676514,24.389600572189497,21.999835968017578,0.0,0.0,0,0,0.3976144790649414,3
3976,151.19315361976624,24.38704800888429,23.005962371826172,0.0,0.0,0,0,0.3997502326965332,3
3977,151.23214769363403,25.644922441043576,21.999597549438477,0.0,0.0,0,0,0.3976144790649414,3
3978,151.27315187454224,25.000321869225726,22.994518280029297,0.0,0.0,0,0,0.40015316009521484,3
3979,151.31214690208435,25.64068957085218,22.00007438659668,0.0,0.0,0,0,0.3976144790649414,3
3980,151.352148771286,24.389600572189497,23.995637893676758,0.0,0.0,0,0,0.39981698989868164,3
3981,151.39015412330627,26.312083610403622,22.00007438659668,0.0,0.0,0,0,0.3976144790649414,3
3982,151.4278118610382,26.55496745764429,21.660566329956055,0.0,0.0,0,0,0.3997359275817871,3
3983,151.4638159275055,27.774640425926417,21.00396156311035,0.0,0.0,0,0,0.3976144790649414,3
3984,151.50281167030334,25.643824896062608,23.002147674560547,0.0,0.0,0,0,0.3997502326965332,3
3985,151.54680967330933,23.25646797892986,21.999120712280273,0.0,0.0,0,0,0.3976144790649414,3
3986,151.58680987358093,24.39059338000977,22.99642562866211,0.0,0.0,0,0,0.3995485305786133,3
3987,151.63981866836548,19.227314192983503,22.998809814453125,0.0,0.0,0,0,0.3976144790649414,3
3988,151.6788182258606,25.000619903676505,23.008108139038086,0.0,0.0,0,0,0.3998427391052246,3
3989,151.72180795669556,23.261369182306225,26.000022888183594,0.0,0.0,0,0,0.3976144790649414,3
3990,151.76481080055237,23.25427600392533,25.997638702392578,0.0,0.0,0,0,0.3998575210571289,3
3991,151.80681037902832,23.809762771132895,24.999618530273438,0.0,0.0,0,0,0.3976144790649414,3
3992,151.84980940818787,23.25633902778471,26.0009765625,0.0,0.0,0,0,0.399871826171875,3
3993,151.89581274986267,22.222302284058216,28.99622917175293,0.0,0.0,0,0,0.3976144790649414,3
3994,151.93481063842773,24.999129802477082,21.99578285217285,0.0,0.0,0,0,0.3995490074157715,3
3995,151.96581029891968,33.333894951004154,13.00048828125,0.0,0.0,0,0,0.3976144790649414,1
3996,151.99882292747498,29.400700967334924,15.01154899597168,0.0,0.0,0,0,0.3980979919433594,1
3997,152.0358123779297,27.034735247671534,14.002084732055664,0.0,0.0,0,0,0.3976144790649414,1
3998,152.06781005859375,31.252265140677157,14.000415802001953,0.0,0.0,0,0,0.3980979919433594,1
3999,152.09680891036987,34.48412398257009,10.999679565429688,0.0,0.0,0,0,0.39905357360839844,1
4000,152.12680959701538,33.332570411342104,11.99960708618164,0.0,0.0,0,0,0.3980979919433594,1
4001,152.17281126976013,21.738339941434088,29.00218963623047,0.0,0.0,0,0,0.3976144790649414,1
4002,152.20181679725647,35.71717859849614,10.998964309692383,0.0,0.0,0,0,0.3980979919433594,1
4003,152.22815418243408,36.56951540621131,10.00833511352539,0.0,0.0,0,0,0.3990511894226074,1
4004,152.2561538219452,35.714745527465325,11.996746063232422,0.0,0.0,0,0,0.3976144790649414,1
4005,152.28315424919128,37.036450974851654,10.009288787841797,0.0,0.0,0,0,0.3990507125854492,1
4006,152.3111515045166,37.048882607543504,10.999202728271484,0.0,0.0,0,0,0.3980979919433594,1
4007,152.3361611366272,38.438593436403124,10.001659393310547,0.0,0.0,0,0,0.3990511894226074,1
4008,152.3641538619995,35.72356698747977,12.008190155029297,0.0,0.0,0,0,0.3980979919433594,1
4009,152.39415526390076,33.331775738069695,10.010242462158203,0.0,0.0,0,0,0.399045467376709,1
4010,152.42214918136597,35.72204573521271,10.988473892211914,0.0,0.0,0,0,0.3980979919433594,1
4011,152.45014548301697,37.04135720152252,9.993791580200195,0.0,0.0,0,0,0.3990511894226074,1
4012,152.4791543483734,34.48412398257009,11.00015640258789,0.0,0.0,0,0,0.3980979919433594,1
4013,152.51115489006042,31.248539754440337,14.00136947631836,0.0,0.0,0,0,0.3976144790649414,1
4014,152.53914523124695,35.715049643216,10.986804962158203,0.0,0.0,0,0,0.3980979919433594,1
4015,152.5701563358307,31.239695520698337,15.010356903076172,0.0,0.0,0,0,0.3990492820739746,1
4016,152.6001467704773,33.34396489359165,13.981342315673828,0.0,0.0,0,0,0.39819765090942383,1
4017,152.62914514541626,34.48469102509291,13.000965118408203,0.0,0.0,0,0,0.4006795883178711,1
4018,152.66915011405945,24.996894983700155,16.00503921508789,0.0,0.0,1,0,0.3990626335144043,1
4019,152.70615005493164,27.781263247138618,13.998031616210938,0.0,0.0,0,0,0.40050506591796875,1
4020,152.73914885520935,29.408946851773944,15.004873275756836,0.0,0.0,1,0,0.3991060256958008,1
4021,152.79414629936218,18.182663129237547,19.000768661499023,0.0,0.0,0,0,0.40059852600097656,1
4022,152.83115100860596,27.02358754969106,15.005826950073242,0.0,0.0,0,0,0.3992137908935547,1
4023,152.86966681480408,26.65012961927515,18.004417419433594,0.0,0.0,0,0,0.4026985168457031,1
4024,152.9036672115326,28.577198492890286,14.997720718383789,0.0,0.0,1,0,0.39928483963012695,1
4025,152.9326663017273,34.483840468301665,9.998798370361328,0.0,0.0,0,0,0.4017367362976074,1
4026,152.96866869926453,27.77592794940565,14.001131057739258,0.0,0.0,1,0,0.4008636474609375,1
4027,153.00366878509521,28.57135850573225,12.998580932617188,0.0,0.0,0,0,0.40250158309936523,1
4028,153.03567552566528,31.24341879832546,14.005422592163086,0.0,0.0,0,0,0.4032883644104004,1
4029,153.0706808567047,28.567077365262936,12.012243270874023,0.0,0.0,0,0,0.40047645568847656,1
4030,153.1066699028015,27.78623243612081,17.986297607421875,0.0,0.0,0,0,0.40117931365966797,2
4031,153.1396803855896,30.29340729184723,16.01123809814453,0.0,0.0,0,0,0.39913082122802734,2
4032,153.17366909980774,29.421530734643202,16.995906829833984,0.0,0.0,0,0,0.40103769302368164,2
4033,153.21067118644714,27.025502905965283,15.998125076293945,0.0,0.0,0,0,0.39920902252197266,2
4034,153.24582695960999,28.44483025214643,16.99209213256836,0.0,0.0,0,0,0.40145301818847656,2
4035,153.2798306941986,29.408534447700916,18.002748489379883,0.0,0.0,0,0,0.40020322799682617,2
4036,153.3178322315216,26.314724888637933,20.004987716674805,0.0,0.0,0,0,0.4015927314758301,2
4037,153.35083103179932,30.304132016444257,16.005992889404297,0.0,0.0,0,0,0.3976144790649414,2
4038,153.38481450080872,30.318370415347474,15.989303588867188,0.0,0.0,0,0,0.3996100425720215,2
4039,153.41682124137878,31.243651532645536,15.005826950073242,0.0,0.0,0,0,0.3976144790649414,2
4040,153.4488663673401,30.261278615902974,17.063379287719727,0.0,0.0,0,0,0.3996100425720215,2
4041,153.48381352424622,29.46555575850393,17.99774169921875,0.0,0.0,0,0,0.3976144790649414,2
4042,153.51679873466492,29.41657841397642,17.99297332763672,0.0,0.0,0,0,0.3995084762573242,2
4043,153.5488634109497,31.18696696384091,14.986515045166016,0.0,0.0,0,0,0.3976144790649414,2
4044,153.58180904388428,30.353036531002143,17.008066177368164,0.0,0.0,0,0,0.3998847007751465,2
4045,153.6178092956543,27.777583512146016,17.000913619995117,0.0,0.0,0,0,0.39923572540283203,2
4046,153.65483212471008,27.765814907983582,19.99974250793457,0.0,0.0,0,0,0.4017601013183594,2
4047,153.68873620033264,28.64394348114103,17.90928840637207,0.0,0.0,0,0,0.3992795944213867,2
4048,153.72466373443604,28.634556961161138,17.993688583374023,0.0,0.0,0,0,0.4014010429382324,2
4049,153.75765800476074,29.412659008990055,16.99995994567871,0.0,0.0,0,0,0.39942073822021484,2
4050,153.79265880584717,28.570774638293233,18.99886131286621,0.0,0.0,0,0,0.40154266357421875,2
4051,153.82679724693298,30.297783813458928,17.001628875732422,0.0,0.0,0,0,0.39952564239501953,2
4052,153.86080050468445,29.294332928243165,17.004728317260742,0.0,0.0,0,0,0.39979076385498047,2
4053,153.89879989624023,25.64163008791128,21.940946578979492,0.0,0.0,0,0,0.3976144790649414,3
4054,153.9368269443512,26.29707141827119,22.027254104614258,0.0,0.0,0,0,0.40033483505249023,3
4055,153.97282242774963,28.57622499591214,19.005537033081055,0.0,0.0,0,0,0.3976144790649414,3
4056,154.00781559944153,27.78199931113054,20.998239517211914,0.0,0.0,0,0,0.4003758430480957,3
4057,154.04483485221863,27.012970953822375,19.019603729248047,0.0,0.0,0,0,0.3976144790649414,3
4058,154.07982325553894,29.35543113101904,20.077228546142578,0.0,0.0,0,0,0.40083789825439453,3
4059,154.10883140563965,33.40983423742045,14.00899887084961,0.0,0.0,0,0,0.3976144790649414,2
4060,154.1398527622223,32.235856524713135,16.024112701416016,0.0,0.0,0,0,0.39958953857421875,2
4061,154.16785192489624,35.71535376414588,13.99850845336914,0.0,0.0,0,0,0.3976144790649414,2
4062,154.19785332679749,33.331775738069695,16.000986099243164,0.0,0.0,0,0,0.39958953857421875,2
4063,154.22484874725342,37.04332005617035,13.99993896484375,0.0,0.0,0,0,0.3976144790649414,2
4064,154.2558786869049,32.22693989196997,17.00592041015625,0.0,0.0,0,0,0.4015631675720215,2
4065,154.2868709564209,32.266110730742895,15.999078750610352,0.0,0.0,0,0,0.3976144790649414,2
4066,154.3168706893921,34.48355695869508,15.001058578491211,0.0,0.0,0,0,0.39958953857421875,2
4067,154.34594011306763,34.41169617511445,13.061046600341797,0.0,0.0,0,0,0.3976144790649414,2
4068,154.37587141990662,32.319316982207944,15.925884246826172,0.0,0.0,0,0,0.3996305465698242,2
4069,154.40787768363953,31.243884270432943,13.999462127685547,0.0,0.0,0,0,0.3976144790649414,2
4070,154.43989253044128,31.235507893952935,17.01498031616211,0.0,0.0,0,0,0.39958953857421875,2
4071,154.4698977470398,34.48100558199949,13.93747329711914,0.0,0.0,0,0,0.3976144790649414,2
4072,154.5028898715973,29.415340594295493,17.999887466430664,0.0,0.0,0,0,0.39958953857421875,2
4073,154.53402471542358,33.18120975270161,16.135454177856445,0.0,0.0,0,0,0.3976144790649414,2
4074,154.56502985954285,31.247608546651964,16.942501068115234,0.0,0.0,0,0,0.39965057373046875,2
4075,154.59502124786377,33.34290461313427,15.98978042602539,0.0,0.0,0,0,0.3987760543823242,2
4076,154.6270580291748,31.214121989700235,17.026901245117188,0.0,0.0,0,0,0.4013948440551758,2
4077,154.65705108642578,33.341049284578695,16.002178192138672,0.0,0.0,0,0,0.3993997573852539,2
4078,154.6940495967865,27.028115193030164,20.99609375,0.0,0.0,0,0,0.40154314041137695,2
4079,154.7290539741516,28.56785565900871,19.00625228881836,0.0,0.0,0,0,0.3995847702026367,2
4080,154.76911401748657,24.962529162500594,19.02151107788086,0.0,0.0,0,0,0.4014616012573242,2
4081,154.80804920196533,25.683710335198953,18.000364303588867,0.0,0.0,0,0,0.3997535705566406,2
4082,154.8460509777069,26.314559793212915,20.000457763671875,0.0,0.0,0,0,0.4016594886779785,2
4083,154.8890519142151,23.255307470101297,20.0040340423584,0.0,0.0,0,0,0.3996620178222656,2
4084,154.93404817581177,22.22406850069942,21.99840545654297,0.0,0.0,0,0,0.4022245407104492,2
4085,154.97504925727844,24.389600572189497,18.997669219970703,0.0,0.0,0,0,0.3998117446899414,2
4086,155.01405262947083,25.638808743703848,18.996000289916992,0.0,0.0,0,0,0.4022970199584961,2
4087,155.0495879650116,28.14100344859976,17.534494400024414,0.0,0.0,0,0,0.39998912811279297,2
4088,155.08759140968323,26.313404183239438,20.008325576782227,0.0,0.0,0,0,0.40181922912597656,2
4089,155.12358140945435,28.580508878803986,16.997337341308594,0.0,0.0,0,0,0.4002714157104492,2
4090,155.16311073303223,24.672811873150703,21.01278305053711,0.0,0.0,0,0,0.4023261070251465,2
4091,155.20011115074158,27.02672191042006,19.00959014892578,0.0,0.0,0,0,0.4000105857849121,2
4092,155.23910450935364,25.645392846224397,18.9971923828125,0.0,0.0,0,0,0.40255069732666016,2
4093,155.2820987701416,23.25891832241822,19.99688148498535,0.0,0.0,0,0,0.4002389907836914,2
4094,155.32209849357605,25.00017285466499,18.990278244018555,0.0,0.0,0,0,0.4027876853942871,2
4095,155.3621027469635,24.9973419154896,22.00174331665039,0.0,0.0,0,0,0.3976144790649414,3
4096,155.40310764312744,24.387331600644234,22.998809814453125,0.0,0.0,0,0,0.40035533905029297,3
4097,155.4411177635193,26.308782758144844,22.02010154724121,0.0,0.0,0,0,0.3976144790649414,3
4098,155.47965240478516,25.950676252583126,23.059844970703125,0.0,0.0,0,0,0.40035533905029297,3
4099,155.52059531211853,24.424254776476616,25.998592376708984,0.0,0.0,0,0,0.3976144790649414,3
4100,155.5631127357483,24.086922564491307,25.994062423706055,15.998601913452148,2.0008087158203125,0,0,0.3976144790649414,3
4101,155.60220670700073,24.940709159129696,24.0938663482666,0.0,0.0,0,0,0.3976144790649414,3
4102,155.64511013031006,23.30816337871631,28.99456024169922,0.0,0.0,0,0,0.40064382553100586,3
4103,155.68211936950684,27.02027984641946,21.914243698120117,0.0,0.0,0,0,0.3976144790649414,3
4104,155.72312474250793,24.38704800888429,25.012969970703125,0.0,0.0,0,0,0.40108680725097656,3
4105,155.76611065864563,23.263433464968717,23.993253707885742,0.0,0.0,0,0,0.3976144790649414,3
4106,155.81111216545105,22.221478145695365,28.995752334594727,0.0,0.0,0,0,0.3990488052368164,3
4107,155.85410952568054,23.257241715831967,22.99952507019043,0.0,0.0,0,0,0.3976144790649414,3
4108,155.89511799812317,24.38520482319973,24.007320404052734,0.0,0.0,0,0,0.40084314346313477,3
4109,155.9341106414795,26.32033936594794,20.000219345092773,0.0,0.0,0,0,0.3976144790649414,3
4110,155.97711181640625,22.727072733282398,28.00130844116211,0.0,0.0,0,0,0.39910125732421875,3
4111,156.02311778068542,21.736312142742392,30.005216598510742,0.0,0.0,0,0,0.3976144790649414,3
4112,156.0701138973236,21.741044261640774,26.001930236816406,0.0,0.0,0,0,0.40076255798339844,3
4113,156.11411499977112,22.727811644856267,25.997638702392578,0.0,0.0,0,0,0.3976144790649414,3
4114,156.15611124038696,23.256596931505026,25.99644660949707,0.0,0.0,0,0,0.4006819725036621,3
4115,156.197114944458,24.996894983700155,22.99809455871582,0.0,0.0,0,0,0.3976144790649414,3
4116,156.23712348937988,24.38591370779723,23.99611473083496,0.0,0.0,0,0,0.40116024017333984,3
4117,156.28051447868347,23.587623300228323,21.854400634765625,0.0,0.0,0,0,0.3976144790649414,3
4118,156.32151198387146,24.394991072103668,24.000883102416992,0.0,0.0,0,0,0.4001932144165039,3
4119,156.35902667045593,25.96320598212296,21.9879150390625,0.0,0.0,0,0,0.3976144790649414,3
4120,156.40121221542358,23.704802219974116,26.17335319519043,0.0,0.0,0,0,0.40105342864990234,3
4121,156.43920278549194,27.03368976029803,21.006107330322266,0.0,0.0,0,0,0.3976144790649414,3
4122,156.47719717025757,26.30729764480823,22.013425827026367,0.0,0.0,0,0,0.40083789825439453,3
4123,156.51320338249207,27.035780815913473,20.98870277404785,0.0,0.0,0,0,0.3976144790649414,3
4124,156.5522904396057,26.20522817014045,23.01311492919922,0.0,0.0,0,0,0.40083789825439453,3
4125,156.58729577064514,27.830296596111737,21.001100540161133,0.0,0.0,0,0,0.3976144790649414,3
4126,156.62628769874573,25.64633370835983,24.00064468383789,0.0,0.0,0,0,0.4006834030151367,3
4127,156.66628789901733,24.999874830872667,26.000499725341797,0.0,0.0,0,0,0.3976144790649414,3
4128,156.70829057693481,23.80800581250142,27.002811431884766,0.0,0.0,0,0,0.40116024017333984,3
4129,156.75429105758667,21.738903285995647,26.002168655395508,0.0,0.0,0,0,0.3976144790649414,3
4130,156.80328965187073,20.408748753132375,28.998851776123047,0.0,0.0,0,0,0.40047597885131836,3
4131,156.85129284858704,20.831945962054238,28.998136520385742,0.0,0.0,0,0,0.3976144790649414,3
4132,156.9022889137268,19.609356079909112,30.996084213256836,0.0,0.0,0,0,0.40039634704589844,3
4133,156.94729018211365,22.221595876004642,26.000499725341797,0.0,0.0,0,0,0.3976144790649414,3
4134,156.99529027938843,20.833291113462177,26.998281478881836,0.0,0.0,0,0,0.40059614181518555,3
4135,157.0472912788391,19.230399618537604,34.00158882141113,0.0,0.0,0,0,0.3976144790649414,3
4136,157.10128903388977,18.519288423413677,31.99934959411621,0.0,0.0,0,0,0.40033483505249023,3
4137,157.15128755569458,20.000591295557175,27.99677848815918,0.0,0.0,0,0,0.3976144790649414,3
4138,157.19929099082947,21.27284991910411,28.00440788269043,0.0,0.0,0,0,0.4006767272949219,3
4139,157.24529027938843,22.222302284058216,26.00693702697754,0.0,0.0,0,0,0.3976144790649414,3
4140,157.29229760169983,20.407358572269608,29.002666473388672,0.0,0.0,0,0,0.4003758430480957,3
4141,157.39085006713867,10.146879588928751,24.998903274536133,0.0,0.0,0,0,0.3976144790649414,3
4142,157.43285083770752,24.386197273176546,23.999691009521484,0.0,0.0,0,0,0.40035533905029297,3
4143,157.47085094451904,25.644922441043576,21.99411392211914,0.0,0.0,0,0,0.3976144790649414,3
4144,157.5138509273529,23.80962761126249,26.000261306762695,0.0,0.0,0,0,0.40076255798339844,3
4145,157.5528552532196,24.997192936450702,23.00548553466797,0.0,0.0,0,0,0.3976144790649414,3
4146,157.59486436843872,23.80435757297147,25.014400482177734,0.0,0.0,0,0,0.4003143310546875,3
4147,157.63685131072998,24.39641002076511,23.003816604614258,0.0,0.0,0,0,0.3976144790649414,3
4148,157.68085098266602,22.223715234911065,27.9996395111084,0.0,0.0,0,0,0.4005155563354492,3
4149,157.72484946250916,23.256725885510235,25.997638702392578,0.0,0.0,0,0,0.3976144790649414,3
4150,157.7678496837616,22.727072733282398,26.999711990356445,0.0,0.0,0,0,0.4010801315307617,3
4151,157.8128502368927,22.22194907441747,27.00042724609375,0.0,0.0,0,0,0.3976144790649414,3
4152,157.8558554649353,23.80368209575265,25.00176429748535,0.0,0.0,0,0,0.40068483352661133,3
4153,157.89985728263855,22.223832988925977,22.999048233032227,0.0,0.0,0,0,0.3976144790649414,3
4154,157.9438498020172,22.731137341614367,26.935338973999023,0.0,0.0,0,0,0.40084314346313477,3
4155,157.98085594177246,27.022542924330768,21.00515365600586,0.0,0.0,0,0,0.3976144790649414,3
4156,158.02185559272766,24.390451545372606,26.003122329711914,0.0,0.0,0,0,0.40068483352661133,3
4157,158.05886054039001,27.02341343985568,20.996570587158203,0.0,0.0,0,0,0.3976144790649414,3
4158,158.09485530853271,27.781815291475958,22.00174331665039,0.0,0.0,0,0,0.40148258209228516,3
4159,158.13185858726501,27.024632255819796,22.002220153808594,0.0,0.0,0,0,0.3976144790649414,3
4160,158.1719298362732,25.625494113406283,24.02782440185547,0.0,0.0,0,0,0.40124082565307617,3
4161,158.2078559398651,27.802624950285033,20.999908447265625,0.0,0.0,0,0,0.3976144790649414,3
4162,158.24386024475098,27.01958359101216,21.008014678955078,0.0,0.0,0,0,0.40015316009521484,3
4163,158.2788565158844,28.574472868481113,20.993471145629883,0.0,0.0,0,0,0.3976144790649414,3
4164,158.31385731697083,28.570774638293233,22.007226943969727,0.0,0.0,0,0,0.40124082565307617,3
4165,158.35285139083862,26.31373434716053,19.010305404663086,0.0,0.0,0,0,0.3976144790649414,3
4166,158.38891172409058,26.989504842186545,22.060871124267578,0.0,0.0,0,0,0.40148258209228516,3
4167,158.42585110664368,27.820882058357267,20.992755889892578,0.0,0.0,0,0,0.3976144790649414,3
4168,158.46184921264648,27.031947461024355,21.991729736328125,0.0,0.0,0,0,0.39981698989868164,3
4169,158.4968581199646,28.564159141366677,21.00849151611328,0.0,0.0,0,0,0.3976144790649414,3
4170,158.53185606002808,28.57311025123985,21.99244499206543,0.0,0.0,0,0,0.40015316009521484,3
4171,158.5668499469757,28.576419690001703,20.993471145629883,0.0,0.0,0,0,0.3976144790649414,3
4172,158.60285806655884,27.771514080077335,22.00150489807129,0.0,0.0,0,0,0.3997502326965332,3
4173,158.63685727119446,29.412452753448385,21.00062370300293,0.0,0.0,0,0,0.3976144790649414,3
4174,158.67485761642456,27.02689606289065,23.00715446472168,0.0,0.0,0,0,0.4015631675720215,3
4175,158.7128505706787,26.306307662395493,24.021387100219727,0.0,0.0,0,0,0.3976144790649414,3
4176,158.74887037277222,27.02759269521735,23.013830184936523,0.0,0.0,0,0,0.40070390701293945,3
4177,158.78785061836243,25.654020000611638,21.999120712280273,0.0,0.0,0,0,0.3976144790649414,3
4178,158.82685375213623,26.314724888637933,23.002147674560547,0.0,0.0,0,0,0.40070390701293945,3
4179,158.86284971237183,27.028811888206523,22.999286651611328,0.0,0.0,0,0,0.3976144790649414,3
4180,158.89985847473145,27.77280131371588,22.00031280517578,0.0,0.0,0,0,0.3996696472167969,3
4181,158.93386006355286,28.568244821784944,21.010637283325195,0.0,0.0,0,0,0.3976144790649414,3
4182,158.9688675403595,28.5653263593767,21.007776260375977,0.0,0.0,0,0,0.40033483505249023,3
4183,159.0038571357727,28.579924637325647,19.997596740722656,0.0,0.0,0,0,0.3976144790649414,3
4184,159.03885674476624,29.41761000995946,20.98536491394043,0.0,0.0,0,0,0.40015316009521484,3
4185,159.07185435295105,29.40832825000175,20.004749298095703,0.0,0.0,0,0,0.3976144790649414,3
4186,159.1068561077118,28.569996185493977,22.00150489807129,0.0,0.0,0,0,0.39981698989868164,3
4187,159.14086294174194,29.405854103130366,20.009994506835938,0.0,0.0,0,0,0.3976144790649414,3
4188,159.17585039138794,28.581677433423284,20.999670028686523,0.0,0.0,0,0,0.40035438537597656,3
4189,159.21284985542297,27.027418533768937,19.99044418334961,0.0,0.0,0,0,0.3976144790649414,3
4190,159.2498598098755,27.019757651500022,22.002696990966797,0.0,0.0,0,0,0.40124082565307617,3
4191,159.2828643321991,30.298878141456754,20.006179809570312,0.0,0.0,0,0,0.3976144790649414,3
4192,159.31685709953308,29.41802266861183,19.999265670776367,0.0,0.0,0,0,0.3997502326965332,3
4193,159.35185647010803,28.571942397035382,21.007299423217773,0.0,0.0,0,0,0.3976144790649414,3
4194,159.38685631752014,29.41204025104309,19.99974250793457,0.0,0.0,0,0,0.40015316009521484,3
4195,159.41985154151917,29.41575318928093,20.00260353088379,0.0,0.0,0,0,0.3976144790649414,3
4196,159.4548590183258,28.5653263593767,22.00460433959961,0.0,0.0,0,0,0.40059614181518555,3
4197,159.48887038230896,29.4019375552035,21.01302146911621,0.0,0.0,0,0,0.3976144790649414,3
4198,159.52485728263855,27.78788922750762,23.00095558166504,0.0,0.0,0,0,0.40039539337158203,3
4199,159.5588617324829,30.306540651463916,20.003795623779297,0.0,0.0,0,0,0.3976144790649414,3
4200,159.5988485813141,24.393146685587336,26.99589729309082,0.0,0.0,0,0,0.3990449905395508,3
4201,159.6418492794037,23.25543640980716,20.98536491394043,0.0,0.0,0,0,0.3976144790649414,3
4202,159.67785716056824,27.771697963291576,22.008180618286133,0.0,0.0,0,0,0.39981698989868164,3
4203,159.71484875679016,27.033167046934015,21.997451782226562,0.0,0.0,0,0,0.3976144790649414,3
4204,159.7538559436798,25.63630140335436,25.007009506225586,0.0,0.0,0,0,0.4004349708557129,3
4205,159.79192566871643,26.979782710776337,22.065162658691406,0.0,0.0,0,0,0.3976144790649414,3
4206,159.82985734939575,25.68276672871559,23.99468421936035,0.0,0.0,0,0,0.39979028701782227,3
4207,159.86486649513245,28.563964614305466,21.003246307373047,0.0,0.0,0,0,0.3976144790649414,3
4208,159.90185546875,27.035083761433,21.999359130859375,0.0,0.0,0,0,0.39981698989868164,3
4209,159.93585658073425,29.410802813247226,20.002365112304688,0.0,0.0,0,0,0.3976144790649414,3
4210,159.97285723686218,27.777583512146016,22.00031280517578,0.0,0.0,0,0,0.40015316009521484,3
4211,160.00585651397705,29.41204025104309,20.000219345092773,0.0,0.0,0,0,0.3976144790649414,3
4212,160.0418598651886,28.57486221156401,20.994901657104492,0.0,0.0,0,0,0.4022078514099121,3
4213,160.10184502601624,16.395399926511402,42.99449920654297,0.0,0.0,0,0,0.3976144790649414,3
4214,160.1448426246643,23.257112756106352,25.936126708984375,0.0,0.0,0,0,0.40076255798339844,3
4215,160.18685054779053,24.38988422331932,22.997617721557617,0.0,0.0,0,0,0.3976144790649414,3
4216,160.22691535949707,24.34741015504821,24.073362350463867,0.0,0.0,0,0,0.39979028701782227,3
4217,160.26784944534302,24.429518317898538,26.0012149810791,0.0,0.0,0,0,0.3976144790649414,3
4218,160.30685234069824,25.639122195733236,24.002790451049805,0.0,0.0,0,0,0.40035533905029297,3
4219,160.34284615516663,27.782551384721366,21.00086212158203,0.0,0.0,0,0,0.3976144790649414,3
4220,160.37885236740112,27.772985213976863,22.006750106811523,0.0,0.0,0,0,0.3997502326965332,3
4221,160.41284441947937,29.418641678298133,19.99211311340332,0.0,0.0,0,0,0.3976144790649414,3
4222,160.44785380363464,28.56377008989376,21.003246307373047,0.0,0.0,0,0,0.3998427391052246,3
4223,160.4838526248932,28.579924637325647,20.993471145629883,0.0,0.0,0,0,0.3976144790649414,3
4224,160.51986718177795,27.009665848836686,22.005081176757812,0.0,0.0,0,0,0.40059614181518555,3
4225,160.55786299705505,26.318687800409123,21.003007888793945,0.0,0.0,0,0,0.3976144790649414,3
4226,160.595867395401,26.312743880252444,24.0020751953125,0.0,0.0,0,0,0.4001126289367676,3
4227,160.63286519050598,27.02863771104524,20.00260353088379,0.0,0.0,0,0,0.3976144790649414,3
4228,160.67686796188354,22.72584132075574,30.00044822692871,0.0,0.0,0,0,0.4006819725036621,3
4229,160.71393585205078,26.977526789045115,23.0712890625,0.0,0.0,0,0,0.3976144790649414,3
4230,160.75286221504211,25.68953077436623,24.99532699584961,0.0,0.0,0,0,0.40068483352661133,3
4231,160.79486680030823,23.806924736065387,27.00638771057129,0.0,0.0,0,0,0.3976144790649414,3
4232,160.83387279510498,26.319183248307322,23.001432418823242,0.0,0.0,0,0,0.40070390701293945,3
4233,160.8698604106903,27.028115193030164,21.993398666381836,0.0,0.0,0,0,0.3976144790649414,3
4234,160.90587282180786,28.570969258121426,20.989179611206055,0.0,0.0,0,0,0.3998575210571289,3
4235,160.93986320495605,28.569606975001705,20.9963321685791,0.0,0.0,0,0,0.3976144790649414,3
4236,160.9758698940277,27.772617415890295,22.006511688232422,0.0,0.0,0,0,0.40124082565307617,3
4237,161.01293683052063,26.9782208786261,20.077228546142578,0.0,0.0,0,0,0.3976144790649414,3
4238,161.0488669872284,27.831773964512745,22.007226943969727,0.0,0.0,0,0,0.40015316009521484,3
4239,161.0828709602356,29.40832825000175,20.00737190246582,0.0,0.0,0,0,0.3976144790649414,3
4240,161.1178674697876,28.574278200918343,20.999431610107422,0.0,0.0,0,0,0.40015316009521484,3
4241,161.15186619758606,29.412865267424493,20.989656448364258,0.0,0.0,0,0,0.3976144790649414,3
4242,161.18786883354187,27.77574401017178,22.002696990966797,0.0,0.0,0,0,0.4001126289367676,3
4243,161.22287154197693,28.56921777511375,21.0111141204834,0.0,0.0,0,0,0.3976144790649414,3
4244,161.25786066055298,28.580314128990494,21.994590759277344,0.0,0.0,0,0,0.40124082565307617,3
4245,161.29186630249023,29.406884947065834,20.00570297241211,0.0,0.0,0,0,0.3976144790649414,3
4246,161.32586693763733,29.411215280942997,20.99919319152832,0.0,0.0,0,0,0.3997502326965332,3
4247,161.35992455482483,29.36200716845878,20.064115524291992,0.0,0.0,0,0,0.3976144790649414,3
4248,161.3948609828949,28.623418455785007,21.99387550354004,0.0,0.0,0,0,0.40035533905029297,3
4249,161.43086624145508,27.7737208393757,19.99974250793457,0.0,0.0,0,0,0.3976144790649414,3
4250,161.46686005592346,27.782551384721366,21.99387550354004,0.0,0.0,0,0,0.40059614181518555,3
4251,161.5018665790558,29.406678772496864,19.99950408935547,0.0,0.0,0,0,0.3976144790649414,3
4252,161.53686809539795,27.776111891075733,22.001028060913086,0.0,0.0,0,0,0.4006819725036621,3
4253,161.56992506980896,30.250802374306712,20.065784454345703,0.0,0.0,0,0,0.3976144790649414,3
4254,161.6068615913391,27.073475210265745,22.991418838500977,0.0,0.0,0,0,0.40124082565307617,3
4255,161.64085912704468,29.413896602990267,21.000146865844727,0.0,0.0,0,0,0.3976144790649414,3
4256,161.67687511444092,27.765447299784196,22.015810012817383,0.0,0.0,0,0,0.4001932144165039,3
4257,161.7128701210022,27.781631274259144,23.010730743408203,0.0,0.0,0,0,0.3976144790649414,3
4258,161.7488832473755,27.767653095001656,22.02320098876953,0.0,0.0,0,0,0.40064430236816406,3
4259,161.78686928749084,27.038220789685738,24.00827407836914,0.0,0.0,0,0,0.3976144790649414,3
4260,161.82287120819092,27.024632255819796,22.00484275817871,0.0,0.0,0,0,0.40076255798339844,3
4261,161.86387181282043,25.00225922018157,21.007776260375977,0.0,0.0,0,0,0.3976144790649414,3
4262,161.90087008476257,27.02027984641946,21.01612091064453,0.0,0.0,0,0,0.3996696472167969,3
4263,161.93486666679382,28.57972989547418,19.998550415039062,0.0,0.0,0,0,0.3976144790649414,3
4264,161.9698679447174,28.57038540659101,21.001100540161133,0.0,0.0,0,0,0.40015316009521484,3
4265,162.00987315177917,24.99674600998844,26.00574493408203,0.0,0.0,0,0,0.3976144790649414,3
4266,162.04487133026123,28.572915602242613,21.001815795898438,0.0,0.0,0,0,0.3997502326965332,3
4267,162.07886219024658,30.306759637270133,18.999814987182617,0.0,0.0,0,0,0.3976144790649414,3
4268,162.11286234855652,28.575446246082574,20.000934600830078,0.0,0.0,0,0,0.3996701240539551,3
4269,162.14586639404297,30.29931589479083,19.99688148498535,0.0,0.0,0,0,0.3976144790649414,3
4270,162.179869890213,29.408740648291626,21.00372314453125,0.0,0.0,0,0,0.4001126289367676,3
4271,162.21287155151367,30.301504851212623,20.002365112304688,0.0,0.0,0,0,0.3976144790649414,3
4272,162.24786639213562,28.57564092956077,21.006345748901367,0.0,0.0,0,0,0.39946794509887695,3
4273,162.28485918045044,27.032295902912495,18.997669219970703,0.0,0.0,0,0,0.3976144790649414,3
4274,162.3199315071106,28.51250815749402,21.071910858154297,0.0,0.0,0,0,0.4005155563354492,3
4275,162.35386681556702,29.4678329293568,20.006656646728516,0.0,0.0,0,0,0.3976144790649414,3
4276,162.3878688812256,29.409977912561793,21.006107330322266,0.0,0.0,0,0,0.39971017837524414,3
4277,162.4228641986847,28.575251565257084,22.004127502441406,0.0,0.0,0,0,0.3976144790649414,3
4278,162.45786690711975,28.56921777511375,21.942615509033203,0.0,0.0,0,0,0.40148258209228516,3
4279,162.49187064170837,30.303694123937028,19.99521255493164,0.0,0.0,0,0,0.3976144790649414,3
4280,162.52686476707458,27.778871308505916,21.996021270751953,0.0,0.0,0,0,0.40035438537597656,3
4281,162.56086659431458,29.41018413339504,19.99950408935547,0.0,0.0,0,0,0.3976144790649414,3
4282,162.59687399864197,27.772065737025414,22.007226943969727,0.0,0.0,0,0,0.40015316009521484,3
4283,162.6318666934967,29.417816337838502,21.000385284423828,0.0,0.0,0,0,0.3976144790649414,3
4284,162.66985988616943,25.64570645926578,24.99222755432129,0.0,0.0,0,0,0.4001126289367676,3
4285,162.70917010307312,25.43867927389176,23.057937622070312,0.0,0.0,0,0,0.3976144790649414,3
4286,162.74810910224915,25.681194205312206,24.003982543945312,0.0,0.0,0,0,0.40068483352661133,3
4287,162.78911232948303,24.38832422374695,23.00572395324707,0.0,0.0,0,0,0.3976144790649414,3
4288,162.82717609405518,26.27170515687343,23.070335388183594,0.0,0.0,0,0,0.4006233215332031,3
4289,162.86511206626892,26.360204883260536,23.006677627563477,0.0,0.0,0,0,0.3976144790649414,3
4290,162.90111875534058,27.772617415890295,21.00682258605957,0.0,0.0,0,0,0.40027379989624023,3
4291,162.93811321258545,27.788809752542484,20.991802215576172,0.0,0.0,0,0,0.3976144790649414,3
4292,162.97410535812378,27.02637361221189,21.99840545654297,0.0,0.0,0,0,0.4001126289367676,3
4293,163.00811290740967,30.296470724202194,19.007205963134766,0.0,0.0,0,0,0.3976144790649414,3
4294,163.0431113243103,27.778687330286775,21.999120712280273,0.0,0.0,0,0,0.40059614181518555,3
4295,163.07910633087158,27.781631274259144,22.001028060913086,0.0,0.0,0,0,0.3976144790649414,3
4296,163.11410784721375,28.570190794716872,20.99919319152832,0.0,0.0,0,0,0.3995485305786133,3
4297,163.15116906166077,26.982386166257093,20.061492919921875,0.0,0.0,0,0,0.3976144790649414,3
4298,163.18611216545105,28.617950082558917,20.94554901123047,0.0,0.0,0,0,0.40023374557495117,3
4299,163.2206118106842,28.98580531022377,20.498991012573242,0.0,0.0,0,0,0.3976144790649414,3
4300,163.25660133361816,27.78586428708654,21.998882293701172,0.0,0.0,0,0,0.4001126289367676,3
4301,163.29160976409912,28.564548203437848,22.001028060913086,0.0,0.0,0,0,0.3976144790649414,3
4302,163.32660174369812,28.577977338229985,21.992206573486328,0.0,0.0,0,0,0.40035438537597656,3
4303,163.35995721817017,29.98008620258322,20.34783363342285,0.0,0.0,0,0,0.3976144790649414,3
4304,163.3949613571167,29.410596583737693,21.00825309753418,0.0,0.0,0,0,0.40023374557495117,3
4305,163.42796516418457,29.406060266135704,20.008087158203125,0.0,0.0,0,0,0.3976144790649414,3
4306,163.462952375412,28.581872201816733,21.99530601501465,0.0,0.0,0,0,0.40015316009521484,3
4307,163.49795699119568,28.567661081596512,21.999835968017578,0.0,0.0,0,0,0.3976144790649414,3
4308,163.5329532623291,28.574472868481113,21.99578285217285,0.0,0.0,0,0,0.40027379989624023,3
4309,163.56995630264282,27.024806381361064,20.999431610107422,0.0,0.0,0,0,0.3976144790649414,3
4310,163.60695052146912,27.031250604195534,21.99411392211914,0.0,0.0,0,0,0.4001126289367676,3
4311,163.64295029640198,28.57213703277315,21.992921829223633,0.0,0.0,0,0,0.3976144790649414,3
4312,163.6839563846588,23.80570864242376,25.998830795288086,0.0,0.0,0,0,0.4001126289367676,3
4313,163.71994924545288,27.783287516974134,22.998332977294922,0.0,0.0,0,0,0.3976144790649414,3
4314,163.75694918632507,27.02707021760563,23.000001907348633,0.0,0.0,0,0,0.4001126289367676,3
4315,163.79295110702515,27.776295835182083,22.001981735229492,0.0,0.0,0,0,0.3976144790649414,3
4316,163.82994937896729,27.0282893634571,22.99809455871582,0.0,0.0,0,0,0.4003758430480957,3
4317,163.86601972579956,27.723603675061142,21.062374114990234,0.0,0.0,0,0,0.3976144790649414,3
4318,163.90205025672913,27.754239923770704,22.100210189819336,0.0,0.0,0,0,0.3996696472167969,3
4319,163.93701553344727,28.599802256997716,21.06475830078125,0.0,0.0,0,0,0.3976144790649414,3
4320,163.9729518890381,27.826973090600287,21.92521095275879,0.0,0.0,0,0,0.40027379989624023,3
4321,164.0089509487152,27.778503354504572,19.987821578979492,0.0,0.0,0,0,0.3976144790649414,3
4322,164.04295086860657,29.411834004179347,20.990848541259766,0.0,0.0,0,0,0.3995485305786133,3
4323,164.0769579410553,30.29012573029732,19.014835357666016,0.0,0.0,0,0,0.3976144790649414,3
4324,164.1129503250122,27.037697901088134,21.993160247802734,0.0,0.0,0,0,0.3996291160583496,3
4325,164.14678573608398,29.554835254657686,19.835710525512695,0.0,0.0,0,0,0.3976144790649414,3
4326,164.18172955513,28.6173643093508,20.999908447265625,0.0,0.0,0,0,0.40059614181518555,3
4327,164.21473002433777,30.302599448032712,19.997119903564453,0.0,0.0,0,0,0.3976144790649414,3
4328,164.24972915649414,29.412452753448385,21.000385284423828,0.0,0.0,0,0,0.4015631675720215,3
4329,164.28272938728333,29.411627760208123,20.006656646728516,0.0,0.0,0,0,0.3976144790649414,3
4330,164.31773114204407,28.569996185493977,22.001981735229492,0.0,0.0,0,0,0.40083789825439453,3
4331,164.35172963142395,29.413071528751754,19.99974250793457,0.0,0.0,0,0,0.3976144790649414,3
4332,164.38573217391968,29.40956547957116,21.00229263305664,0.0,0.0,0,0,0.40015316009521484,3
4333,164.4237334728241,26.314889986134553,20.003080368041992,0.0,0.0,0,0,0.3976144790649414,3
4334,164.46172952651978,26.318522655254853,23.997068405151367,0.0,0.0,0,0,0.40023374557495117,3
4335,164.4957296848297,29.411627760208123,21.000146865844727,0.0,0.0,0,0,0.3976144790649414,3
4336,164.5317301750183,28.57135850573225,21.00086212158203,0.0,0.0,0,0,0.4022078514099121,3
4337,164.56672477722168,27.781631274259144,21.995067596435547,0.0,0.0,0,0,0.3976144790649414,3
4338,164.60572934150696,26.312083610403622,25.001049041748047,0.0,0.0,0,0,0.3990449905395508,3
4339,164.63878226280212,29.366735515490987,20.051956176757812,0.0,0.0,0,0,0.3976144790649414,3
4340,164.67678451538086,26.31422960857754,25.002717971801758,0.0,0.0,0,0,0.4001126289367676,3
4341,164.7117817401886,28.573694214144112,22.005319595336914,0.0,0.0,0,0,0.3976144790649414,3
4342,164.7487814426422,27.027244374565043,22.99952507019043,0.0,0.0,0,0,0.4006643295288086,3
4343,164.78478264808655,28.56882858582969,22.002220153808594,0.0,0.0,0,0,0.3976144790649414,3
4344,164.82378387451172,25.64068957085218,24.003267288208008,0.0,0.0,0,0,0.4003143310546875,3
4345,164.86377501487732,24.396268118470953,22.999286651611328,0.0,0.0,0,0,0.3976144790649414,3
4346,164.90178179740906,27.021846552290633,22.007465362548828,0.0,0.0,0,0,0.40027379989624023,3
4347,164.93878197669983,26.315880614620127,19.99950408935547,0.0,0.0,0,0,0.3976144790649414,3
4348,164.98078227043152,24.390167881046946,25.99620819091797,0.0,0.0,0,0,0.3990449905395508,3
4349,165.01478266716003,29.410390357120317,14.998435974121094,0.0,0.0,0,0,0.3976144790649414,2
4350,165.0457854270935,31.248306947289997,17.00305938720703,0.0,0.0,0,0,0.3995485305786133,2
4351,165.075781583786,33.337604222139205,15.999317169189453,0.0,0.0,0,0,0.3976144790649414,2
4352,165.10778307914734,31.248539754440337,17.001628875732422,0.0,0.0,0,0,0.39958953857421875,2
4353,165.13786911964417,33.2380061811554,17.080307006835938,0.0,0.0,0,0,0.3976144790649414,2
4354,165.1647822856903,37.15653514289258,13.000249862670898,0.0,0.0,0,0,0.39858150482177734,1
4355,165.189781665802,40.00099184588241,10.999202728271484,0.0,0.0,0,0,0.3990511894226074,1
4356,165.20878171920776,52.631431009386134,5.006074905395508,0.0,0.0,1,0,0.3976144790649414,0
4357,165.23782992362976,35.65645110557591,5.9986114501953125,0.0,0.0,0,0,0.3990449905395508,0
4358,165.26582884788513,34.48072211900495,8.000612258911133,0.0,0.0,1,0,0.3976144790649414,0
4359,165.28983163833618,43.48051086415658,4.989147186279297,0.0,0.0,0,0,0.40033483505249023,0
4360,165.31283330917358,41.65685738973254,8.006811141967773,0.0,0.0,1,0,0.3976144790649414,0
4361,165.33383584022522,47.61330896459343,4.99725341796875,0.0,0.0,0,0,0.40116024017333984,0
4362,165.3568344116211,45.47311816299316,5.994081497192383,0.0,0.0,1,0,0.3976144790649414,0
4363,165.37682723999023,47.61817397425126,4.998683929443359,0.0,0.0,0,0,0.4006233215332031,0
4364,165.39884328842163,45.421411708648286,6.00886344909668,0.0,0.0,1,0,0.3976144790649414,0
4365,165.4208266735077,47.64955012269381,4.993677139282227,0.0,0.0,0,0,0.4015035629272461,0
4366,165.44482803344727,40.002899380066765,7.994413375854492,0.0,0.0,1,0,0.3976144790649414,0
4367,165.4668266773224,45.45734753817642,4.998922348022461,0.0,0.0,0,0,0.3990449905395508,0
4368,165.4898338317871,45.428299107529675,5.95402717590332,0.0,0.0,1,0,0.3976144790649414,0
4369,165.5148322582245,38.47208820238117,4.995822906494141,0.0,0.0,0,0,0.40064382553100586,0
4370,165.53784346580505,43.45708483567491,7.010459899902344,0.0,0.0,1,0,0.3976144790649414,0
4371,165.5598862171173,47.51514052994687,4.975557327270508,0.0,0.0,0,0,0.4006233215332031,0
4372,165.58282780647278,43.57990108474294,7.002353668212891,0.0,0.0,1,0,0.3976144790649414,0
4373,165.60984015464783,35.70866429988337,12.002706527709961,0.0,0.0,0,0,0.3990449905395508,0
4374,165.63983345031738,33.34078425449718,13.99993896484375,0.0,0.0,1,0,0.3976144790649414,0
4375,165.662841796875,45.46818866738214,5.990266799926758,0.0,0.0,0,0,0.4006013870239258,0
4376,165.68583345413208,43.463389359806015,6.000757217407227,0.0,0.0,1,0,0.3976254463195801,0
4377,165.7078332901001,43.48096161222438,5.99360466003418,0.0,0.0,0,0,0.4005460739135742,0
4378,165.73185896873474,41.62213335185718,8.022546768188477,0.0,0.0,1,0,0.4005460739135742,0
4379,165.75485181808472,43.49178237020293,7.000446319580078,0.0,0.0,0,0,0.3989291191101074,0
4380,165.77985382080078,39.9967959109721,6.992816925048828,0.0,0.0,1,0,0.4003734588623047,0
4381,165.8188602924347,26.311258319689358,8.00180435180664,0.0,0.0,0,0,0.39995574951171875,0
4382,165.8478593826294,34.490078859294954,6.994724273681641,0.0,0.0,1,0,0.40047693252563477,0
4383,165.87786412239075,32.24775304655365,13.996601104736328,0.0,0.0,1,0,0.3976144790649414,1
4384,165.90985488891602,31.25901966775725,14.93382453918457,0.0,0.0,1,0,0.3976144790649414,1
4385,165.95385575294495,22.726826440101217,18.999576568603516,0.0,0.0,0,0,0.3976144790649414,1
4386,165.98985743522644,28.5723316711627,13.995647430419922,0.0,0.0,0,0,0.3976144790649414,1
4387,166.01886177062988,33.325419715713615,12.006998062133789,0.0,0.0,0,0,0.3976144790649414,1
4388,166.05185437202454,31.24947101773208,13.99993896484375,0.0,0.0,0,0,0.3990650177001953,1
4389,166.1008598804474,20.00097279511695,33.0045223236084,0.0,0.0,0,0,0.39898204803466797,1
4390,166.12886309623718,35.71018441262111,12.003183364868164,0.0,0.0,0,0,0.3995022773742676,1
4391,166.1558539867401,37.04953713518479,10.993242263793945,0.0,0.0,0,0,0.39905261993408203,1
4392,166.18985414505005,29.411627760208123,12.998104095458984,0.0,0.0,0,0,0.3996615409851074,1
4393,166.22185969352722,32.25891401322873,10.990381240844727,0.0,0.0,0,0,0.3976144790649414,1
4394,166.25885248184204,26.316375956832726,19.00005340576172,0.0,0.0,0,0,0.3995084762573242,2
4395,166.28985905647278,33.32118371400199,11.942625045776367,0.0,0.0,0,0,0.3976144790649414,1
4396,166.32085347175598,31.259718578583353,12.998580932617188,0.0,0.0,0,0,0.39858150482177734,1
4397,166.34785556793213,37.03416184715907,10.99538803100586,0.0,0.0,0,0,0.3976144790649414,1
4398,166.37687373161316,34.461174421375226,12.017011642456055,0.0,0.0,0,0,0.3990650177001953,1
4399,166.40385460853577,37.0632875598678,11.0015869140625,0.0,0.0,0,0,0.3976144790649414,1
4400,166.43485522270203,32.257425437989326,14.922857284545898,0.0,0.0,0,0,0.3981971740722656,1
4401,166.46585965156555,32.253456575567895,14.005184173583984,0.0,0.0,0,0,0.39793872833251953,1
4402,166.49686431884766,32.253208554093646,13.003826141357422,0.0,0.0,0,0,0.3997378349304199,1
4403,166.53485441207886,27.021672464888546,11.018753051757812,0.0,0.0,0,0,0.4020500183105469,1
4404,166.56685519218445,30.31815126171906,16.00027084350586,0.0,0.0,0,0,0.40284299850463867,1
4405,166.61785650253296,19.60733936376598,15.001535415649414,0.0,0.0,0,0,0.4007425308227539,1
4406,166.6578552722931,25.000768923566614,15.998601913452148,0.0,0.0,0,0,0.4018287658691406,1
4407,166.7018563747406,22.726703295512426,17.00139045715332,0.0,0.0,0,0,0.40096282958984375,1
4408,166.73685455322266,28.572915602242613,17.001628875732422,0.0,0.0,0,0,0.40207910537719727,1
4409,166.7688593864441,32.24948868966153,13.010978698730469,0.0,0.0,0,0,0.4009280204772949,1
4410,166.7998583316803,31.254361060812673,13.999462127685547,0.0,0.0,0,0,0.4010353088378906,1
4411,166.8308620452881,32.25420066287806,13.00811767578125,0.0,0.0,0,0,0.39962339401245117,1
4412,166.86285257339478,31.259252634560063,12.99738883972168,0.0,0.0,0,0,0.40105628967285156,1
4413,166.89985847473145,27.02271702294896,20.000219345092773,0.0,0.0,0,0,0.3976144790649414,2
4414,166.93485856056213,29.41018413339504,17.002105712890625,0.0,0.0,0,0,0.3996305465698242,2
4415,166.96686053276062,30.302818376886563,16.002178192138672,0.0,0.0,0,0,0.3976144790649414,2
4416,167.00286221504211,27.776479781724746,20.002365112304688,0.0,0.0,0,0,0.4005155563354492,2
4417,167.03785395622253,28.5781720561983,15.991687774658203,0.0,0.0,0,0,0.3976144790649414,2
4418,167.07285237312317,28.57272095589738,18.99123191833496,0.0,0.0,0,0,0.3996100425720215,2
4419,167.10686111450195,29.40420490314982,16.998767852783203,0.0,0.0,0,0,0.3976144790649414,2
4420,167.1378788948059,32.2395732447847,17.019987106323242,0.0,0.0,0,0,0.3996100425720215,2
4421,167.16788411140442,34.473353716671596,14.001607894897461,0.0,0.0,0,0,0.3976144790649414,2
4422,167.19888353347778,31.25319662603201,17.007112503051758,0.0,0.0,0,0,0.3996696472167969,2
4423,167.22788286209106,34.48355695869508,14.995098114013672,0.0,0.0,0,0,0.3976144790649414,2
4424,167.257896900177,34.48128904965472,16.001224517822266,0.0,0.0,0,0,0.3996100425720215,2
4425,167.29287600517273,28.571747763949347,20.000696182250977,0.0,0.0,0,0,0.3976144790649414,2
4426,167.32588934898376,29.406884947065834,20.00570297241211,0.0,0.0,0,0,0.3997502326965332,2
4427,167.3538854122162,35.719307807603215,13.998746871948242,0.0,0.0,0,0,0.3976144790649414,2
4428,167.38396787643433,33.24195759857341,15.998601913452148,0.0,0.0,0,0,0.3996100425720215,2
4429,167.414968252182,32.25767352432224,15.000581741333008,0.0,0.0,0,0,0.3976144790649414,2
4430,167.44596886634827,32.257425437989326,15.999317169189453,0.0,0.0,0,0,0.3996305465698242,2
4431,167.4749674797058,34.48440750150046,14.999866485595703,0.0,0.0,0,0,0.3976144790649414,2
4432,167.50696206092834,31.255292671112933,17.99464225769043,0.0,0.0,0,0,0.40027379989624023,2
4433,167.53496766090393,35.707144316556565,14.003753662109375,0.0,0.0,0,0,0.3976144790649414,2
4434,167.56496787071228,33.33310021457522,16.000032424926758,0.0,0.0,0,0,0.3996305465698242,2
4435,167.5939745903015,34.474770472534786,16.00193977355957,0.0,0.0,0,0,0.3976144790649414,2
4436,167.62396717071533,33.34157935738247,16.995668411254883,0.0,0.0,0,0,0.3995485305786133,2
4437,167.6559934616089,31.22434637603478,18.022537231445312,0.0,0.0,0,0,0.3976144790649414,2
4438,167.68698620796204,32.265614302308585,16.993284225463867,0.0,0.0,0,0,0.39981698989868164,2
4439,167.7179958820343,32.24800098413089,16.002893447875977,0.0,0.0,0,0,0.3976144790649414,2
4440,167.74899315834045,32.26089899393902,17.000913619995117,0.0,0.0,0,0,0.39971017837524414,2
4441,167.7829930782318,29.411834004179347,15.996932983398438,0.0,0.0,0,0,0.3976144790649414,2
4442,167.81499218940735,32.255440884691694,15.999317169189453,0.0,0.0,0,0,0.3995485305786133,2
4443,167.8459930419922,31.252498006810374,17.000675201416016,0.0,0.0,0,0,0.3976144790649414,2
4444,167.87605929374695,33.25988248075048,16.071557998657227,0.0,0.0,0,0,0.39979076385498047,2
4445,167.9049997329712,34.55372574865098,15.007257461547852,0.0,0.0,0,0,0.3976144790649414,2
4446,167.9359929561615,32.265117889149586,16.999483108520508,0.0,0.0,0,0,0.4001932144165039,2
4447,167.9659924507141,33.333894951004154,13.999700546264648,0.0,0.0,0,0,0.3976144790649414,2
4448,167.99599266052246,33.33310021457522,16.00027084350586,0.0,0.0,0,0,0.3997764587402344,2
4449,168.02799558639526,31.247142963569992,16.00337028503418,0.0,0.0,0,0,0.3976144790649414,2
4450,168.06099224090576,30.30610268934522,19.989490509033203,0.0,0.0,0,0,0.4006233215332031,2
4451,168.0879933834076,37.03546988547563,14.001131057739258,0.0,0.0,0,0,0.3976144790649414,2
4452,168.11599278450012,35.715049643216,14.998674392700195,0.0,0.0,0,0,0.3996100425720215,2
4453,168.14699029922485,33.3323055160411,13.99850845336914,0.0,0.0,0,0,0.3976144790649414,2
4454,168.1769940853119,32.25767352432224,16.001462936401367,0.0,0.0,0,0,0.39979076385498047,2
4455,168.20400047302246,37.028276817953085,14.007806777954102,0.0,0.0,0,0,0.3976144790649414,2
4456,168.23299598693848,34.48809367188528,15.000104904174805,0.0,0.0,0,0,0.39958953857421875,2
4457,168.2609941959381,35.71657029966023,13.997077941894531,0.0,0.0,0,0,0.3976144790649414,2
4458,168.28899240493774,35.71657029966023,15.006542205810547,0.0,0.0,0,0,0.399569034576416,2
4459,168.315993309021,37.03579690949228,13.006448745727539,0.0,0.0,0,0,0.3976144790649414,2
4460,168.3469889163971,33.34051922862911,15.993833541870117,0.0,0.0,0,0,0.3996100425720215,2
4461,168.3739926815033,35.70684033541906,14.000177383422852,0.0,0.0,0,0,0.3976144790649414,2
4462,168.40499305725098,33.33204062495033,16.000986099243164,0.0,0.0,0,0,0.3996291160583496,2
4463,168.43199253082275,35.71596202154383,13.996601104736328,0.0,0.0,0,0,0.3976144790649414,2
4464,168.4609854221344,34.491213354714034,15.992403030395508,0.0,0.0,0,0,0.3996305465698242,2
4465,168.4929940700531,31.24155704857956,14.999151229858398,0.0,0.0,0,0,0.3976144790649414,2
4466,168.52298760414124,33.34051922862911,15.999794006347656,0.0,0.0,0,0,0.3995490074157715,2
4467,168.554993391037,31.244349756410067,15.007734298706055,0.0,0.0,0,0,0.3976144790649414,2
4468,168.58599853515625,32.25271252258833,17.006397247314453,0.0,0.0,0,0,0.3996100425720215,2
4469,168.61499524116516,34.486675820787525,15.000104904174805,0.0,0.0,0,0,0.3976144790649414,2
4470,168.64698839187622,31.256690190701175,18.991470336914062,0.0,0.0,0,0,0.39981698989868164,2
4471,168.67805099487305,32.193052208218845,17.053842544555664,0.0,0.0,0,0,0.3976144790649414,2
4472,168.71004843711853,31.252498006810374,18.007993698120117,0.0,0.0,0,0,0.39958953857421875,2
4473,168.74004864692688,33.33310021457522,16.002416610717773,0.0,0.0,0,0,0.3976144790649414,2
4474,168.77204656600952,32.256433130815964,17.008543014526367,0.0,0.0,0,0,0.399871826171875,2
4475,168.80205130577087,32.25692927677116,16.011953353881836,0.0,0.0,0,0,0.3976144790649414,2
4476,168.83305072784424,32.258665907814894,17.00448989868164,0.0,0.0,0,0,0.39958953857421875,2
4477,168.8670403957367,29.420705232072837,15.993833541870117,0.0,0.0,0,0,0.3976144790649414,2
4478,168.898051738739,33.325154934053714,15.001535415649414,0.0,0.0,0,0,0.3996100425720215,2
4479,168.9290463924408,31.25133371084553,15.006780624389648,0.0,0.0,0,0,0.3976144790649414,2
4480,168.96004676818848,32.25767352432224,17.007112503051758,0.0,0.0,0,0,0.3995084762573242,2
4481,168.99005579948425,33.32330158023946,15.014886856079102,0.0,0.0,0,0,0.3976144790649414,2
4482,169.01904678344727,34.49348256947128,16.0067081451416,0.0,0.0,0,0,0.3996100425720215,2
4483,169.04705667495728,35.70167344784733,14.01662826538086,0.0,0.0,0,0,0.3976144790649414,2
4484,169.0760462284088,34.49518467649744,14.999628067016602,0.0,0.0,0,0,0.399569034576416,2
4485,169.1040494441986,37.03546988547563,13.99993896484375,0.0,0.0,0,0,0.3976144790649414,2
4486,169.13404870033264,33.3397241763046,15.994071960449219,0.0,0.0,0,0,0.3996100425720215,2
4487,169.16105008125305,35.70349688447002,13.999462127685547,0.0,0.0,0,0,0.3976144790649414,2
4488,169.19003987312317,34.49490098032765,14.992952346801758,0.0,0.0,0,0,0.3996100425720215,2
4489,169.22105169296265,32.245769683177905,13.997793197631836,0.0,0.0,0,0,0.3976144790649414,2
4490,169.25004148483276,34.49490098032765,14.994144439697266,0.0,0.0,0,0,0.3996100425720215,2
4491,169.27805018424988,35.70319296543153,14.002084732055664,0.0,0.0,0,0,0.3976144790649414,2
4492,169.31004667282104,31.25342950604681,19.00029182434082,0.0,0.0,0,0,0.4003143310546875,2
4493,169.3370475769043,37.03579690949228,14.001131057739258,0.0,0.0,0,0,0.3976144790649414,2
4494,169.36605095863342,34.478738008532744,16.004323959350586,0.0,0.0,0,0,0.3996295928955078,2
4495,169.39304065704346,37.051173555471145,13.992547988891602,0.0,0.0,0,0,0.3976144790649414,2
4496,169.42204761505127,34.47448711204629,14.941692352294922,0.0,0.0,0,0,0.39958953857421875,2
4497,169.45004606246948,37.03579690949228,13.997316360473633,0.0,0.0,0,0,0.3976144790649414,2
4498,169.480046749115,33.33468972533062,16.000747680664062,0.0,0.0,0,0,0.3996100425720215,2
4499,169.5090470314026,34.48355695869508,13.994932174682617,0.0,0.0,0,0,0.3976144790649414,2
4500,169.5380518436432,33.3275381204758,17.00139045715332,0.0,0.0,0,0,0.3996100425720215,2
4501,169.57604670524597,27.03072798515158,14.999866485595703,0.0,0.0,0,0,0.3976144790649414,2
4502,169.6060562133789,32.248248925520706,16.00956916809082,0.0,0.0,0,0,0.3996100425720215,2
4503,169.63404607772827,35.72721852161025,14.00613784790039,0.0,0.0,0,0,0.3976144790649414,2
4504,169.66605496406555,31.241324345461994,18.004894256591797,0.0,0.0,0,0,0.3995485305786133,2
4505,169.69505667686462,35.72417552466612,15.007257461547852,0.0,0.0,0,0,0.3976144790649414,2
4506,169.72804713249207,30.30084813107743,18.995046615600586,0.0,0.0,0,0,0.39958953857421875,2
4507,169.75805163383484,32.25593700012305,16.00337028503418,0.0,0.0,0,0,0.3976144790649414,2
4508,169.79005074501038,31.25086801674937,18.00394058227539,0.0,0.0,0,0,0.3996291160583496,2
4509,169.82004594802856,33.33866416552075,15.99884033203125,0.0,0.0,0,0,0.3976144790649414,2
4510,169.85204648971558,31.24947101773208,18.006563186645508,0.0,0.0,0,0,0.399871826171875,2
4511,169.88104629516602,34.482989953466955,15.00558853149414,0.0,0.0,0,0,0.3976144790649414,2
4512,169.91105103492737,33.32806776374862,16.00360870361328,0.0,0.0,0,0,0.3996305465698242,2
4513,169.9444558620453,31.26041752066362,14.000177383422852,0.0,0.0,0,0,0.3976144790649414,2
4514,169.97552466392517,31.77069793513006,14.993906021118164,0.0,0.0,0,0,0.3996305465698242,2
4515,170.00452280044556,33.325684501581144,15.004158020019531,0.0,0.0,0,0,0.3976144790649414,2
4516,170.03452491760254,33.33098110268758,14.9993896484375,0.0,0.0,0,0,0.39958953857421875,2
4517,170.06352186203003,35.71809108560139,13.999700546264648,0.0,0.0,0,0,0.3976144790649414,2
4518,170.0925214290619,33.333894951004154,16.000032424926758,0.0,0.0,0,0,0.3995485305786133,2
4519,170.12052154541016,35.71413731150109,13.991832733154297,0.0,0.0,0,0,0.3976144790649414,2
4520,170.15151572227478,32.26412510865468,18.00060272216797,0.0,0.0,0,0,0.4003143310546875,2
4521,170.1916024684906,24.945900937336443,27.087926864624023,0.0,0.0,0,0,0.3976144790649414,2
4522,170.22352695465088,32.34698378911974,17.992258071899414,0.0,0.0,0,0,0.40124082565307617,2
4523,170.25152897834778,34.46882088031294,16.003847122192383,0.0,0.0,0,0,0.3976144790649414,2
4524,170.2795217037201,35.72356698747977,15.99740982055664,0.0,0.0,0,0,0.3996701240539551,2
4525,170.30952525138855,33.329391945583424,14.003276824951172,0.0,0.0,0,0,0.3976144790649414,2
4526,170.33952856063843,33.32965679457737,15.006780624389648,0.0,0.0,0,0,0.3996295928955078,2
4527,170.36852169036865,34.49092972386231,14.999151229858398,0.0,0.0,0,0,0.3976144790649414,2
4528,170.39751529693604,34.49036247615288,14.993906021118164,0.0,0.0,0,0,0.3996701240539551,2
4529,170.4256076812744,36.93827334454729,14.07313346862793,0.0,0.0,0,0,0.3976144790649414,2
4530,170.45452570915222,33.40211834036792,16.003847122192383,0.0,0.0,0,0,0.3996701240539551,2
4531,170.48152923583984,37.03219996291751,14.003276824951172,0.0,0.0,0,0,0.3976144790649414,2
4532,170.51152157783508,33.34184440010493,15.999794006347656,0.0,0.0,0,0,0.3996100425720215,2
4533,170.5405843257904,34.40830858586687,15.069246292114258,0.0,0.0,0,0,0.3976144790649414,2
4534,170.5705213546753,33.40344841317246,16.004562377929688,0.0,0.0,0,0,0.3996295928955078,2
4535,170.60052108764648,33.333630034650476,15.999317169189453,0.0,0.0,0,0,0.3976144790649414,2
4536,170.63052344322205,33.33071623264647,17.00735092163086,0.0,0.0,0,0,0.3996295928955078,2
4537,170.6645176410675,30.308292626528313,17.002344131469727,0.0,0.0,0,0,0.3976144790649414,2
4538,170.69755959510803,29.37557955484585,18.045663833618164,0.0,0.0,0,0,0.39979076385498047,2
4539,170.72852158546448,32.29766524979979,16.997098922729492,0.0,0.0,0,0,0.3976144790649414,2
4540,170.76052165031433,31.249936670193268,18.00704002380371,0.0,0.0,0,0,0.3996295928955078,2
4541,170.791522026062,32.25767352432224,16.000032424926758,0.0,0.0,0,0,0.3976144790649414,2
4542,170.82452392578125,30.30128594133796,18.007516860961914,0.0,0.0,0,0,0.3996305465698242,2
4543,170.85352873802185,34.47703752414615,16.012907028198242,0.0,0.0,0,0,0.3976144790649414,2
4544,170.88052248954773,37.04561031619855,12.000083923339844,0.0,0.0,0,0,0.3976144790649414,1
4545,170.90852189064026,35.715049643216,11.007070541381836,0.0,0.0,0,0,0.399045467376709,1
4546,170.9335150718689,40.010913010712684,11.000633239746094,0.0,0.0,0,0,0.3980979919433594,1
4547,170.9575159549713,41.6651335591604,9.99140739440918,0.0,0.0,0,0,0.3990449905395508,1
4548,170.98351550102234,38.462209995414945,11.000871658325195,0.0,0.0,0,0,0.3980979919433594,1
4549,171.0107626914978,36.70103164950167,10.247468948364258,0.0,0.0,0,0,0.39905214309692383,1
4550,171.03576016426086,40.004043987906186,10.000228881835938,0.0,0.0,0,0,0.3980979919433594,1
4551,171.06076049804688,41.65561624788956,10.006189346313477,0.0,0.0,0,0,0.3990488052368164,1
4552,171.08582377433777,38.37704498041943,11.063337326049805,0.0,0.0,0,0,0.3980979919433594,1
4553,171.1087610721588,43.597114525081594,10.000944137573242,0.0,0.0,0,0,0.3990449905395508,1
4554,171.13376021385193,41.679210596921486,9.99760627746582,0.0,0.0,0,0,0.3980979919433594,1
4555,171.15676021575928,41.65561624788956,8.997201919555664,0.0,0.0,0,0,0.3990449905395508,1
4556,171.18175959587097,41.67879643062981,9.992837905883789,0.0,0.0,0,0,0.3980979919433594,1
4557,171.20576333999634,41.64279544484268,10.007143020629883,0.0,0.0,0,0,0.3990488052368164,1
4558,171.22876048088074,41.67796812273938,9.999752044677734,0.0,0.0,0,0,0.3980979919433594,1
4559,171.25576782226562,37.02696928767534,9.01341438293457,0.0,0.0,0,0,0.399045467376709,1
4560,171.28475689888,35.72113304604064,12.004613876342773,0.0,0.0,0,0,0.3980979919433594,1
4561,171.3148205280304,32.19774770279503,10.068655014038086,0.0,0.0,0,0,0.3976144790649414,1
4562,171.342755317688,37.12003398440611,11.001110076904297,0.0,0.0,0,0,0.3980979919433594,1
4563,171.3677523136139,38.47314688265348,10.993003845214844,0.0,0.0,0,0,0.3990511894226074,1
4564,171.39475321769714,38.45621498711801,11.00015640258789,0.0,0.0,0,0,0.3980979919433594,1
4565,171.41878700256348,39.95031813159599,10.001659393310547,0.0,0.0,0,0,0.3990488052368164,1
4566,171.4467842578888,35.71778691805261,11.937618255615234,0.0,0.0,0,0,0.3980979919433594,1
4567,171.47285318374634,39.881182846819435,10.002374649047852,0.0,0.0,0,0,0.3990488052368164,1
4568,171.49978947639465,35.80285104566795,13.005971908569336,0.0,0.0,0,0,0.3981180191040039,1
4569,171.52978944778442,33.33336512250753,15.005111694335938,0.0,0.0,0,0,0.3990602493286133,1
4570,171.55778455734253,35.72052461250213,11.991500854492188,0.0,0.0,0,0,0.39774465560913086,1
4571,171.5827832221985,40.00213634456186,9.99307632446289,0.0,0.0,0,0,0.4010457992553711,1
4572,171.60978937149048,37.02860371495162,11.996984481811523,0.0,0.0,1,0,0.40042686462402344,1
4573,171.6507887840271,25.000470885562887,20.980119705200195,0.0,0.0,1,0,0.39904356002807617,1
4574,171.68179035186768,31.248306947289997,13.007640838623047,0.0,0.0,1,0,0.4027099609375,1
4575,171.70978164672852,35.72539266123812,11.00015640258789,0.0,0.0,1,0,0.40051841735839844,1
4576,171.73978209495544,33.33283531085345,13.995647430419922,0.0,0.0,1,0,0.4001007080078125,1
4577,171.76879048347473,34.47278704693022,13.007402420043945,0.0,0.0,1,0,0.40061473846435547,1
4578,171.79978489875793,32.26387692307692,13.001680374145508,0.0,0.0,1,0,0.40065574645996094,1
4579,171.834787607193,28.56921777511375,18.001317977905273,0.0,0.0,0,0,0.399045467376709,2
4580,171.86378383636475,34.487242947236865,11.993885040283203,0.0,0.0,0,0,0.3980979919433594,1
4581,171.89981627464294,28.483657378797037,18.106937408447266,0.0,0.0,0,0,0.3976144790649414,1
4582,171.92824840545654,34.063753238420865,12.000322341918945,0.0,0.0,0,0,0.397676944732666,1
4583,171.9552516937256,37.03252692918947,11.008977890014648,0.0,0.0,0,0,0.3990607261657715,1
4584,171.98424768447876,34.487526517456295,12.006282806396484,0.0,0.0,0,0,0.3991255760192871,1
4585,172.01524829864502,32.257425437989326,11.000633239746094,0.0,0.0,0,0,0.39917850494384766,1
4586,172.04324388504028,35.719916199690005,11.002540588378906,0.0,0.0,0,0,0.39966392517089844,1
4587,172.07424998283386,33.333894951004154,10.001182556152344,0.0,0.0,0,0,0.39923620223999023,1
4588,172.10224080085754,34.48582516608564,11.992931365966797,0.0,0.0,0,0,0.39937782287597656,1
4589,172.13024806976318,35.705016557277965,12.003660202026367,0.0,0.0,0,0,0.3976144790649414,1
4590,172.16224765777588,31.250402336532158,15.999078750610352,0.0,0.0,0,0,0.3995485305786133,2
4591,172.1937849521637,32.73935306606719,15.007972717285156,0.0,0.0,0,0,0.3976144790649414,2
4592,172.22379159927368,32.25841780621741,16.00050926208496,0.0,0.0,0,0,0.39946794509887695,2
4593,172.25379538536072,33.3291271007986,16.001224517822266,0.0,0.0,0,0,0.3976144790649414,2
4594,172.28379368782043,33.33521959593712,16.002416610717773,0.0,0.0,0,0,0.39946794509887695,2
4595,172.3127932548523,34.483273453750215,14.998912811279297,0.0,0.0,0,0,0.3976144790649414,2
4596,172.34278631210327,34.48554162384378,15.006542205810547,0.0,0.0,0,0,0.3996305465698242,2
4597,172.37280082702637,32.24775304655365,14.009714126586914,0.0,0.0,0,0,0.3976144790649414,2
4598,172.4037847518921,32.27480070177599,16.00170135498047,0.0,0.0,0,0,0.39946794509887695,2
4599,172.4317910671234,35.70623238867086,13.998031616210938,0.0,0.0,0,0,0.3976144790649414,2
4600,172.46279430389404,32.25469674015857,18.002986907958984,0.0,0.0,0,0,0.40124082565307617,2
4601,172.4917905330658,34.487242947236865,14.998674392700195,0.0,0.0,0,0,0.3976144790649414,2
4602,172.51979112625122,35.71352911625214,15.000104904174805,0.0,0.0,0,0,0.399569034576416,2
4603,172.54879093170166,34.482989953466955,15.006303787231445,0.0,0.0,0,0,0.3976144790649414,2
4604,172.59179091453552,23.80800581250142,28.000593185424805,0.0,0.0,0,0,0.3996295928955078,2
4605,172.61879110336304,35.71748275568424,14.000415802001953,0.0,0.0,0,0,0.3976144790649414,2
4606,172.64979600906372,32.252960536433825,17.011404037475586,0.0,0.0,0,0,0.399871826171875,2
4607,172.6807906627655,33.3389291618975,15.00558853149414,0.0,0.0,0,0,0.3976144790649414,2
4608,172.7117841243744,31.256690190701175,16.993045806884766,0.0,0.0,0,0,0.39979076385498047,2
4609,172.7457983493805,29.399464483478894,17.00758934020996,0.0,0.0,0,0,0.3976144790649414,2
4610,172.78084588050842,29.377431307039846,18.995046615600586,0.0,0.0,0,0,0.39958953857421875,2
4611,172.80984449386597,33.32621408593948,15.000104904174805,0.0,0.0,0,0,0.3976144790649414,2
4612,172.84184336662292,32.259162122459024,16.000032424926758,0.0,0.0,0,0,0.39958953857421875,2
4613,172.8808445930481,24.99927880460373,25.001049041748047,0.0,0.0,0,0,0.3976144790649414,2
4614,172.90984320640564,34.48440750150046,14.995098114013672,0.0,0.0,0,0,0.39946794509887695,2
4615,172.93783974647522,37.04037585220248,13.001680374145508,0.0,0.0,0,0,0.3976144790649414,2
4616,172.96683716773987,33.337339246824676,15.935897827148438,0.0,0.0,0,0,0.39946794509887695,2
4617,172.9948432445526,35.7065363594572,14.998912811279297,0.0,0.0,0,0,0.3976144790649414,2
4618,173.02383875846863,34.48809367188528,15.995025634765625,0.0,0.0,0,0,0.39946794509887695,2
4619,173.05184507369995,37.030565218159026,13.99850845336914,0.0,0.0,0,0,0.3976144790649414,2
4620,173.07985019683838,34.474770472534786,15.006780624389648,0.0,0.0,0,0,0.39958953857421875,2
4621,173.11084270477295,33.34078425449718,12.998819351196289,0.0,0.0,0,0,0.3976144790649414,2
4622,173.13984322547913,33.333630034650476,14.997482299804688,0.0,0.0,0,0,0.39946794509887695,2
4623,173.16784381866455,35.71352911625214,13.998031616210938,0.0,0.0,0,0,0.3976144790649414,2
4624,173.19684505462646,34.48128904965472,16.001462936401367,0.0,0.0,0,0,0.39971065521240234,2
4625,173.22384595870972,37.03579690949228,14.002323150634766,0.0,0.0,0,0,0.3976144790649414,2
4626,173.2528371810913,35.72660988074957,14.991998672485352,0.0,0.0,0,0,0.39946794509887695,2
4627,173.27984309196472,35.70562446262418,13.99993896484375,0.0,0.0,0,0,0.3976144790649414,2
4628,173.30785012245178,35.70532050736358,15.013694763183594,0.0,0.0,0,0,0.39946794509887695,2
4629,173.33583641052246,35.73178398916368,13.9923095703125,0.0,0.0,0,0,0.3976144790649414,2
4630,173.36484670639038,34.47052055424974,16.000032424926758,0.0,0.0,0,0,0.3996100425720215,2
4631,173.39284443855286,35.71717859849614,14.007329940795898,0.0,0.0,0,0,0.3976144790649414,2
4632,173.42084503173828,35.71352911625214,15.001535415649414,0.0,0.0,0,0,0.399569034576416,2
4633,173.45190143585205,32.199477967142634,14.055728912353516,0.0,0.0,0,0,0.3976144790649414,2
4634,173.48289561271667,33.33627938768698,14.996767044067383,0.0,0.0,0,0,0.39971017837524414,2
4635,173.51189875602722,33.33336512250753,14.998674392700195,0.0,0.0,0,0,0.3976144790649414,2
4636,173.54190111160278,33.33071623264647,17.002344131469727,0.0,0.0,0,0,0.3996100425720215,2
4637,173.57089948654175,34.48469102509291,15.000581741333008,0.0,0.0,0,0,0.3976144790649414,2
4638,173.6009075641632,33.32436061431874,16.008853912353516,0.0,0.0,0,0,0.39958953857421875,2
4639,173.62889885902405,35.72539266123812,14.996767044067383,0.0,0.0,0,0,0.3976144790649414,2
4640,173.65989184379578,32.265366093819715,16.99376106262207,0.0,0.0,0,0,0.39971017837524414,2
4641,173.68889236450195,34.48213948058568,14.999866485595703,0.0,0.0,0,0,0.3976144790649414,2
4642,173.72189831733704,30.29756495734522,18.997669219970703,0.0,0.0,0,0,0.399871826171875,2
4643,173.7508988380432,34.48213948058568,16.00050926208496,0.0,0.0,0,0,0.3976144790649414,2
4644,173.78189897537231,32.25792161447117,15.993356704711914,0.0,0.0,0,0,0.3995084762573242,2
4645,173.81489872932434,30.303256244084647,15.000581741333008,0.0,0.0,0,0,0.3976144790649414,2
4646,173.84790086746216,30.30106703462625,17.002582550048828,0.0,0.0,0,0,0.3996295928955078,2
4647,173.87989234924316,32.26288421894711,16.00360870361328,0.0,0.0,0,0,0.3976144790649414,2
4648,173.90989804267883,32.256185063561766,16.0064697265625,0.0,0.0,0,0,0.40003204345703125,2
4649,173.938898563385,34.48213948058568,13.99993896484375,0.0,0.0,0,0,0.3976144790649414,2
4650,173.9699034690857,33.32992164778055,16.010046005249023,0.0,0.0,0,0,0.3996701240539551,2
4651,173.99790358543396,34.48043866067098,15.002012252807617,0.0,0.0,0,0,0.3976144790649414,2
4652,174.02589988708496,35.71900361933149,15.001773834228516,0.0,0.0,0,0,0.39958906173706055,2
4653,174.05390000343323,35.71413731150109,14.001607894897461,0.0,0.0,0,0,0.3976144790649414,2
4654,174.08390069007874,33.332570411342104,16.002416610717773,0.0,0.0,0,0,0.3996701240539551,2
4655,174.11289811134338,34.48582516608564,14.99176025390625,0.0,0.0,0,0,0.3976144790649414,2
4656,174.14092588424683,35.678896195037304,15.000343322753906,0.0,0.0,0,0,0.39971065521240234,2
4657,174.17292261123657,32.25841780621741,13.997077941894531,0.0,0.0,0,0,0.3976144790649414,2
4658,174.20393061637878,32.26089899393902,15.99264144897461,0.0,0.0,0,0,0.3996701240539551,2
4659,174.23282074928284,33.447133595425875,15.008926391601562,0.0,0.0,0,0,0.3976144790649414,2
4660,174.27881741523743,21.740706184818894,31.997203826904297,0.0,0.0,0,0,0.39971065521240234,2
4661,174.30681014060974,35.72356698747977,13.99850845336914,0.0,0.0,0,0,0.3976144790649414,2
4662,174.3358108997345,34.481855998947694,15.991926193237305,0.0,0.0,0,0,0.39970970153808594,2
4663,174.3628113269806,37.036450974851654,13.994455337524414,0.0,0.0,0,0,0.3976144790649414,2
4664,174.39180994033813,34.48440750150046,14.991998672485352,0.0,0.0,0,0,0.3996295928955078,2
4665,174.41982197761536,37.02435450412676,14.010190963745117,0.0,0.0,0,0,0.3976144790649414,2
4666,174.44984531402588,32.23090223079465,17.008066177368164,0.0,0.0,0,0,0.3993873596191406,2
4667,174.478844165802,34.48412398257009,14.99795913696289,0.0,0.0,0,0,0.3976144790649414,2
4668,174.50884461402893,33.33283531085345,16.007184982299805,0.0,0.0,0,0,0.3996295928955078,2
4669,174.54084372520447,31.25086801674937,14.999866485595703,0.0,0.0,0,0,0.3976144790649414,2
4670,174.57184410095215,33.33283531085345,15.999317169189453,0.0,0.0,0,0,0.3996701240539551,2
4671,174.60084581375122,33.33151085539909,15.005826950073242,0.0,0.0,0,0,0.3976144790649414,2
4672,174.6318461894989,32.25767352432224,17.009258270263672,0.0,0.0,0,0,0.3996701240539551,2
4673,174.66384935379028,31.246910177231786,19.005298614501953,0.0,0.0,0,0,0.3976144790649414,2
4674,174.6968469619751,30.30522680308088,17.998456954956055,0.0,0.0,0,0,0.3996295928955078,2
4675,174.728844165802,31.25273087641387,17.00592041015625,0.0,0.0,0,0,0.3976144790649414,2
4676,174.7618441581726,30.303037308903853,17.998456954956055,0.0,0.0,0,0,0.39971065521240234,2
4677,174.79384779930115,32.26065085799112,15.996217727661133,0.0,0.0,0,0,0.3976144790649414,2
4678,174.82584977149963,30.295595394594283,18.0051326751709,0.0,0.0,0,0,0.3996295928955078,2
4679,174.85684418678284,32.26387692307692,16.99995994567871,0.0,0.0,0,0,0.3976144790649414,2
4680,174.88684749603271,33.32965679457737,16.008853912353516,0.0,0.0,0,0,0.3996701240539551,2
4681,174.91884446144104,31.252963749487723,14.997243881225586,0.0,0.0,0,0,0.3976144790649414,2
4682,174.9498372077942,33.33336512250753,14.99795913696289,0.0,0.0,0,0,0.4005155563354492,2
4683,174.98084568977356,31.24877256505964,16.99376106262207,0.0,0.0,0,0,0.3976144790649414,2
4684,175.0108458995819,34.49234792477036,14.988183975219727,0.0,0.0,0,0,0.3995485305786133,2
4685,175.0388445854187,34.47448711204629,14.006614685058594,0.0,0.0,0,0,0.3976144790649414,2
4686,175.06784462928772,34.48270645784519,14.999628067016602,0.0,0.0,0,0,0.3996295928955078,2
4687,175.09684538841248,35.708360292865656,14.004945755004883,0.0,0.0,0,0,0.3976144790649414,2
4688,175.12684965133667,33.33813418540509,16.00050926208496,0.0,0.0,0,0,0.3996701240539551,2
4689,175.16385221481323,26.31076317011053,15.007734298706055,0.0,0.0,0,0,0.3976144790649414,2
4690,175.1928415298462,34.495468377333665,14.993906021118164,0.0,0.0,0,0,0.3996295928955078,2
4691,175.22185611724854,35.70562446262418,14.001131057739258,0.0,0.0,0,0,0.3976144790649414,2
4692,175.24984407424927,34.48781009233907,14.997720718383789,0.0,0.0,0,0,0.3996100425720215,2
4693,175.28084421157837,32.25792161447117,15.00701904296875,0.0,0.0,0,0,0.3976144790649414,2
4694,175.31084442138672,33.33310021457522,16.00027084350586,0.0,0.0,0,0,0.39958906173706055,2
4695,175.33884406089783,35.714745527465325,13.999700546264648,0.0,0.0,0,0,0.3976144790649414,2
4696,175.36683797836304,35.72204573521271,14.994144439697266,0.0,0.0,0,0,0.3996295928955078,2
4697,175.39484643936157,35.70349688447002,14.008760452270508,0.0,0.0,0,0,0.3976144790649414,2
4698,175.42384457588196,34.48497455334753,16.00027084350586,0.0,0.0,0,0,0.3996701240539551,2
4699,175.45184350013733,35.715657890255116,13.995885848999023,0.0,0.0,0,0,0.3976144790649414,2
4700,175.48084425926208,35.713225026395556,15.000343322753906,0.0,0.0,0,0,0.3996701240539551,2
4701,175.5088939666748,34.423840516073966,14.998674392700195,0.0,0.0,0,0,0.3976144790649414,2
4702,175.538893699646,33.333630034650476,17.000198364257812,0.0,0.0,0,0,0.3996295928955078,2
4703,175.56688714027405,35.722654220571826,14.993667602539062,0.0,0.0,0,0,0.3976144790649414,2
4704,175.59589409828186,34.47448711204629,15.998363494873047,0.0,0.0,0,0,0.39971065521240234,2
4705,175.62788653373718,31.257388997361872,14.99795913696289,0.0,0.0,0,0,0.3976144790649414,2
4706,175.65888833999634,32.256185063561766,16.994237899780273,0.0,0.0,0,0,0.3996701240539551,2
4707,175.70390129089355,22.726949586024535,27.99510955810547,0.0,0.0,0,0,0.3976144790649414,2
4708,175.7358958721161,31.24481525625745,16.990184783935547,0.0,0.0,0,0,0.39971065521240234,2
4709,175.76889395713806,30.302380522342233,17.99917221069336,0.0,0.0,0,0,0.3976144790649414,2
4710,175.79989337921143,31.251566563098404,16.995906829833984,0.0,0.0,0,0,0.3995485305786133,2
4711,175.82995057106018,33.26990774893114,16.065120697021484,0.0,0.0,0,0,0.3976144790649414,2
4712,175.8608934879303,32.31757381495408,16.99972152709961,0.0,0.0,0,0,0.3996100425720215,2
4713,175.88989305496216,34.483273453750215,14.999151229858398,0.0,0.0,0,0,0.3976144790649414,2
4714,175.92089414596558,33.33945916728932,14.992237091064453,0.0,0.0,0,0,0.39958906173706055,2
4715,175.94889426231384,34.474770472534786,14.999151229858398,0.0,0.0,0,0,0.3976144790649414,2
4716,175.9788932800293,33.33442479634413,15.99740982055664,0.0,0.0,0,0,0.3996701240539551,2
4717,176.01089477539062,31.248539754440337,14.007329940795898,0.0,0.0,0,0,0.3976144790649414,2
4718,176.04189324378967,33.33495465852825,14.999628067016602,0.0,0.0,0,0,0.39971065521240234,2
4719,176.06989336013794,34.48270645784519,14.999151229858398,0.0,0.0,0,0,0.3976144790649414,2
4720,176.09889388084412,34.48213948058568,15.99264144897461,0.0,0.0,0,0,0.3996701240539551,2
4721,176.12788677215576,34.491213354714034,14.979839324951172,0.0,0.0,0,0,0.3976144790649414,2
4722,176.15688705444336,34.482422966884805,14.993429183959961,0.0,0.0,0,0,0.3996701240539551,2
4723,176.18489336967468,35.70623238867086,15.000104904174805,0.0,0.0,0,0,0.3976144790649414,2
4724,176.21389627456665,35.71626615801216,13.998031616210938,0.0,0.0,0,0,0.39958906173706055,2
4725,176.24089431762695,35.71109654238789,13.997793197631836,0.0,0.0,0,0,0.3976144790649414,2
4726,176.26989364624023,35.71535376414588,13.997793197631836,0.0,0.0,0,0,0.3996295928955078,2
4727,176.29789662361145,34.4790214389057,15.002250671386719,0.0,0.0,0,0,0.3976144790649414,2
4728,176.3278934955597,34.49404991981578,15.994071960449219,0.0,0.0,0,0,0.3996701240539551,2
4729,176.36089253425598,29.407091124525866,16.995668411254883,0.0,0.0,0,0,0.3976144790649414,2
4730,176.40088987350464,25.64319776968037,19.001483917236328,0.0,0.0,0,0,0.3995485305786133,2
4731,176.4388906955719,25.640062597809077,15.999317169189453,0.0,0.0,0,0,0.3976144790649414,2
4732,176.47189331054688,31.23853217842061,15.95616340637207,0.0,0.0,0,0,0.39958906173706055,2
4733,176.50389313697815,31.258087835269745,15.99574089050293,0.0,0.0,0,0,0.3976144790649414,2
4734,176.5348937511444,31.250402336532158,16.99662208557129,0.0,0.0,0,0,0.39971065521240234,2
4735,176.56489324569702,33.333894951004154,15.999555587768555,0.0,0.0,0,0,0.3976144790649414,2
4736,176.59589338302612,32.25792161447117,16.999483108520508,0.0,0.0,0,0,0.3996701240539551,2
4737,176.62589287757874,33.333894951004154,15.999555587768555,0.0,0.0,0,0,0.3976144790649414,2
4738,176.65688705444336,32.26412510865468,17.993927001953125,0.0,0.0,0,0,0.39971065521240234,2
4739,176.68988800048828,30.30216159981505,17.994165420532227,0.0,0.0,0,0,0.3976144790649414,2
4740,176.7218952178955,31.242953340087002,17.99917221069336,0.0,0.0,0,0,0.39979076385498047,2
4741,176.75489616394043,30.30216159981505,16.00933074951172,0.0,0.0,0,0,0.3976144790649414,2
4742,176.78790092468262,31.257854885828415,16.994953155517578,0.0,0.0,0,0,0.3996100425720215,2
4743,176.8178973197937,32.248496870723194,16.00360870361328,0.0,0.0,0,0,0.3976144790649414,2
4744,176.85089898109436,30.301504851212623,18.011093139648438,0.0,0.0,0,0,0.399569034576416,2
4745,176.88089799880981,33.33442479634413,15.995264053344727,0.0,0.0,0,0,0.3976144790649414,2
4746,176.9109013080597,33.32965679457737,15.00082015991211,0.0,0.0,0,0,0.3993067741394043,2
4747,176.9408984184265,34.48469102509291,15.001058578491211,0.0,0.0,0,0,0.3976144790649414,2
4748,176.96989846229553,33.33468972533062,14.992952346801758,0.0,0.0,0,0,0.3996295928955078,2
4749,176.99989891052246,33.33283531085345,16.00027084350586,0.0,0.0,0,0,0.3976144790649414,2
4750,177.03289198875427,30.30938771380878,16.992807388305664,0.0,0.0,0,0,0.39958906173706055,2
4751,177.06189823150635,34.475337207486376,14.9993896484375,0.0,0.0,0,0,0.3976144790649414,2
4752,177.0909070968628,34.47222039581827,15.00844955444336,0.0,0.0,0,0,0.3996295928955078,2
4753,177.12289786338806,31.25901966775725,14.998912811279297,0.0,0.0,0,0,0.3976144790649414,2
4754,177.15489149093628,32.263132389252554,15.9912109375,0.0,0.0,0,0,0.3996701240539551,2
4755,177.18390130996704,33.32409584948834,16.002655029296875,0.0,0.0,0,0,0.3976144790649414,2
4756,177.2128939628601,34.49149699023059,15.994071960449219,0.0,0.0,0,0,0.3996701240539551,2
4757,177.24094533920288,35.6488746855239,14.00613784790039,0.0,0.0,0,0,0.3976144790649414,2
4758,177.2699453830719,34.48270645784519,15.996456146240234,0.0,0.0,0,0,0.39958953857421875,2
4759,177.29794836044312,35.71048845069943,15.000581741333008,0.0,0.0,0,0,0.3976144790649414,2
4760,177.3269486427307,34.482422966884805,14.997482299804688,0.0,0.0,0,0,0.3996701240539551,2
4761,177.35595035552979,34.48072211900495,15.004634857177734,0.0,0.0,0,0,0.3976144790649414,2
4762,177.38508772850037,35.5386244820837,15.001296997070312,0.0,0.0,0,0,0.3996701240539551,2
4763,177.4120864868164,35.71717859849614,13.995170593261719,0.0,0.0,0,0,0.3976144790649414,2
4764,177.44108819961548,35.70957635199564,15.003442764282227,0.0,0.0,0,0,0.3996701240539551,2
4765,177.47208642959595,31.2536623895322,14.998912811279297,0.0,0.0,0,0,0.3976144790649414,2
4766,177.50208687782288,33.33283531085345,15.99264144897461,0.0,0.0,0,0,0.3996701240539551,2
4767,177.53009676933289,35.70167344784733,15.009403228759766,0.0,0.0,0,0,0.3976144790649414,2
4768,177.5610864162445,32.268841360209265,17.00425148010254,0.0,0.0,0,0,0.3996100425720215,2
4769,177.59008646011353,34.48270645784519,15.999555587768555,0.0,0.0,0,0,0.3976144790649414,2
4770,177.62008666992188,33.33310021457522,16.000032424926758,0.0,0.0,0,0,0.3996295928955078,2
4771,177.64908719062805,34.48213948058568,15.005111694335938,0.0,0.0,0,0,0.3976144790649414,2
4772,177.6790874004364,33.33310021457522,17.005443572998047,0.0,0.0,0,0,0.3996701240539551,2
4773,177.70908641815186,33.33442479634413,16.004323959350586,0.0,0.0,0,0,0.3976144790649414,2
4774,177.7410867214203,32.25717735547232,17.00568199157715,0.0,0.0,0,0,0.39971065521240234,2
4775,177.77108693122864,32.25841780621741,15.996694564819336,0.0,0.0,0,0,0.3976144790649414,2
4776,177.80308151245117,31.255292671112933,17.994403839111328,0.0,0.0,0,0,0.3996701240539551,2
4777,177.83608102798462,30.303475182429015,14.999866485595703,0.0,0.0,0,0,0.3976144790649414,2
4778,177.86909008026123,31.244349756410067,14.996767044067383,0.0,0.0,0,0,0.39971065521240234,2
4779,177.89708805084229,34.48128904965472,15.001058578491211,0.0,0.0,0,0,0.3976144790649414,2
4780,177.92709136009216,33.32965679457737,16.004323959350586,0.0,0.0,0,0,0.3996701240539551,2
4781,177.95508790016174,35.7186994362407,14.008045196533203,0.0,0.0,0,0,0.3976144790649414,2
4782,177.98508667945862,34.48128904965472,15.00248908996582,0.0,0.0,0,0,0.3996701240539551,2
4783,178.01307940483093,34.49433360198694,13.992071151733398,0.0,0.0,0,0,0.3976144790649414,2
4784,178.04208707809448,34.47363705852861,16.000032424926758,0.0,0.0,0,0,0.3996701240539551,2
4785,178.0700867176056,35.714745527465325,14.998435974121094,0.0,0.0,0,0,0.3976144790649414,2
4786,178.09908747673035,34.481855998947694,16.00813865661621,0.0,0.0,0,0,0.3996701240539551,2
4787,178.12709021568298,37.0371050633135,12.99595832824707,0.0,0.0,0,0,0.3976144790649414,2
4788,178.15508818626404,34.481855998947694,15.00082015991211,0.0,0.0,0,0,0.3996701240539551,2
4789,178.187096118927,32.25891401322873,14.00613784790039,0.0,0.0,0,0,0.3976144790649414,2
4790,178.2171986103058,32.14272358035098,16.11185073852539,0.0,0.0,0,0,0.3996701240539551,2
4791,178.24514937400818,35.777197741269596,14.006853103637695,0.0,0.0,0,0,0.3976144790649414,2
4792,178.27368187904358,35.04774637765931,15.989303588867188,0.0,0.0,0,0,0.3996701240539551,2
4793,178.30168294906616,35.7129209417174,15.000104904174805,0.0,0.0,0,0,0.3976144790649414,2
4794,178.331689119339,33.32647888443049,15.999794006347656,0.0,0.0,0,0,0.3996295928955078,2
4795,178.35971879959106,35.676468336664826,14.029264450073242,0.0,0.0,0,0,0.3976144790649414,2
4796,178.38871836662292,34.483273453750215,15.005826950073242,0.0,0.0,0,0,0.3996295928955078,2
4797,178.41671872138977,35.71383321128727,14.004945755004883,0.0,0.0,0,0,0.3976144790649414,2
4798,178.4467122554779,33.34051922862911,16.99376106262207,0.0,0.0,0,0,0.39971065521240234,2
4799,178.4757730960846,34.410566904586105,15.061616897583008,0.0,0.0,0,0,0.3976144790649414,2
4800,178.50571846961975,33.39414012738853,15.94090461730957,0.0,0.0,0,0,0.3996701240539551,2
4801,178.53871965408325,31.255292671112933,14.999628067016602,0.0,0.0,0,0,0.3976144790649414,2
4802,178.5697522163391,31.211799199297523,16.02959632873535,0.0,0.0,0,0,0.3996295928955078,2
4803,178.59975242614746,34.48213948058568,14.997243881225586,0.0,0.0,0,0,0.3976144790649414,2
4804,178.6297528743744,32.25792161447117,16.99972152709961,0.0,0.0,0,0,0.3996701240539551,2
4805,178.6587679386139,34.46485562622229,16.014575958251953,0.0,0.0,0,0,0.3976144790649414,2
4806,178.68976044654846,32.26586251461629,16.99376106262207,0.0,0.0,0,0,0.39958953857421875,2
4807,178.71976566314697,33.3275381204758,16.00790023803711,0.0,0.0,0,0,0.3976144790649414,2
4808,178.75176525115967,32.25444869961088,16.99995994567871,0.0,0.0,0,0,0.3996305465698242,2
4809,178.7817919254303,32.23437007662217,16.005754470825195,0.0,0.0,0,0,0.3976144790649414,2
4810,178.814790725708,30.304132016444257,17.998695373535156,0.0,0.0,0,0,0.3996100425720215,2
4811,178.84479093551636,34.481855998947694,15.007734298706055,0.0,0.0,0,0,0.3976144790649414,2
4812,178.87680864334106,30.28728228531816,17.99321174621582,0.0,0.0,0,0,0.39946794509887695,2
4813,178.910817861557,29.403792632058607,16.001462936401367,0.0,0.0,0,0,0.3976144790649414,2
4814,178.9428162574768,31.251566563098404,15.91801643371582,0.0,0.0,0,0,0.3996701240539551,2
4815,178.97282719612122,33.32118371400199,16.01886749267578,0.0,0.0,0,0,0.3976144790649414,2
4816,179.0038194656372,32.266110730742895,15.001058578491211,0.0,0.0,0,0,0.3996696472167969,2
4817,179.03382086753845,33.331775738069695,15.004634857177734,0.0,0.0,0,0,0.3976144790649414,2
4818,179.0638439655304,33.30768864253609,15.025138854980469,0.0,0.0,0,0,0.3996701240539551,2
4819,179.09184217453003,35.71657029966023,13.998746871948242,0.0,0.0,0,0,0.3976144790649414,2
4820,179.12083268165588,34.49404991981578,14.99319076538086,0.0,0.0,0,0,0.3996295928955078,2
4821,179.14784026145935,37.02664241953424,14.00613784790039,0.0,0.0,0,0,0.3976144790649414,2
4822,179.1758770942688,35.667366809813345,15.006065368652344,0.0,0.0,0,0,0.39971065521240234,2
4823,179.2038733959198,35.71900361933149,14.002799987792969,0.0,0.0,0,0,0.3976144790649414,2
4824,179.2328655719757,34.49206427525863,15.994071960449219,0.0,0.0,0,0,0.39971017837524414,2
4825,179.26389622688293,32.22619706189686,15.025615692138672,0.0,0.0,0,0,0.3976144790649414,2
4826,179.29389643669128,33.33310021457522,14.999866485595703,0.0,0.0,0,0,0.39971065521240234,2
4827,179.3258957862854,31.250635174905934,14.998674392700195,0.0,0.0,0,0,0.3976144790649414,2
4828,179.35571718215942,33.53297089862488,16.828060150146484,0.0,0.0,0,0,0.39946794509887695,2
4829,179.3867106437683,33.325419715713615,16.007661819458008,0.0,0.0,0,0,0.3976144790649414,2
4830,179.4157202243805,33.33786920166598,16.002893447875977,0.0,0.0,0,0,0.39970970153808594,2
4831,179.44471859931946,34.48469102509291,14.999151229858398,0.0,0.0,0,0,0.3976144790649414,2
4832,179.47475028038025,34.44193169594101,15.002250671386719,0.0,0.0,0,0,0.3996295928955078,2
4833,179.50375270843506,33.333630034650476,15.00248908996582,0.0,0.0,0,0,0.3976144790649414,2
4834,179.5327432155609,34.49404991981578,14.98866081237793,0.0,0.0,0,0,0.39970970153808594,2
4835,179.56377601623535,32.22396877712986,17.025470733642578,0.0,0.0,0,0,0.3976144790649414,2
4836,179.59483218193054,32.199725162944596,16.993284225463867,0.0,0.0,0,0,0.3995485305786133,2
4837,179.62683510780334,31.247142963569992,15.003442764282227,0.0,0.0,0,0,0.3976144790649414,2
4838,179.66008877754211,30.07186899538272,18.25690269470215,0.0,0.0,0,0,0.399871826171875,2
4839,179.69413924217224,30.26717469114421,18.052339553833008,0.0,0.0,0,0,0.3976144790649414,2
4840,179.7260890007019,30.33876556069122,17.93360710144043,0.0,0.0,0,0,0.3996305465698242,2
4841,179.75972819328308,30.639511439675072,16.64280891418457,0.0,0.0,0,0,0.3976144790649414,2
4842,179.79072666168213,31.249936670193268,16.996383666992188,0.0,0.0,0,0,0.3996295928955078,2
4843,179.82272505760193,32.26263605245952,15.99574089050293,0.0,0.0,0,0,0.3976144790649414,2
4844,179.85472655296326,31.241789755163758,17.00282096862793,0.0,0.0,0,0,0.40003204345703125,2
4845,179.88472962379456,32.259162122459024,16.002893447875977,0.0,0.0,0,0,0.3976144790649414,2
4846,179.91572618484497,32.261643424685985,15.999555587768555,0.0,0.0,0,0,0.3996295928955078,2
4847,179.94472670555115,34.48213948058568,15.000343322753906,0.0,0.0,0,0,0.3976144790649414,2
4848,179.973730802536,34.477887745372044,15.004634857177734,0.0,0.0,0,0,0.3996701240539551,2
4849,180.00672030448914,31.24551353203662,14.00899887084961,0.0,0.0,0,0,0.3976144790649414,2
4850,180.03672122955322,32.27281401003355,14.994621276855469,0.0,0.0,0,0,0.39970970153808594,2
4851,180.06572771072388,35.71535376414588,13.99374008178711,0.0,0.0,0,0,0.3976144790649414,2
4852,180.09372997283936,34.47137045407849,14.995813369750977,0.0,0.0,0,0,0.39971017837524414,2
4853,180.12373065948486,34.49178063041208,14.995336532592773,0.0,0.0,0,0,0.3976144790649414,2
4854,180.15273356437683,34.478171161766035,14.998674392700195,0.0,0.0,0,0,0.3996701240539551,2
4855,180.1797354221344,35.7025851428766,14.00899887084961,0.0,0.0,0,0,0.3976144790649414,2
4856,180.20972609519958,34.4937662423106,14.997243881225586,0.0,0.0,0,0,0.39971065521240234,2
4857,180.23773002624512,34.478171161766035,15.000104904174805,0.0,0.0,0,0,0.3976144790649414,2
4858,180.26773047447205,33.33283531085345,16.001462936401367,0.0,0.0,0,0,0.3996295928955078,2
4859,180.29472732543945,37.04135720152252,14.000892639160156,0.0,0.0,0,0,0.3976144790649414,2
4860,180.32373142242432,35.714441416893735,13.999462127685547,0.0,0.0,0,0,0.3996295928955078,2
4861,180.3557267189026,30.303475182429015,15.000104904174805,0.0,0.0,0,0,0.3976144790649414,2
4862,180.38471961021423,34.491213354714034,14.993429183959961,0.0,0.0,0,0,0.3996696472167969,2
4863,180.41472625732422,34.481855998947694,13.993978500366211,0.0,0.0,0,0,0.3976144790649414,2
4864,180.44472646713257,32.25172050534798,17.000436782836914,0.0,0.0,0,0,0.39946794509887695,2
4865,180.4737195968628,34.49092972386231,14.99176025390625,0.0,0.0,0,0,0.3976144790649414,2
4866,180.50472736358643,33.31933080186206,15.999078750610352,0.0,0.0,0,0,0.40003204345703125,2
4867,180.53472638130188,33.33548453755732,15.003442764282227,0.0,0.0,0,0,0.3976144790649414,2
4868,180.55572700500488,47.62628453336664,6.000280380249023,0.0,0.0,1,0,0.3976144790649414,0
4869,180.57772731781006,43.477806571991295,6.999731063842773,0.0,0.0,0,0,0.3990449905395508,0
4870,180.59872770309448,47.61817397425126,6.99162483215332,0.0,0.0,1,0,0.3976144790649414,0
4871,180.61971974372864,47.63710291094529,4.992961883544922,0.0,0.0,0,0,0.4007244110107422,0
4872,180.64072012901306,49.973239923270306,6.009578704833984,0.0,0.0,1,0,0.3976144790649414,0
4873,180.66472101211548,40.01511190826003,5.986928939819336,0.0,0.0,0,0,0.3990449905395508,0
4874,180.6867196559906,45.45734753817642,6.99305534362793,0.0,0.0,1,0,0.3976144790649414,0
4875,180.7077260017395,49.99885561701316,4.991054534912109,0.0,0.0,0,0,0.3990449905395508,0
4876,180.72972583770752,43.46744323422424,7.999181747436523,0.0,0.0,1,0,0.3976144790649414,0
4877,180.7507197856903,47.63277497018909,5.00035285949707,0.0,0.0,0,0,0.3990449905395508,0
4878,180.7717204093933,47.617633368527414,6.00123405456543,0.0,0.0,1,0,0.3976144790649414,0
4879,180.79271960258484,47.620877187006826,4.991292953491211,0.0,0.0,0,0,0.3990449905395508,0
4880,180.81572484970093,43.468344197904464,8.003711700439453,0.0,0.0,1,0,0.3976144790649414,0
4881,180.83972001075745,41.67506930437288,5.00035285949707,0.0,0.0,0,0,0.4014768600463867,0
4882,180.86472129821777,39.99794016955456,9.001731872558594,0.0,0.0,1,0,0.3976144790649414,0
4883,180.8897202014923,40.001754837725194,4.991054534912109,0.0,0.0,0,0,0.3990449905395508,0
4884,180.91272068023682,43.47735588933462,6.001710891723633,0.0,0.0,1,0,0.3976144790649414,0
4885,180.93872213363647,38.4593885822223,6.001949310302734,0.0,0.0,0,0,0.3990449905395508,0
4886,180.96172261238098,43.47735588933462,7.00068473815918,0.0,0.0,1,0,0.3976144790649414,0
4887,180.9877209663391,38.463973588885324,4.997491836547852,0.0,0.0,0,0,0.4011068344116211,0
4888,181.01772260665894,33.33151085539909,9.000301361083984,0.0,0.0,1,0,0.3976144790649414,0
4889,181.049720287323,31.252265140677157,5.995035171508789,0.0,0.0,0,0,0.3976144790649414,0
4890,181.0737226009369,41.66265036305663,7.000446319580078,0.0,0.0,1,0,0.39764881134033203,0
4891,181.10271883010864,34.487242947236865,5.993127822875977,0.0,0.0,0,0,0.3991827964782715,0
4892,181.12772274017334,39.99374487480215,9.00411605834961,0.0,0.0,1,0,0.4003458023071289,0
4893,181.15872263908386,32.2581697084362,6.003856658935547,0.0,0.0,0,0,0.40160226821899414,0
4894,181.18272161483765,41.668444947794036,7.0018768310546875,0.0,0.0,1,0,0.40038394927978516,0
4895,181.21172070503235,35.699546340508476,6.00743293762207,0.0,0.0,0,0,0.3989996910095215,0
4896,181.2357258796692,40.011676381085024,7.000207901000977,0.0,0.0,1,0,0.4017958641052246,0
4897,181.26172590255737,38.46150460330851,6.005764007568359,0.0,0.0,1,0,0.4014296531677246,0
4898,181.2877221107483,38.467148464727245,8.002758026123047,0.0,0.0,1,0,0.40004730224609375,0
4899,181.3117322921753,41.64899807360038,6.011486053466797,0.0,0.0,1,0,0.400357723236084,0
4900,181.34272646903992,32.26412510865468,14.003515243530273,0.0,0.0,1,0,0.39859676361083984,1
4901,181.37180423736572,34.39053467911874,12.07876205444336,0.0,0.0,1,0,0.3982677459716797,1
4902,181.3997302055359,35.80896439853154,12.003421783447266,0.0,0.0,1,0,0.40042686462402344,1
4903,181.42772817611694,37.04724638961268,9.994983673095703,0.0,0.0,0,0,0.4022688865661621,1
4904,181.4547221660614,35.715049643216,11.998176574707031,0.0,0.0,0,0,0.39957237243652344,1
4905,181.48272347450256,35.71261686221753,10.99705696105957,0.0,0.0,0,0,0.3991270065307617,1
4906,181.5117268562317,34.478738008532744,12.999773025512695,0.0,0.0,0,0,0.3991270065307617,1
4907,181.53872680664062,37.0371050633135,10.999679565429688,0.0,0.0,0,0,0.3976144790649414,1
4908,181.56772756576538,34.481855998947694,12.00246810913086,0.0,0.0,0,0,0.3980979919433594,1
4909,181.59773898124695,33.32065428950484,10.008811950683594,0.0,0.0,0,0,0.3976144790649414,1
4910,181.62672066688538,34.504549268661876,11.994600296020508,0.0,0.0,0,0,0.39858150482177734,1
4911,181.6527190208435,38.463973588885324,9.999752044677734,0.0,0.0,0,0,0.3976144790649414,1
4912,181.68072056770325,35.71231278789582,12.001276016235352,0.0,0.0,0,0,0.3990650177001953,1
4913,181.70672059059143,38.46150460330851,11.000633239746094,0.0,0.0,0,0,0.3976144790649414,1
4914,181.7357895374298,34.4009710967488,13.068914413452148,0.0,0.0,0,0,0.3980979919433594,1
4915,181.76272416114807,37.12693410756648,12.002706527709961,0.0,0.0,0,0,0.3976144790649414,1
4916,181.79372096061707,33.33283531085345,14.004230499267578,0.0,0.0,0,0,0.39858150482177734,1
4917,181.8217272758484,34.47958831363135,11.999845504760742,0.0,0.0,0,0,0.3977789878845215,1
4918,181.8527274131775,32.25792161447117,13.941764831542969,0.0,0.0,0,0,0.39963197708129883,1
4919,181.88072538375854,35.71687444648818,12.005090713500977,0.0,0.0,0,0,0.3991541862487793,1
4920,181.9087255001068,35.71413731150109,11.999368667602539,0.0,0.0,0,0,0.39975929260253906,1
4921,181.93872690200806,33.331775738069695,11.00015640258789,0.0,0.0,0,0,0.3993110656738281,1
4922,181.9667248725891,35.71687444648818,10.998010635375977,0.0,0.0,0,0,0.399871826171875,1
4923,181.99271965026855,38.46926533981473,9.990215301513672,0.0,0.0,0,0,0.3994636535644531,1
4924,182.0207269191742,35.705016557277965,12.995481491088867,0.0,0.0,0,0,0.3999061584472656,1
4925,182.04672074317932,38.47067671931466,11.000871658325195,0.0,0.0,0,0,0.39942073822021484,1
4926,182.0797266960144,30.29756495734522,16.9985294342041,0.0,0.0,0,0,0.3995490074157715,2
4927,182.11172676086426,32.25792161447117,15.000104904174805,0.0,0.0,0,0,0.3976144790649414,2
4928,182.14372634887695,31.256224336952553,16.99352264404297,0.0,0.0,0,0,0.3997359275817871,2
4929,182.1737289428711,33.33442479634413,14.989614486694336,0.0,0.0,0,0,0.3976144790649414,2
4930,182.20272088050842,33.331775738069695,16.00170135498047,0.0,0.0,0,0,0.3996295928955078,2
4931,182.2317349910736,34.46598846286588,15.007495880126953,0.0,0.0,0,0,0.3976144790649414,2
4932,182.26172614097595,33.34316967692699,16.000032424926758,0.0,0.0,0,0,0.39979076385498047,2
4933,182.29374408721924,31.232484195006442,15.016794204711914,0.0,0.0,0,0,0.3976144790649414,2
4934,182.3437523841858,19.996681764004766,35.00032424926758,0.0,0.0,0,0,0.3997359275817871,2
4935,182.3727514743805,35.714441416893735,13.997554779052734,0.0,0.0,0,0,0.3976144790649414,2
4936,182.4021291732788,32.919739423907075,16.378164291381836,0.0,0.0,0,0,0.399871826171875,2
4937,182.43112230300903,34.49092972386231,15.000104904174805,0.0,0.0,0,0,0.3976144790649414,2
4938,182.4601230621338,34.481855998947694,15.000104904174805,0.0,0.0,0,0,0.3996291160583496,2
4939,182.48812317848206,35.71413731150109,13.999700546264648,0.0,0.0,0,0,0.3976144790649414,2
4940,182.5171241760254,34.48157252197075,16.00193977355957,0.0,0.0,0,0,0.39979124069213867,2
4941,182.54512453079224,35.71383321128727,15.002250671386719,0.0,0.0,0,0,0.3976144790649414,2
4942,182.5741274356842,34.479304873938524,16.009807586669922,0.0,0.0,0,0,0.3996696472167969,2
4943,182.6031153202057,34.49717068035268,14.992237091064453,0.0,0.0,0,0,0.3976144790649414,2
4944,182.6331171989441,33.33124597693842,17.001867294311523,0.0,0.0,0,0,0.39981698989868164,2
4945,182.66711568832397,29.413071528751754,16.938447952270508,0.0,0.0,0,0,0.3976144790649414,2
4946,182.7031171321869,27.77666373070377,22.001028060913086,0.0,0.0,0,0,0.39979028701782227,2
4947,182.73719120025635,30.28968824247326,16.015052795410156,0.0,0.0,0,0,0.3976144790649414,2
4948,182.7861156463623,20.00641074563077,33.99944305419922,18.052101135253906,1.020193099975586,0,0,0.3976144790649414,2
4949,182.82112288475037,29.406678772496864,17.93503761291504,0.0,0.0,0,0,0.3976144790649414,2
4950,182.85411524772644,29.417197362883996,17.989635467529297,0.0,0.0,0,0,0.3995485305786133,2
4951,182.88912320137024,28.564937276107713,17.99750328063965,0.0,0.0,0,0,0.3976144790649414,2
4952,182.92213320732117,31.254593958181196,15.99884033203125,0.0,0.0,0,0,0.3996100425720215,2
4953,182.9542179107666,30.212016221394666,17.05765724182129,0.0,0.0,0,0,0.3976144790649414,2
4954,182.98816871643066,30.349522431259047,17.006397247314453,0.0,0.0,0,0,0.3995485305786133,2
4955,183.02016186714172,30.30807361856795,17.006397247314453,0.0,0.0,0,0,0.3976144790649414,2
4956,183.05315399169922,30.310263840611654,17.988920211791992,0.0,0.0,0,0,0.40027379989624023,2
4957,183.0871639251709,29.403174247097752,16.002655029296875,0.0,0.0,0,0,0.3976144790649414,2
4958,183.1241557598114,27.78347155613259,19.99187469482422,0.0,0.0,0,0,0.3996701240539551,2
4959,183.159161567688,27.773904751814378,17.006874084472656,0.0,0.0,0,0,0.3976144790649414,2
4960,183.19116115570068,31.250402336532158,16.9980525970459,0.0,0.0,0,0,0.399630069732666,2
4961,183.2221610546112,32.2581697084362,16.00027084350586,0.0,0.0,0,0,0.3976144790649414,2
4962,183.25316452980042,33.33998918953292,15.994548797607422,0.0,0.0,0,0,0.3995485305786133,2
4963,183.2831735610962,32.23882983220729,16.01862907409668,0.0,0.0,0,0,0.3976144790649414,2
4964,183.31216144561768,34.49717068035268,15.999317169189453,0.0,0.0,0,0,0.3995490074157715,2
4965,183.3411614894867,34.48270645784519,15.00082015991211,0.0,0.0,0,0,0.3976144790649414,2
4966,183.37102913856506,34.63361545766071,14.874458312988281,0.0,0.0,0,0,0.39979076385498047,2
4967,183.3990273475647,34.49206427525863,15.001535415649414,0.0,0.0,0,0,0.3976144790649414,2
4968,183.42902660369873,33.33415987156867,16.00480079650879,0.0,0.0,0,0,0.39958953857421875,2
4969,183.46003365516663,32.25072854912997,15.007734298706055,0.0,0.0,0,0,0.3976144790649414,2
4970,183.49302005767822,30.31552166528134,17.998695373535156,0.0,0.0,0,0,0.3998575210571289,2
4971,183.52202677726746,34.474770472534786,15.007257461547852,0.0,0.0,0,0,0.3976144790649414,2
4972,183.55302834510803,32.256433130815964,17.002344131469727,0.0,0.0,0,0,0.39971017837524414,2
4973,183.58302998542786,33.33151085539909,16.999244689941406,0.0,0.0,0,0,0.3976144790649414,2
4974,183.61402678489685,33.34343474493406,15.987873077392578,0.0,0.0,0,0,0.3998427391052246,2
4975,183.64302849769592,33.32489015660133,16.004323959350586,0.0,0.0,0,0,0.3976144790649414,2
4976,183.67501878738403,31.259485604835405,17.998933792114258,0.0,0.0,0,0,0.3996291160583496,2
4977,183.70602679252625,32.249736653928665,17.00592041015625,0.0,0.0,0,0,0.3976144790649414,2
4978,183.73802852630615,31.248306947289997,18.00251007080078,0.0,0.0,0,0,0.3997359275817871,2
4979,183.7690305709839,32.25593700012305,17.004013061523438,0.0,0.0,0,0,0.3976144790649414,2
4980,183.80302047729492,29.420498863668247,18.988847732543945,0.0,0.0,0,0,0.3997359275817871,2
4981,183.83802938461304,29.402143663294847,16.011714935302734,0.0,0.0,0,0,0.3976144790649414,2
4982,183.87202668190002,28.575446246082574,19.006013870239258,0.0,0.0,0,0,0.3996701240539551,2
4983,183.90102624893188,34.483273453750215,14.999628067016602,0.0,0.0,0,0,0.3976144790649414,2
4984,183.93302273750305,31.25342950604681,16.99209213256836,0.0,0.0,0,0,0.3996295928955078,2
4985,183.96202945709229,34.474770472534786,15.001296997070312,0.0,0.0,0,0,0.3976144790649414,2
4986,183.99203062057495,33.33204062495033,15.999078750610352,0.0,0.0,0,0,0.40003204345703125,2
4987,184.02203178405762,34.48781009233907,15.000104904174805,0.0,0.0,0,0,0.3976144790649414,2
4988,184.0520269870758,32.257425437989326,17.00115203857422,0.0,0.0,0,0,0.39970970153808594,2
4989,184.0800266265869,35.714745527465325,14.999628067016602,0.0,0.0,0,0,0.3976144790649414,2
4990,184.1100263595581,33.333630034650476,16.00027084350586,0.0,0.0,0,0,0.3996295928955078,2
4991,184.1390266418457,34.482422966884805,15.000104904174805,0.0,0.0,0,0,0.3976144790649414,2
4992,184.16902589797974,33.33415987156867,16.005992889404297,0.0,0.0,0,0,0.39946794509887695,2
4993,184.20102643966675,31.24947101773208,14.999628067016602,0.0,0.0,0,0,0.3976144790649414,2
4994,184.23202633857727,33.33204062495033,15.001535415649414,0.0,0.0,0,0,0.3995084762573242,2
4995,184.26002669334412,34.483840468301665,15.000343322753906,0.0,0.0,0,0,0.3976144790649414,2
4996,184.29002618789673,33.333894951004154,16.9980525970459,0.0,0.0,0,0,0.39970970153808594,2
4997,184.318030834198,37.03546988547563,13.998985290527344,0.0,0.0,0,0,0.3976144790649414,2
4998,184.34701919555664,33.342374498191504,15.993356704711914,0.0,0.0,0,0,0.3998708724975586,2
4999,184.37502694129944,35.70440867263116,15.000343322753906,0.0,0.0,0,0,0.3976144790649414,2
5000,184.40402960777283,34.47958831363135,16.003131866455078,0.0,0.0,0,0,0.3996701240539551,2
5001,184.43302202224731,35.726001260625885,14.000892639160156,0.0,0.0,0,0,0.3976144790649414,2
5002,184.46202731132507,33.325684501581144,16.002893447875977,0.0,0.0,0,0,0.39971017837524414,2
5003,184.4910273551941,34.48270645784519,15.000343322753906,0.0,0.0,0,0,0.3976144790649414,2
5004,184.52102661132812,33.33415987156867,16.99662208557129,0.0,0.0,0,0,0.3995485305786133,2
5005,184.55402851104736,31.257156058336502,14.987945556640625,0.0,0.0,0,0,0.3976144790649414,2
5006,184.58503198623657,32.249240729207514,16.005516052246094,0.0,0.0,0,0,0.3996295928955078,2
5007,184.61302590370178,34.48497455334753,14.997720718383789,0.0,0.0,0,0,0.3976144790649414,2
5008,184.6490285396576,28.574667538696314,20.992279052734375,0.0,0.0,0,0,0.4018855094909668,2
5009,184.68512344360352,27.695412165552945,15.006065368652344,0.0,0.0,0,0,0.3976144790649414,2
5010,184.7161226272583,31.256224336952553,17.99750328063965,0.0,0.0,0,0,0.3998575210571289,2
5011,184.74619388580322,33.25434479259165,16.071081161499023,0.0,0.0,0,0,0.3976144790649414,2
5012,184.7781274318695,32.332272114087495,16.999483108520508,0.0,0.0,0,0,0.3995485305786133,2
5013,184.80812335014343,32.257425437989326,17.000675201416016,0.0,0.0,0,0,0.3976144790649414,2
5014,184.8411374092102,30.29012573029732,19.005298614501953,0.0,0.0,0,0,0.3995490074157715,2
5015,184.87311792373657,32.26933788795027,16.002893447875977,0.0,0.0,0,0,0.3976144790649414,2
5016,184.9031798839569,32.20269180864051,16.001462936401367,0.0,0.0,0,0,0.3996295928955078,2
5017,184.9351236820221,31.304981266140228,14.948129653930664,0.0,0.0,0,0,0.3976144790649414,2
5018,184.96712613105774,31.247608546651964,17.00305938720703,0.0,0.0,0,0,0.3996295928955078,2
5019,184.99712443351746,34.486108712990145,13.998270034790039,0.0,0.0,0,0,0.3976144790649414,2
5020,185.02712655067444,32.25469674015857,17.003774642944336,0.0,0.0,0,0,0.3996701240539551,2
5021,185.05620765686035,35.610738482960045,15.000104904174805,0.0,0.0,0,0,0.3976144790649414,2
5022,185.08621215820312,32.25370460085665,17.00878143310547,0.0,0.0,0,0,0.3996295928955078,2
5023,185.11520075798035,34.496319507842124,14.99629020690918,0.0,0.0,0,0,0.3976144790649414,2
5024,185.14421033859253,34.47137045407849,16.002178192138672,0.0,0.0,0,0,0.3996701240539551,2
5025,185.17320108413696,34.4937662423106,14.992713928222656,0.0,0.0,0,0,0.3976144790649414,2
5026,185.2032082080841,34.46740461339973,16.0064697265625,0.0,0.0,0,0,0.39971065521240234,2
5027,185.23120737075806,34.490646097675295,14.00613784790039,0.0,0.0,0,0,0.3976144790649414,2
5028,185.2602093219757,34.48043866067098,16.00170135498047,0.0,0.0,0,0,0.39970970153808594,2
5029,185.29220724105835,31.25203227801414,14.99795913696289,0.0,0.0,0,0,0.3976144790649414,2
5030,185.32321166992188,32.253456575567895,16.010284423828125,0.0,0.0,0,0,0.39971065521240234,2
5031,185.3512089252472,35.71778691805261,15.001296997070312,0.0,0.0,0,0,0.3976144790649414,2
5032,185.3812074661255,33.33495465852825,16.999006271362305,0.0,0.0,0,0,0.39971017837524414,2
5033,185.40920758247375,35.71413731150109,13.999700546264648,0.0,0.0,0,0,0.3976144790649414,2
5034,185.44021010398865,32.255440884691694,17.00878143310547,0.0,0.0,0,0,0.39971065521240234,2
5035,185.46820282936096,35.72356698747977,14.999866485595703,0.0,0.0,0,0,0.3976144790649414,2
5036,185.49921202659607,33.32409584948834,16.009807586669922,0.0,0.0,0,0,0.3996701240539551,2
5037,185.52820754051208,33.337339246824676,16.000032424926758,0.0,0.0,0,0,0.3976144790649414,2
5038,185.5602104663849,32.257425437989326,17.000913619995117,0.0,0.0,0,0,0.3996295928955078,2
5039,185.591210603714,32.26462149126518,16.9985294342041,0.0,0.0,0,0,0.3976144790649414,2
5040,185.62221360206604,32.25196850393701,16.99972152709961,0.0,0.0,0,0,0.3995485305786133,2
5041,185.65420198440552,30.308292626528313,15.99431037902832,0.0,0.0,0,0,0.3976144790649414,2
5042,185.68821597099304,29.39967055689903,17.008066177368164,0.0,0.0,0,0,0.3996295928955078,2
5043,185.71820950508118,33.34051922862911,16.008853912353516,0.0,0.0,0,0,0.3976144790649414,2
5044,185.75120782852173,30.304569921606877,18.007278442382812,0.0,0.0,0,0,0.3995485305786133,2
5045,185.7822070121765,32.25891401322873,15.993833541870117,0.0,0.0,0,0,0.3976144790649414,2
5046,185.8132028579712,32.2623878897897,16.99519157409668,0.0,0.0,0,0,0.399871826171875,2
5047,185.84320259094238,33.333630034650476,15.9912109375,0.0,0.0,0,0,0.3976144790649414,2
5048,185.87520813941956,32.25271252258833,17.006635665893555,0.0,0.0,0,0,0.3995084762573242,2
5049,185.9042103290558,33.330451366815005,15.001058578491211,0.0,0.0,0,0,0.3976144790649414,2
5050,185.98220133781433,12.82199084122549,63.99059295654297,0.0,0.0,0,0,0.3997359275817871,2
5051,186.0102162361145,35.69529288613908,15.007257461547852,0.0,0.0,0,0,0.3976144790649414,2
5052,186.0392084121704,35.71839525833071,15.007972717285156,0.0,0.0,0,0,0.39971065521240234,2
5053,186.07020044326782,31.26228151902508,14.992475509643555,0.0,0.0,0,0,0.3976144790649414,2
5054,186.1002106666565,33.321977882293126,16.001462936401367,0.0,0.0,0,0,0.3996701240539551,2
5055,186.1282081604004,35.71748275568424,13.997316360473633,0.0,0.0,0,0,0.3976144790649414,2
5056,186.1582112312317,33.32992164778055,17.009973526000977,0.0,0.0,0,0,0.40003204345703125,2
5057,186.18620777130127,35.7186994362407,14.007329940795898,0.0,0.0,0,0,0.3976144790649414,2
5058,186.21521091461182,34.4790214389057,16.002416610717773,0.0,0.0,0,0,0.39971065521240234,2
5059,186.24320268630981,37.04135720152252,13.995647430419922,0.0,0.0,0,0,0.3976144790649414,2
5060,186.27220749855042,34.48270645784519,15.000581741333008,0.0,0.0,0,0,0.39946794509887695,2
5061,186.30020761489868,34.482989953466955,16.000032424926758,0.0,0.0,0,0,0.3976144790649414,2
5062,186.32921528816223,35.71413731150109,14.99629020690918,0.0,0.0,0,0,0.39971065521240234,2
5063,186.35723114013672,35.71048845069943,14.007806777954102,0.0,0.0,0,0,0.3976144790649414,2
5064,186.3852083683014,34.48554162384378,15.000581741333008,0.0,0.0,0,0,0.39971065521240234,2
5065,186.4165027141571,31.95465419250636,14.999866485595703,0.0,0.0,0,0,0.3976144790649414,2
5066,186.44649648666382,33.34025420697439,15.993356704711914,0.0,0.0,0,0,0.3996295928955078,2
5067,186.47749662399292,32.25792161447117,15.000104904174805,0.0,0.0,0,0,0.3976144790649414,2
5068,186.5075056552887,34.483840468301665,15.992879867553711,0.0,0.0,0,0,0.3996295928955078,2
5069,186.5434958934784,27.77776747574423,14.989137649536133,0.0,0.0,0,0,0.3976144790649414,2
5070,186.5735125541687,33.330451366815005,15.99574089050293,0.0,0.0,0,0,0.3996295928955078,2
5071,186.60250306129456,33.32806776374862,15.934467315673828,0.0,0.0,0,0,0.3976144790649414,2
5072,186.63250279426575,33.333630034650476,17.000436782836914,0.0,0.0,0,0,0.39971017837524414,2
5073,186.6635000705719,32.26089899393902,17.00425148010254,0.0,0.0,0,0,0.3976144790649414,2
5074,186.69650530815125,30.298221535171994,19.006013870239258,0.0,0.0,0,0,0.3997359275817871,2
5075,186.72750568389893,32.25767352432224,18.002748489379883,0.0,0.0,0,0,0.3976144790649414,2
5076,186.76050329208374,30.30522680308088,19.000768661499023,0.0,0.0,0,0,0.3996295928955078,2
5077,186.79450297355652,29.41204025104309,16.00027084350586,0.0,0.0,0,0,0.3976144790649414,2
5078,186.8275043964386,30.301723764250315,18.001556396484375,0.0,0.0,0,0,0.3995490074157715,2
5079,186.85950255393982,31.25179941882125,17.002582550048828,0.0,0.0,0,0,0.3976144790649414,2
5080,186.88950514793396,33.330451366815005,16.007423400878906,0.0,0.0,0,0,0.3993873596191406,2
5081,186.9205038547516,32.259410235505854,17.000198364257812,0.0,0.0,0,0,0.3976144790649414,2
5082,186.9515027999878,32.259162122459024,16.000032424926758,0.0,0.0,0,0,0.3996295928955078,2
5083,186.98150849342346,33.3270084940367,16.005754470825195,0.0,0.0,0,0,0.3976144790649414,2
5084,187.01150274276733,34.48951163957208,14.9993896484375,0.0,0.0,0,0,0.3996295928955078,2
5085,187.04050254821777,34.48270645784519,14.999628067016602,0.0,0.0,0,0,0.3976144790649414,2
5086,187.06950283050537,33.33336512250753,16.0064697265625,0.0,0.0,0,0,0.39946794509887695,2
5087,187.09950304031372,33.33310021457522,16.0067081451416,0.0,0.0,0,0,0.3976144790649414,2
5088,187.12850546836853,34.4798717579843,16.00956916809082,0.0,0.0,0,0,0.39970970153808594,2
5089,187.16050243377686,31.252963749487723,14.999151229858398,0.0,0.0,0,0,0.3976144790649414,2
5090,187.19050431251526,33.33124597693842,16.00170135498047,0.0,0.0,0,0,0.39971065521240234,2
5091,187.2185070514679,35.710792493954976,14.999628067016602,0.0,0.0,0,0,0.3976144790649414,2
5092,187.24750590324402,34.48412398257009,15.003681182861328,0.0,0.0,0,0,0.39971065521240234,2
5093,187.27749705314636,33.34316967692699,15.00082015991211,0.0,0.0,0,0,0.3976144790649414,2
5094,187.30650663375854,34.47137045407849,15.004158020019531,0.0,0.0,0,0,0.39971065521240234,2
5095,187.33550429344177,35.71778691805261,13.99850845336914,0.0,0.0,0,0,0.3976144790649414,2
5096,187.3634958267212,34.49234792477036,14.992237091064453,0.0,0.0,0,0,0.39971065521240234,2
5097,187.39265823364258,34.29072239118349,14.99032974243164,0.0,0.0,0,0,0.3976144790649414,2
5098,187.42265796661377,34.48412398257009,14.998674392700195,0.0,0.0,0,0,0.3996701240539551,2
5099,187.45166492462158,33.32462538335638,16.000032424926758,0.0,0.0,0,0,0.3976144790649414,2
5100,187.48170590400696,33.28786279473972,16.008615493774414,0.0,0.0,0,0,0.39946794509887695,2
5101,187.51369833946228,31.257388997361872,15.997648239135742,0.0,0.0,0,0,0.3976144790649414,2
5102,187.5446982383728,32.2581697084362,16.00170135498047,0.0,0.0,0,0,0.39958906173706055,2
5103,187.57472610473633,33.30239944103028,16.000032424926758,0.0,0.0,0,0,0.3976144790649414,2
5104,187.60573291778564,32.25097653246394,17.00758934020996,0.0,0.0,0,0,0.3996295928955078,2
5105,187.63572645187378,33.34051922862911,17.000913619995117,0.0,0.0,0,0,0.3976144790649414,2
5106,187.66674423217773,32.2395732447847,17.01951026916504,0.0,0.0,0,0,0.40003204345703125,2
5107,187.69675159454346,33.325154934053714,16.000747680664062,0.0,0.0,0,0,0.3976144790649414,2
5108,187.72875022888184,32.25767352432224,16.99995994567871,0.0,0.0,0,0,0.399871826171875,2
5109,187.75877499580383,32.23412234860129,16.02959632873535,0.0,0.0,0,0,0.3976144790649414,2
5110,187.79078245162964,31.242720616168462,18.007755279541016,0.0,0.0,0,0,0.399871826171875,2
5111,187.8217737674713,33.342374498191504,15.999794006347656,0.0,0.0,0,0,0.3976144790649414,2
5112,187.85276913642883,31.255059763331246,16.994953155517578,0.0,0.0,0,0,0.39958953857421875,2
5113,187.8867964744568,30.27066974595843,16.00813865661621,0.0,0.0,0,0,0.3976144790649414,2
5114,187.9192476272583,29.901433653428008,16.451597213745117,0.0,0.0,0,0,0.3996701240539551,2
5115,187.9502468109131,32.25891401322873,15.999317169189453,0.0,0.0,0,0,0.3976144790649414,2
5116,187.98088359832764,32.640498054474705,15.99884033203125,0.0,0.0,0,0,0.3996295928955078,2
5117,188.01088523864746,33.33151085539909,16.000986099243164,0.0,0.0,0,0,0.3976144790649414,2
5118,188.04173684120178,33.498957726005735,15.855073928833008,0.0,0.0,0,0,0.3996701240539551,2
5119,188.07076382637024,33.30345714694066,16.026735305786133,0.0,0.0,0,0,0.3976144790649414,2
5120,188.09976363182068,34.482989953466955,15.999794006347656,0.0,0.0,0,0,0.3996295928955078,2
5121,188.12775778770447,35.7217415003066,13.993501663208008,0.0,0.0,0,0,0.3976144790649414,2
5122,188.15780210494995,33.28416458358132,16.035079956054688,0.0,0.0,0,0,0.3996295928955078,2
5123,188.18779253959656,33.34396489359165,15.993833541870117,0.0,0.0,0,0,0.3976144790649414,2
5124,188.21780228614807,33.32250734885199,16.003847122192383,0.0,0.0,0,0,0.39971065521240234,2
5125,188.24979829788208,31.25389527648825,14.999628067016602,0.0,0.0,0,0,0.3976144790649414,2
5126,188.2808380126953,33.28654191070267,16.002178192138672,0.0,0.0,0,0,0.39971065521240234,2
5127,188.30984210968018,34.48355695869508,14.999628067016602,0.0,0.0,0,0,0.3976144790649414,2
5128,188.33983826637268,32.25965835236931,16.996383666992188,0.0,0.0,0,0,0.39971065521240234,2
5129,188.36887764930725,34.4359934318555,16.04604721069336,0.0,0.0,0,0,0.3976144790649414,2
5130,188.39888167381287,33.32886226022281,17.012596130371094,0.0,0.0,0,0,0.39971065521240234,2
5131,188.42788076400757,35.729348927941665,13.993263244628906,0.0,0.0,0,0,0.3976144790649414,2
5132,188.4569206237793,33.27703463924723,16.045093536376953,0.0,0.0,0,0,0.3996295928955078,2
5133,188.48590350151062,34.50313006424652,14.999628067016602,0.0,0.0,0,0,0.3976144790649414,2
5134,188.5159032344818,33.333630034650476,16.998767852783203,0.0,0.0,0,0,0.39970970153808594,2
5135,188.54590511322021,34.490078859294954,15.993356704711914,0.0,0.0,0,0,0.3976144790649414,2
5136,188.57593727111816,32.21629593216173,16.999244689941406,0.0,0.0,0,0,0.3996295928955078,2
5137,188.60893774032593,30.302599448032712,15.99740982055664,0.0,0.0,0,0,0.3976144790649414,2
5138,188.6399371623993,32.258665907814894,17.00592041015625,0.0,0.0,0,0,0.39971017837524414,2
5139,188.66995072364807,33.31827208744419,16.012907028198242,0.0,0.0,0,0,0.3976144790649414,2
5140,188.7029411792755,30.311797184401467,18.993377685546875,0.0,0.0,0,0,0.3996305465698242,2
5141,188.73494815826416,32.248744819738434,15.997886657714844,0.0,0.0,0,0,0.3976144790649414,2
5142,188.76597785949707,31.22295174713773,17.029762268066406,0.0,0.0,0,0,0.3995084762573242,2
5143,188.79697942733765,32.256433130815964,16.000986099243164,0.0,0.0,0,0,0.3976144790649414,2
5144,188.82898235321045,31.247142963569992,17.003536224365234,0.0,0.0,0,0,0.3996295928955078,2
5145,188.85920929908752,33.08306449704609,16.235828399658203,0.0,0.0,0,0,0.3976144790649414,2
5146,188.89019918441772,32.26859310206876,16.998291015625,0.0,0.0,0,0,0.3995485305786133,2
5147,188.9205186367035,32.9821261470956,15.908002853393555,0.0,0.0,0,0,0.3976144790649414,2
5148,188.95051741600037,33.33468972533062,15.999794006347656,0.0,0.0,0,0,0.3995485305786133,2
5149,188.98251128196716,31.25599141528556,13.99374008178711,0.0,0.0,0,0,0.3976144790649414,2
5150,189.01552033424377,31.243651532645536,17.006874084472656,0.0,0.0,0,0,0.40003204345703125,2
5151,189.04354238510132,34.45353135421972,14.00136947631836,0.0,0.0,0,0,0.3976144790649414,2
5152,189.07354092597961,33.33495465852825,16.0062313079834,0.0,0.0,0,0,0.40003204345703125,2
5153,189.10253357887268,35.722654220571826,13.988494873046875,0.0,0.0,0,0,0.3976144790649414,2
5154,189.13158202171326,33.28046719405851,16.041040420532227,0.0,0.0,0,0,0.3996701240539551,2
5155,189.16058158874512,35.72295847102511,14.99319076538086,0.0,0.0,0,0,0.3976144790649414,2
5156,189.19058179855347,32.25122451961154,15.999794006347656,0.0,0.0,0,0,0.40003204345703125,2
5157,189.21958780288696,34.4756205819497,14.9993896484375,0.0,0.0,0,0,0.3976144790649414,2
5158,189.25458192825317,28.57622499591214,15.998363494873047,0.0,0.0,0,0,0.40003204345703125,2
5159,189.28558158874512,32.25841780621741,16.000032424926758,0.0,0.0,0,0,0.3976144790649414,2
5160,189.32158160209656,27.77776747574423,16.00027084350586,0.0,0.0,0,0,0.39946794509887695,2
5161,189.35258221626282,32.257425437989326,15.006780624389648,0.0,0.0,0,0,0.3976144790649414,2
5162,189.38858771324158,27.773536929372657,17.005443572998047,0.0,0.0,0,0,0.3995485305786133,2
5163,189.42158222198486,31.25273087641387,16.003131866455078,0.0,0.0,0,0,0.3976144790649414,2
5164,189.45757508277893,27.034212493876815,15.98978042602539,0.0,0.0,0,0,0.3996295928955078,2
5165,189.48958277702332,31.242487895716945,15.001296997070312,0.0,0.0,0,0,0.3976144790649414,2
5166,189.5205819606781,32.25891401322873,11.99960708618164,0.0,0.0,0,0,0.3980979919433594,1
5167,189.5485816001892,37.0371050633135,9.99903678894043,0.0,0.0,0,0,0.3990516662597656,1
5168,189.58057570457458,30.30873065194456,11.993646621704102,0.0,0.0,0,0,0.3990650177001953,1
5169,189.60958671569824,34.469670696328926,12.011528015136719,0.0,0.0,0,0,0.3976140022277832,1
5170,189.63552808761597,38.548462400970536,7.006406784057617,0.0,0.0,1,0,0.3976140022277832,0
5171,189.65852212905884,43.489527601509685,5.006074905395508,0.0,0.0,0,0,0.3990445137023926,0
5172,189.68552112579346,37.03841330954946,7.006645202636719,0.0,0.0,1,0,0.3976140022277832,0
5173,189.7100474834442,40.77246259878878,5.993127822875977,0.0,0.0,0,0,0.3990445137023926,0
5174,189.73705673217773,37.02435450412676,8.00180435180664,0.0,0.0,1,0,0.3976140022277832,0
5175,189.75905203819275,45.46424584033386,6.00433349609375,0.0,0.0,0,0,0.3990445137023926,0
5176,189.8180615901947,17.2402901946277,7.004976272583008,0.0,0.0,1,0,0.3976140022277832,0
5177,189.84005498886108,43.479609396056645,5.004644393920898,0.0,0.0,0,0,0.3990445137023926,0
5178,189.86205434799194,45.455869602913126,6.99925422668457,0.0,0.0,1,0,0.3976140022277832,0
5179,189.88205456733704,49.999451643282036,3.994464874267578,0.0,0.0,0,0,0.3990445137023926,0
5180,189.9050521850586,45.447496451364735,5.99980354309082,0.0,0.0,1,0,0.3976140022277832,0
5181,189.9260492324829,45.47262516533316,5.99360466003418,0.0,0.0,0,0,0.4006638526916504,0
5182,189.94706010818481,47.594398928806484,6.005764007568359,0.0,0.0,1,0,0.3976140022277832,0
5183,189.96805024147034,47.64143163825123,4.999637603759766,0.0,0.0,0,0,0.3990445137023926,0
5184,189.9900553226471,47.60682383119757,6.007194519042969,0.0,0.0,1,0,0.3976140022277832,0
5185,190.0130569934845,41.664305794236554,4.996299743652344,0.0,0.0,0,0,0.3990445137023926,0
5186,190.04005455970764,37.04037585220248,6.992101669311523,0.0,0.0,1,0,0.3976144790649414,0
5187,190.0670576095581,38.46044656366054,11.000394821166992,0.0,0.0,0,0,0.3990449905395508,0
5188,190.0910563468933,39.99832160363144,6.999731063842773,0.0,0.0,1,0,0.3976144790649414,0
5189,190.1120629310608,50.00243198779238,4.938364028930664,0.0,0.0,0,0,0.3990449905395508,0
5190,190.13205456733704,47.620877187006826,6.000041961669922,0.0,0.0,1,0,0.3976144790649414,0
5191,190.15205454826355,52.62746869432106,3.997325897216797,0.0,0.0,0,0,0.40116024017333984,0
5192,190.1730546951294,47.62141786638812,6.000757217407227,0.0,0.0,1,0,0.3976144790649414,0
5193,190.19405579566956,45.45291402067665,6.99615478515625,0.0,0.0,0,0,0.40084314346313477,0
5194,190.21405696868896,49.99706762346378,6.001949310302734,0.0,0.0,1,0,0.3976144790649414,0
5195,190.23404955863953,52.657200607635616,4.9915313720703125,0.0,0.0,0,0,0.4006819725036621,0
5196,190.25405836105347,47.5949390070922,6.003141403198242,0.0,0.0,1,0,0.3976144790649414,0
5197,190.27705574035645,45.4612891687712,5.00035285949707,0.0,0.0,0,0,0.3990449905395508,0
5198,190.2980580329895,45.44848136790664,6.003856658935547,0.0,0.0,1,0,0.3976144790649414,0
5199,190.31905579566956,47.62412144746852,6.003618240356445,0.0,0.0,0,0,0.40064382553100586,0
5200,190.3390576839447,49.99527975778959,6.009340286254883,0.0,0.0,1,0,0.3976144790649414,0
5201,190.35905480384827,50.00720127810764,5.0048828125,0.0,0.0,0,0,0.4006819725036621,0
5202,190.3790578842163,49.99230026579578,5.997896194458008,0.0,0.0,1,0,0.3976144790649414,0
5203,190.3980598449707,52.626148055207025,5.001544952392578,0.0,0.0,0,0,0.4006819725036621,0
5204,190.41804838180542,50.02867434814762,5.99217414855957,0.0,0.0,1,0,0.3976144790649414,0
5205,190.4380600452423,49.97085840233514,5.010843276977539,0.0,0.0,0,0,0.40064382553100586,0
5206,190.4580590724945,50.00243198779238,5.010366439819336,0.0,0.0,1,0,0.3976144790649414,0
5207,190.47805857658386,50.00123980735301,5.010843276977539,0.0,0.0,0,0,0.4006013870239258,0
5208,190.5002737045288,45.014370499157515,8.000612258911133,0.0,0.0,1,0,0.3976144790649414,0
5209,190.52627301216125,40.001754837725194,4.998922348022461,0.0,0.0,0,0,0.40084314346313477,0
5210,190.55227303504944,38.457272793955845,6.001949310302734,0.0,0.0,1,0,0.3976144790649414,0
5211,190.57327508926392,45.455376979181345,5.002498626708984,0.0,0.0,0,0,0.3990449905395508,0
5212,190.59828853607178,39.978496673465884,8.007287979125977,0.0,0.0,1,0,0.3976144790649414,0
5213,190.63127493858337,30.31552166528134,6.000041961669922,0.0,0.0,0,0,0.3976144790649414,0
5214,190.65328288078308,45.43814187286042,5.9490203857421875,0.0,0.0,1,0,0.3976144790649414,0
5215,190.67527532577515,45.47016033736978,5.991220474243164,0.0,0.0,0,0,0.40116024017333984,0
5216,190.69833207130432,45.45291402067665,6.936550140380859,0.0,0.0,1,0,0.3976144790649414,0
5217,190.73028087615967,30.298659269533054,16.000032424926758,0.0,0.0,0,0,0.3976144790649414,0
5218,190.75327563285828,43.488174852509665,6.9293975830078125,0.0,0.0,1,0,0.39763402938842773,0
5219,190.7772777080536,41.663064208518755,6.999492645263672,0.0,0.0,0,0,0.4018416404724121,0
5220,190.80427765846252,37.0371050633135,10.001420974731445,0.0,0.0,1,0,0.4004364013671875,0
5221,190.84228134155273,27.027941024847923,7.00068473815918,0.0,0.0,0,0,0.401822566986084,0
5222,190.87527441978455,29.413484060084993,8.995294570922852,0.0,0.0,1,0,0.4005012512207031,0
5223,190.90827894210815,31.248539754440337,7.99870491027832,0.0,0.0,0,0,0.40119361877441406,0
5224,190.93927717208862,32.259410235505854,8.999347686767578,0.0,0.0,1,0,0.3991250991821289,0
5225,190.96527457237244,37.0371050633135,5.999565124511719,0.0,0.0,0,0,0.40178632736206055,0
5226,190.99327635765076,35.71200871875213,8.993148803710938,0.0,0.0,1,0,0.3991851806640625,0
5227,191.0232765674591,34.48497455334753,6.000041961669922,0.0,0.0,0,0,0.40271425247192383,0
5228,191.05227661132812,33.33098110268758,7.996320724487305,0.0,0.0,1,0,0.3991813659667969,0
5229,191.09127950668335,26.31373434716053,12.004375457763672,0.0,0.0,0,0,0.3976144790649414,1
5230,191.12332248687744,31.243651532645536,13.006448745727539,0.0,0.0,0,0,0.39858150482177734,1
5231,191.15128016471863,35.721437270582626,9.944915771484375,0.0,0.0,0,0,0.3976144790649414,1
5232,191.17927479743958,34.48951163957208,11.99197769165039,0.0,0.0,0,0,0.3980979919433594,1
5233,191.2152805328369,27.773353021805203,10.997533798217773,0.0,0.0,0,0,0.3976144790649414,1
5234,191.24528050422668,33.33336512250753,12.005805969238281,0.0,0.0,0,0,0.3980979919433594,1
5235,191.27227997779846,38.46256270117103,11.005401611328125,0.0,0.0,0,0,0.3976144790649414,1
5236,191.2972731590271,38.47138244790138,10.992765426635742,0.0,0.0,0,0,0.3980979919433594,1
5237,191.32328391075134,38.445640118426724,11.010169982910156,0.0,0.0,0,0,0.3976144790649414,1
5238,191.3482801914215,40.00595181320463,11.007070541381836,0.0,0.0,0,0,0.3980979919433594,1
5239,191.3722801208496,41.666789187685644,9.006261825561523,0.0,0.0,0,0,0.3976144790649414,1
5240,191.3992829322815,38.459741236234265,12.001514434814453,0.0,0.0,0,0,0.3980979919433594,1
5241,191.42228531837463,41.65975367500993,10.011911392211914,0.0,0.0,0,0,0.3976144790649414,1
5242,191.4482810497284,40.01854802545583,10.993719100952148,0.0,0.0,0,0,0.3980979919433594,1
5243,191.4722797870636,41.65602995361956,9.006261825561523,0.0,0.0,0,0,0.3976144790649414,1
5244,191.49628138542175,39.99755874275252,10.99848747253418,0.0,0.0,0,0,0.3980979919433594,1
5245,191.52528023719788,34.48412398257009,10.999917984008789,0.0,0.0,0,0,0.3976144790649414,1
5246,191.55227971076965,38.47173532190455,10.993480682373047,0.0,0.0,0,0,0.3980979919433594,1
5247,191.57427978515625,43.4660918587299,8.999824523925781,0.0,0.0,0,0,0.3976144790649414,1
5248,191.60028433799744,40.00671499427699,9.995698928833008,0.0,0.0,0,0,0.3980979919433594,1
5249,191.6232829093933,43.468794693750645,9.00721549987793,0.0,0.0,0,0,0.3976144790649414,1
5250,191.648273229599,38.47244108933141,11.00015640258789,0.0,0.0,0,0,0.3980979919433594,1
5251,191.67827367782593,34.48043866067098,10.000467300415039,0.0,0.0,0,0,0.3976144790649414,1
5252,191.7053349018097,35.638273104995285,14.061212539672852,0.0,0.0,0,0,0.39858150482177734,1
5253,191.7332775592804,37.11642065767583,11.992216110229492,0.0,0.0,0,0,0.3976144790649414,1
5254,191.75927448272705,37.04070296286484,11.990785598754883,0.0,0.0,0,0,0.3980979919433594,1
5255,191.78327345848083,41.668444947794036,9.998798370361328,0.0,0.0,0,0,0.3976144790649414,1
5256,191.80928349494934,38.446697343575266,12.010335922241211,0.0,0.0,0,0,0.3980979919433594,1
5257,191.8393359184265,33.27518663376941,10.998725891113281,0.0,0.0,0,0,0.3976144790649414,1
5258,191.86643362045288,36.903498275497995,10.991334915161133,0.0,0.0,0,0,0.3980979919433594,1
5259,191.8954393863678,35.70744830286984,9.000062942504883,0.0,0.0,0,0,0.3976144790649414,1
5260,191.92043471336365,40.01053133644949,10.99395751953125,0.0,0.0,0,0,0.3980979919433594,1
5261,191.94443893432617,39.98955046002765,8.997917175292969,0.0,0.0,0,0,0.3976144790649414,1
5262,191.97143936157227,38.46079923707521,12.000560760498047,0.0,0.0,0,0,0.3998708724975586,1
5263,191.99443316459656,41.677553981140136,9.000539779663086,0.0,0.0,0,0,0.3976144790649414,1
5264,192.01944184303284,39.986119320456844,12.002229690551758,0.0,0.0,0,0,0.3980979919433594,1
5265,192.04443311691284,40.01396666698467,10.000228881835938,0.0,0.0,0,0,0.3976144790649414,1
5266,192.06943917274475,39.990313015455314,10.999679565429688,0.0,0.0,0,0,0.3980979919433594,1
5267,192.09243512153625,43.485920457844315,8.989334106445312,0.0,0.0,0,0,0.3976144790649414,1
5268,192.1174328327179,41.65933989531292,9.99593734741211,0.0,0.0,0,0,0.3980979919433594,1
5269,192.14344477653503,37.029584440579505,10.001420974731445,0.0,0.0,0,0,0.3976144790649414,1
5270,192.17143154144287,35.73117519274183,12.99285888671875,0.0,0.0,0,0,0.4005155563354492,1
5271,192.19543886184692,41.653961507140444,9.999513626098633,0.0,0.0,0,0,0.3976144790649414,1
5272,192.2204384803772,41.67796812273938,10.993242263793945,0.0,0.0,0,0,0.3980979919433594,1
5273,192.24243879318237,43.4660918587299,10.005712509155273,0.0,0.0,0,0,0.3976144790649414,1
5274,192.26643228530884,41.67796812273938,10.993480682373047,0.0,0.0,0,0,0.3980979919433594,1
5275,192.30044603347778,30.295376570095417,14.008760452270508,0.0,0.0,0,0,0.3976144790649414,1
5276,192.32444024085999,40.00061036087587,10.999441146850586,0.0,0.0,0,0,0.3980979919433594,1
5277,192.3474419116974,43.475102616194704,10.009288787841797,0.0,0.0,0,0,0.3976144790649414,1
5278,192.37144351005554,41.663891924108476,11.004209518432617,0.0,0.0,0,0,0.3980979919433594,1
5279,192.39343786239624,45.466217168377575,8.994102478027344,0.0,0.0,0,0,0.3976144790649414,1
5280,192.41743230819702,41.67631160572337,10.989189147949219,0.0,0.0,0,0,0.3980979919433594,1
5281,192.4444444179535,37.02043302117443,11.012077331542969,0.0,0.0,0,0,0.3976144790649414,1
5282,192.4714479446411,38.478441158122635,12.000799179077148,0.0,0.0,0,0,0.39858150482177734,1
5283,192.49743342399597,37.036450974851654,11.992454528808594,0.0,0.0,0,0,0.3976144790649414,1
5284,192.53143954277039,29.40647260081889,15.004634857177734,0.0,0.0,0,0,0.39858150482177734,1
5285,192.57044124603271,25.63990585933918,16.998767852783203,0.0,0.0,0,0,0.3976144790649414,1
5286,192.59843969345093,35.71626615801216,13.000965118408203,0.0,0.0,0,0,0.39858150482177734,1
5287,192.62343215942383,40.01205807719459,9.989738464355469,0.0,0.0,0,0,0.3976144790649414,1
5288,192.65243411064148,34.48043866067098,13.994455337524414,0.0,0.0,0,0,0.3980979919433594,1
5289,192.68044018745422,35.7065363594572,11.993408203125,0.0,0.0,0,0,0.3976144790649414,1
5290,192.7094419002533,35.71352911625214,12.001991271972656,0.0,0.0,0,0,0.39858150482177734,1
5291,192.73443913459778,38.463973588885324,11.005163192749023,0.0,0.0,0,0,0.3976144790649414,1
5292,192.76243233680725,37.03612393928423,12.006998062133789,0.0,0.0,0,0,0.3980979919433594,1
5293,192.79143929481506,33.333894951004154,11.000394821166992,0.0,0.0,0,0,0.3976144790649414,1
5294,192.81943917274475,37.036450974851654,12.007951736450195,0.0,0.0,0,0,0.3980979919433594,1
5295,192.84543895721436,37.03808623932605,11.994600296020508,0.0,0.0,0,0,0.3976144790649414,1
5296,192.8724389076233,37.0371050633135,13.000011444091797,0.0,0.0,0,0,0.3980979919433594,1
5297,192.89643931388855,41.66596135697611,9.997129440307617,0.0,0.0,0,0,0.3976144790649414,1
5298,192.92143893241882,40.00061036087587,10.999679565429688,0.0,0.0,0,0,0.3980979919433594,1
5299,192.9444603919983,43.43773237088205,9.021282196044922,0.0,0.0,0,0,0.3976144790649414,1
5300,192.97001600265503,39.13035041235959,11.990785598754883,0.0,0.0,0,0,0.3980979919433594,1
5301,193.00401830673218,29.40977169462052,20.998477935791016,0.0,0.0,0,0,0.3976144790649414,1
5302,193.03001761436462,38.46256270117103,12.00556755065918,0.0,0.0,0,0,0.3980979919433594,1
5303,193.05401873588562,41.66471967258712,9.996891021728516,0.0,0.0,0,0,0.3990516662597656,1
5304,193.07900881767273,40.0158754388643,10.993003845214844,0.0,0.0,0,0,0.3980979919433594,1
5305,193.1060152053833,37.028276817953085,9.996652603149414,0.0,0.0,0,0,0.3976144790649414,1
5306,193.13201522827148,39.99984741269145,9.999513626098633,0.0,0.0,0,0,0.3980979919433594,1
5307,193.15601682662964,39.99755874275252,10.998725891113281,0.0,0.0,0,0,0.3990516662597656,1
5308,193.18101358413696,40.00518866124909,10.997295379638672,0.0,0.0,0,0,0.3980979919433594,1
5309,193.20610451698303,41.619655278486164,9.001970291137695,0.0,0.0,0,0,0.39905309677124023,1
5310,193.23114705085754,39.84973349928268,11.05499267578125,0.0,0.0,0,0,0.3980979919433594,1
5311,193.25408148765564,41.759714851800595,10.00213623046875,0.0,0.0,0,0,0.3990511894226074,1
5312,193.27808165550232,41.66637526821903,9.999752044677734,0.0,0.0,0,0,0.3980979919433594,1
5313,193.3030822277069,41.670100839501266,10.000467300415039,0.0,0.0,0,0,0.3990516662597656,1
5314,193.32708191871643,39.99641450599331,11.00921630859375,0.0,0.0,0,0,0.3980979919433594,1
5315,193.35107970237732,41.67051483299223,10.000467300415039,0.0,0.0,0,0,0.3990516662597656,1
5316,193.37540769577026,41.10491086741344,11.003255844116211,0.0,0.0,0,0,0.3980979919433594,1
5317,193.40146565437317,39.89294172476436,9.077787399291992,0.0,0.0,0,0,0.3976144790649414,1
5318,193.42840480804443,37.12233374046342,10.951042175292969,0.0,0.0,0,0,0.3980979919433594,1
5319,193.45851516723633,32.15184012632902,11.081933975219727,0.0,0.0,0,0,0.3976144790649414,1
5320,193.48344159126282,40.118069039397795,11.008977890014648,0.0,0.0,0,0,0.3980979919433594,1
5321,193.5084445476532,39.9952703347001,11.011600494384766,0.0,0.0,0,0,0.3980579376220703,1
5322,193.53343439102173,40.01625721509326,11.001825332641602,0.0,0.0,0,0,0.3980979919433594,1
5323,193.5594391822815,39.990313015455314,10.99395751953125,0.0,0.0,0,0,0.3980579376220703,1
5324,193.58443903923035,38.463620857252906,12.006759643554688,0.0,0.0,0,0,0.3980979919433594,1
5325,193.60943984985352,39.99870304498336,11.000633239746094,0.0,0.0,0,0,0.39905214309692383,1
5326,193.6364390850067,37.03808623932605,12.000083923339844,0.0,0.0,0,0,0.3980979919433594,1
5327,193.66144156455994,41.67465522038075,9.995698928833008,0.0,0.0,0,0,0.399045467376709,1
5328,193.6874406337738,38.40234389305988,11.035680770874023,0.0,0.0,0,0,0.3980979919433594,1
5329,193.71643805503845,34.524430396417756,10.998010635375977,0.0,0.0,0,0,0.3976144790649414,1
5330,193.74343252182007,37.0465919429061,12.000322341918945,0.0,0.0,0,0,0.3980979919433594,1
5331,193.76949310302734,36.95422026431718,12.058734893798828,0.0,0.0,0,0,0.399045467376709,1
5332,193.8054347038269,27.822912106135988,20.996570587158203,0.0,0.0,0,0,0.3980979919433594,1
5333,193.83644676208496,33.33310021457522,14.995574951171875,0.0,0.0,0,0,0.3976144790649414,1
5334,193.86043882369995,39.99374487480215,11.00015640258789,0.0,0.0,0,0,0.3980979919433594,1
5335,193.884432554245,41.677553981140136,9.99140739440918,0.0,0.0,0,0,0.3990516662597656,1
5336,193.90843963623047,41.65437518000258,10.000228881835938,0.0,0.0,0,0,0.3980979919433594,1
5337,193.93344140052795,41.67838227256919,10.00070571899414,0.0,0.0,0,0,0.3990459442138672,1
5338,193.9574329853058,39.99984741269145,10.959625244140625,0.0,0.0,0,0,0.3980979919433594,1
5339,193.981431722641,41.66885890838284,9.992599487304688,0.0,0.0,0,0,0.3990511894226074,1
5340,194.0054395198822,41.65313418606499,10.000467300415039,0.0,0.0,0,0,0.3980979919433594,1
5341,194.03143978118896,38.46115191695781,9.007453918457031,0.0,0.0,0,0,0.3976144790649414,1
5342,194.05844116210938,37.035142867234136,11.001348495483398,0.0,0.0,0,0,0.3980979919433594,1
5343,194.08243227005005,41.6821099914535,9.999990463256836,0.0,0.0,0,0,0.399045467376709,1
5344,194.10643434524536,41.663064208518755,10.995626449584961,0.0,0.0,0,0,0.3980979919433594,1
5345,194.1294391155243,43.469245198934594,8.99815559387207,0.0,0.0,0,0,0.3990516662597656,1
5346,194.15444040298462,41.67879643062981,9.990453720092773,0.0,0.0,0,0,0.3980979919433594,1
5347,194.17943286895752,38.46044656366054,10.998964309692383,0.0,0.0,0,0,0.3990516662597656,1
5348,194.20543909072876,38.45233685986175,11.997222900390625,0.0,0.0,0,0,0.3980979919433594,1
5349,194.22944164276123,41.662236525816,11.002540588378906,0.0,0.0,0,0,0.3990459442138672,1
5350,194.25444316864014,39.99755874275252,11.0015869140625,0.0,0.0,0,0,0.3980979919433594,1
5351,194.27743244171143,43.49854807931635,8.993387222290039,0.0,0.0,0,0,0.3990511894226074,1
5352,194.30243253707886,39.99984741269145,10.991811752319336,0.0,0.0,0,0,0.3980979919433594,1
5353,194.3284397125244,38.450926825690765,10.000228881835938,0.0,0.0,0,0,0.3976144790649414,1
5354,194.3554391860962,37.03775917487902,12.00723648071289,0.0,0.0,0,0,0.3980979919433594,1
5355,194.37943291664124,43.4899785365449,8.999824523925781,0.0,0.0,0,0,0.3990511894226074,1
5356,194.40543270111084,37.03743211620822,10.991096496582031,0.0,0.0,0,0,0.3980979919433594,1
5357,194.43043994903564,41.6552025503769,9.999990463256836,0.0,0.0,0,0,0.3990516662597656,1
5358,194.45543909072876,39.9971773232251,11.001825332641602,0.0,0.0,0,0,0.3980979919433594,1
5359,194.47843885421753,41.67051483299223,9.999275207519531,0.0,0.0,0,0,0.3990516662597656,1
5360,194.5044391155243,38.46115191695781,12.999534606933594,0.0,0.0,0,0,0.3980979919433594,1
5361,194.5285005569458,41.56026991409122,10.057687759399414,0.0,0.0,0,0,0.3990516662597656,1
5362,194.5574336051941,34.56255253226099,14.999866485595703,0.0,0.0,0,0,0.4005155563354492,1
5363,194.58843398094177,32.25767352432224,14.998912811279297,0.0,0.0,0,0,0.3976144790649414,1
5364,194.62243342399597,29.412246500799416,14.999866485595703,0.0,0.0,0,0,0.39858150482177734,1
5365,194.65443587303162,31.247608546651964,12.003421783447266,0.0,0.0,0,0,0.3976144790649414,1
5366,194.69743418693542,23.256725885510235,24.994611740112305,0.0,0.0,0,0,0.3980979919433594,1
5367,194.7264370918274,34.479304873938524,11.988639831542969,0.0,0.0,0,0,0.3976144790649414,1
5368,194.75543928146362,34.480155206997466,13.006448745727539,0.0,0.0,0,0,0.3980979919433594,1
5369,194.7894389629364,29.41204025104309,18.999099731445312,0.0,0.0,0,0,0.3976144790649414,1
5370,194.8174328804016,35.72204573521271,12.993812561035156,0.0,0.0,0,0,0.3980979919433594,1
5371,194.84344601631165,38.44211645448963,11.013984680175781,0.0,0.0,0,0,0.3980579376220703,1
5372,194.8724319934845,34.499440679081395,13.9923095703125,0.0,0.0,0,0,0.3980979919433594,1
5373,194.89643931388855,43.477806571991295,8.999824523925781,0.0,0.0,0,0,0.3990511894226074,1
5374,194.92143940925598,38.450926825690765,10.994672775268555,0.0,0.0,0,0,0.3980979919433594,1
5375,194.94643473625183,40.007478204467844,10.99538803100586,0.0,0.0,0,0,0.39905357360839844,1
5376,194.97144198417664,39.988406681412556,12.009620666503906,0.0,0.0,0,0,0.3980979919433594,1
5377,194.9984393119812,37.04070296286484,9.999513626098633,0.0,0.0,0,0,0.39905309677124023,1
5378,195.02648067474365,35.66160491097999,12.041330337524414,0.0,0.0,0,0,0.3980979919433594,1
5379,195.04944014549255,43.55501095546163,9.000778198242188,0.0,0.0,0,0,0.39905261993408203,1
5380,195.07443928718567,40.00137333816545,11.007308959960938,0.0,0.0,0,0,0.3980979919433594,1
5381,195.09843254089355,43.490429480931546,8.993387222290039,0.0,0.0,0,0,0.3990507125854492,1
5382,195.12344002723694,38.450926825690765,12.007713317871094,0.0,0.0,0,0,0.3980979919433594,1
5383,195.14744019508362,43.47600389742314,9.007692337036133,0.0,0.0,0,0,0.3990511894226074,1
5384,195.17243194580078,38.47526441800519,11.992931365966797,0.0,0.0,0,0,0.3980979919433594,1
5385,195.1954391002655,43.46474056725977,9.999990463256836,0.0,0.0,0,0,0.3990511894226074,1
5386,195.22043323516846,40.00938635734931,10.993242263793945,0.0,0.0,0,0,0.3980979919433594,1
5387,195.24343299865723,43.47870796533566,9.997844696044922,0.0,0.0,0,0,0.3990488052368164,1
5388,195.2684404850006,39.988025436413736,11.00778579711914,0.0,0.0,0,0,0.3980979919433594,1
5389,195.2994966506958,32.199725162944596,11.064291000366211,0.0,0.0,0,0,0.3976144790649414,1
5390,195.32643866539001,37.11674911285541,11.999368667602539,0.0,0.0,0,0,0.3980979919433594,1
5391,195.35044193267822,41.66099506342064,11.002779006958008,0.0,0.0,0,0,0.3990511894226074,1
5392,195.3744387626648,41.67217088922007,10.995626449584961,0.0,0.0,0,0,0.3980979919433594,1
5393,195.3984341621399,41.67465522038075,9.994268417358398,0.0,0.0,0,0,0.3990507125854492,1
5394,195.4234426021576,39.986500529110614,12.003898620605469,0.0,0.0,0,0,0.39858150482177734,1
5395,195.44643187522888,43.49854807931635,8.999109268188477,0.0,0.0,0,0,0.3990511894226074,1
5396,195.4714388847351,41.65437518000258,9.99903678894043,0.0,0.0,0,0,0.3980979919433594,1
5397,195.49443888664246,41.666789187685644,9.996891021728516,0.0,0.0,0,0,0.39905261993408203,1
5398,195.51943397521973,40.007859820483226,11.991500854492188,0.0,0.0,0,0,0.3980979919433594,1
5399,195.54243779182434,43.471047313053845,10.005474090576172,0.0,0.0,0,0,0.3990488052368164,1
5400,195.56943941116333,38.45903593467756,11.005878448486328,0.0,0.0,0,0,0.3980979919433594,1
5401,195.5974326133728,35.722654220571826,10.00070571899414,0.0,0.0,0,0,0.399045467376709,1
5402,195.62543988227844,35.70319296543153,10.996103286743164,0.0,0.0,0,0,0.3990650177001953,1
5403,195.64943265914917,41.679210596921486,9.994745254516602,0.0,0.0,0,0,0.3990511894226074,1
5404,195.679438829422,32.253456575567895,12.996196746826172,0.0,0.0,0,0,0.3980979919433594,1
5405,195.70444083213806,39.9967959109721,10.99705696105957,0.0,0.0,0,0,0.39905261993408203,1
5406,195.7314329147339,38.47385270187218,11.993169784545898,0.0,0.0,0,0,0.3980979919433594,1
5407,195.7564389705658,38.45198434162396,11.005163192749023,0.0,0.0,0,0,0.3990516662597656,1
5408,195.78444123268127,35.7114005959983,13.99993896484375,0.0,0.0,0,0,0.3980979919433594,1
5409,195.8104338645935,38.47244108933141,10.991811752319336,0.0,0.0,0,0,0.39905309677124023,1
5410,195.8384392261505,35.70744830286984,13.000011444091797,0.0,0.0,0,0,0.3980979919433594,1
5411,195.86343336105347,40.00938635734931,9.992837905883789,0.0,0.0,0,0,0.3990516662597656,1
5412,195.88943910598755,39.984975738105,10.001659393310547,0.0,0.0,0,0,0.3980979919433594,1
5413,195.91743278503418,34.494617288824195,9.993314743041992,0.0,0.0,0,0,0.399045467376709,1
5414,195.9428470134735,39.34803696233407,10.414838790893555,0.0,0.0,0,0,0.3980979919433594,1
5415,195.96784567832947,40.00213634456186,9.990215301513672,0.0,0.0,0,0,0.39905309677124023,1
5416,195.9938452243805,38.462209995414945,10.990142822265625,0.0,0.0,0,0,0.3980979919433594,1
5417,196.0178542137146,43.46293897599038,9.001016616821289,0.0,0.0,0,0,0.3990511894226074,1
5418,196.04185247421265,40.00137333816545,10.995864868164062,0.0,0.0,0,0,0.3980979919433594,1
5419,196.06585383415222,43.484567933233116,9.996414184570312,0.0,0.0,0,0,0.3990511894226074,1
5420,196.08985257148743,39.9945075902052,11.00015640258789,0.0,0.0,0,0,0.3980979919433594,1
5421,196.11385679244995,41.65933989531292,10.00070571899414,0.0,0.0,0,0,0.39905309677124023,1
5422,196.14085292816162,38.467148464727245,12.007951736450195,0.0,0.0,0,0,0.3980979919433594,1
5423,196.16385674476624,41.66016746292673,9.003639221191406,0.0,0.0,0,0,0.3990511894226074,1
5424,196.18886137008667,41.673413017775,9.996652603149414,0.0,0.0,0,0,0.3980979919433594,1
5425,196.21485304832458,37.03677801619469,10.000944137573242,0.0,0.0,0,0,0.3990516662597656,1
5426,196.24185180664062,38.47314688265348,10.992288589477539,0.0,0.0,0,0,0.3980979919433594,1
5427,196.26585268974304,39.988025436413736,10.000467300415039,0.0,0.0,0,0,0.39905309677124023,1
5428,196.29185223579407,40.00099184588241,10.998725891113281,0.0,0.0,0,0,0.3980979919433594,1
5429,196.31484532356262,41.67838227256919,9.992599487304688,0.0,0.0,0,0,0.39905261993408203,1
5430,196.338853597641,41.65230689785299,11.0015869140625,0.0,0.0,0,0,0.3980979919433594,1
5431,196.3628535270691,43.479609396056645,9.007692337036133,0.0,0.0,0,0,0.3990511894226074,1
5432,196.38684606552124,40.010913010712684,10.993480682373047,0.0,0.0,0,0,0.3980979919433594,1
5433,196.41186356544495,41.64775740003376,10.004520416259766,0.0,0.0,0,0,0.39905309677124023,1
5434,196.43585228919983,40.007478204467844,11.00015640258789,0.0,0.0,0,0,0.3980979919433594,1
5435,196.45984745025635,41.67506930437288,9.99140739440918,0.0,0.0,0,0,0.3990511894226074,1
5436,196.48585271835327,39.990694304075056,12.00246810913086,0.0,0.0,0,0,0.3980979919433594,1
5437,196.51385235786438,35.72356698747977,9.992122650146484,0.0,0.0,0,0,0.399045467376709,1
5438,196.53985261917114,37.02794992672634,11.99960708618164,0.0,0.0,0,0,0.3980979919433594,1
5439,196.5638554096222,41.66182269679662,11.007070541381836,0.0,0.0,0,0,0.3990511894226074,1
5440,196.59085249900818,38.46573734409391,11.998891830444336,0.0,0.0,0,0,0.3980979919433594,1
5441,196.61485314369202,39.99908449361053,11.000394821166992,0.0,0.0,0,0,0.39905261993408203,1
5442,196.63985228538513,40.00137333816545,11.998891830444336,0.0,0.0,0,0,0.3980979919433594,1
5443,196.67285442352295,30.30106703462625,13.009309768676758,0.0,0.0,0,0,0.3976144790649414,1
5444,196.69985222816467,37.04004874731757,12.988090515136719,0.0,0.0,0,0,0.3980979919433594,1
5445,196.72484827041626,40.006333400101106,11.002779006958008,0.0,0.0,0,0,0.3990516662597656,1
5446,196.75284624099731,35.71687444648818,13.993501663208008,0.0,0.0,0,0,0.3980979919433594,1
5447,196.77985548973083,37.02435450412676,11.002779006958008,0.0,0.0,0,0,0.3990516662597656,1
5448,196.80585885047913,38.456567582931434,12.00413703918457,0.0,0.0,0,0,0.3980979919433594,1
5449,196.8358461856842,34.47703752414615,11.00778579711914,0.0,0.0,0,0,0.3976144790649414,1
5450,196.8628466129303,35.73604614506386,11.994600296020508,0.0,0.0,0,0,0.3980979919433594,1
5451,196.88785219192505,39.991075599965676,10.998725891113281,0.0,0.0,0,0,0.39905309677124023,1
5452,196.91384553909302,40.00862307435494,10.987281799316406,0.0,0.0,0,0,0.3980979919433594,1
5453,196.9368531703949,41.65561624788956,9.000778198242188,0.0,0.0,0,0,0.3990511894226074,1
5454,196.96284580230713,39.99260085624112,11.005163192749023,0.0,0.0,0,0,0.3980979919433594,1
5455,196.98585295677185,41.67506930437288,9.995222091674805,0.0,0.0,0,0,0.3990511894226074,1
5456,197.0108528137207,41.66471967258712,10.001659393310547,0.0,0.0,0,0,0.3980979919433594,1
5457,197.03485226631165,41.66471967258712,10.009765625,0.0,0.0,0,0,0.3990511894226074,1
5458,197.05885434150696,40.00137333816545,11.001825332641602,0.0,0.0,0,0,0.3980979919433594,1
5459,197.0828459262848,41.681281551854354,9.993553161621094,0.0,0.0,0,0,0.3990511894226074,1
5460,197.10684633255005,41.66596135697611,10.993719100952148,0.0,0.0,0,0,0.3980979919433594,1
5461,197.13284754753113,38.459741236234265,9.999752044677734,0.0,0.0,0,0,0.39905309677124023,1
5462,197.15784549713135,40.00328090873542,10.990142822265625,0.0,0.0,0,0,0.3980979919433594,1
5463,197.1838595867157,38.4407071697629,12.006759643554688,0.0,0.0,0,0,0.39905309677124023,1
5464,197.20885276794434,40.010913010712684,10.994434356689453,0.0,0.0,0,0,0.3980979919433594,1
5465,197.2338547706604,41.67879643062981,9.993553161621094,0.0,0.0,0,0,0.39905309677124023,1
5466,197.25986504554749,37.01063294713528,11.01231575012207,0.0,0.0,0,0,0.3980979919433594,1
5467,197.28486561775208,41.6821099914535,9.999275207519531,0.0,0.0,0,0,0.39905309677124023,1
5468,197.31091141700745,36.961384585558434,11.065959930419922,0.0,0.0,0,0,0.3980979919433594,1
5469,197.3479118347168,27.775192207086995,22.0034122467041,0.0,0.0,0,0,0.3976144790649414,1
5470,197.37291169166565,38.46609011454617,11.000394821166992,0.0,0.0,0,0,0.3980979919433594,1
5471,197.39691352844238,41.66347806220262,9.998798370361328,0.0,0.0,0,0,0.3990511894226074,1
5472,197.4219114780426,40.00328090873542,11.000394821166992,0.0,0.0,0,0,0.3980979919433594,1
5473,197.44791221618652,38.46044656366054,9.000539779663086,0.0,0.0,0,0,0.39905214309692383,1
5474,197.4739124774933,38.46115191695781,11.001825332641602,0.0,0.0,0,0,0.3980979919433594,1
5475,197.49791502952576,41.662236525816,10.003089904785156,0.0,0.0,0,0,0.3980574607849121,1
5476,197.51991176605225,45.4612891687712,7.00068473815918,0.0,0.0,1,0,0.3976140022277832,0
5477,197.54091095924377,47.620877187006826,6.998777389526367,0.0,0.0,0,0,0.4006638526916504,0
5478,197.56690526008606,38.46997101661958,6.994009017944336,0.0,0.0,1,0,0.3976140022277832,0
5479,197.59290671348572,38.4593885822223,8.999347686767578,0.0,0.0,0,0,0.3990478515625,0
5480,197.62091255187988,35.70684033541906,6.996393203735352,0.0,0.0,1,0,0.3976140022277832,0
5481,197.642911195755,45.45734753817642,5.999088287353516,0.0,0.0,0,0,0.4015030860900879,0
5482,197.67196393013,34.42016806722689,7.994651794433594,0.0,0.0,1,0,0.3976140022277832,0
5483,197.69596409797668,43.48366629689914,6.000280380249023,0.0,0.0,0,0,0.3990445137023926,0
5484,197.72296524047852,35.70896831207751,5.999565124511719,0.0,0.0,1,0,0.3976140022277832,0
5485,197.74796891212463,41.65313418606499,5.004167556762695,0.0,0.0,0,0,0.3990445137023926,0
5486,197.77596831321716,34.488377256095056,7.999658584594727,0.0,0.0,1,0,0.3976140022277832,0
5487,197.79896903038025,43.47690521602123,5.0048828125,0.0,0.0,0,0,0.3990445137023926,0
5488,197.82796216011047,35.71200871875213,7.000207901000977,0.0,0.0,1,0,0.3976140022277832,0
5489,197.8489646911621,45.46720289650836,4.992961883544922,0.0,0.0,0,0,0.3990445137023926,0
5490,197.87496900558472,38.455157238470704,6.000041961669922,0.0,0.0,1,0,0.3976140022277832,0
5491,197.8979721069336,45.44946632713876,5.002737045288086,0.0,0.0,0,0,0.40113306045532227,0
5492,197.92496180534363,37.03481585476764,5.998134613037109,0.0,0.0,1,0,0.3976140022277832,0
5493,197.9569709300995,30.305007839425446,6.002187728881836,0.0,0.0,0,0,0.3976140022277832,0
5494,197.9839687347412,37.04004874731757,5.996942520141602,0.0,0.0,1,0,0.3976140022277832,0
5495,198.00598430633545,45.42239549491011,6.014108657836914,0.0,0.0,0,0,0.40070343017578125,0
5496,198.027019739151,47.53883643699917,6.997346878051758,0.0,0.0,1,0,0.3976140022277832,0
5497,198.04902124404907,45.45143637368472,5.00178337097168,0.0,0.0,0,0,0.40113306045532227,0
5498,198.07001876831055,47.62466220052231,5.997180938720703,0.0,0.0,1,0,0.3976140022277832,0
5499,198.09002113342285,49.99408791837513,5.007266998291016,0.0,0.0,0,0,0.3990445137023926,0
5500,198.11102199554443,47.61709277507833,6.001710891723633,0.0,0.0,1,0,0.3976140022277832,0
5501,198.13102006912231,50.00481651923031,5.00035285949707,0.0,0.0,0,0,0.40115976333618164,0
5502,198.1530191898346,45.45636223732267,6.999969482421875,0.0,0.0,1,0,0.3976140022277832,0
5503,198.1730134487152,52.630110171405626,4.996299743652344,0.0,0.0,0,0,0.40084266662597656,0
5504,198.19701528549194,41.66596135697611,6.998538970947266,0.0,0.0,1,0,0.3976144790649414,0
5505,198.22601985931396,33.333630034650476,15.00701904296875,0.0,0.0,0,0,0.399045467376709,0
5506,198.2470223903656,47.61330896459343,6.003618240356445,0.0,0.0,1,0,0.3976144790649414,0
5507,198.2680218219757,47.620336519902814,5.0067901611328125,0.0,0.0,0,0,0.3990449905395508,0
5508,198.28901886940002,47.625743743470956,6.999492645263672,0.0,0.0,1,0,0.3976144790649414,0
5509,198.31102776527405,45.436172978594335,5.008459091186523,0.0,0.0,0,0,0.3990449905395508,0
5510,198.3330192565918,45.472132178362735,5.997419357299805,0.0,0.0,1,0,0.3976144790649414,0
5511,198.3540222644806,50.01614615008526,4.992961883544922,0.0,0.0,0,0,0.4006013870239258,0
5512,198.37401914596558,47.604662512626696,6.997108459472656,0.0,0.0,1,0,0.3976144790649414,0
5513,198.39502239227295,47.61168751560833,4.998445510864258,0.0,0.0,0,0,0.4011201858520508,0
5514,198.41702556610107,47.6268253355438,4.999399185180664,0.0,0.0,1,0,0.3976144790649414,0
5515,198.43601250648499,50.01614615008526,4.992008209228516,0.0,0.0,0,0,0.40076255798339844,0
5516,198.4580147266388,47.59763958238765,6.002187728881836,0.0,0.0,1,0,0.3976144790649414,0
5517,198.4850196838379,35.71717859849614,6.000280380249023,0.0,0.0,0,0,0.3990488052368164,0
5518,198.50702500343323,47.61871459225031,5.999565124511719,0.0,0.0,1,0,0.3976144790649414,0
5519,198.53201341629028,38.47102958037147,10.000228881835938,0.0,0.0,0,0,0.3990488052368164,0
5520,198.55402159690857,45.437649633296864,5.944252014160156,0.0,0.0,1,0,0.3976144790649414,0
5521,198.57801795005798,41.67299896669581,5.004405975341797,0.0,0.0,0,0,0.3990488052368164,0
5522,198.60502004623413,37.03416184715907,10.99538803100586,0.0,0.0,1,0,0.3976144790649414,0
5523,198.6250195503235,50.00123980735301,5.001068115234375,0.0,0.0,0,0,0.4006819725036621,0
5524,198.6480197906494,45.46917448100168,5.993366241455078,0.0,0.0,1,0,0.3976144790649414,0
5525,198.67001867294312,43.4665423078916,6.00123405456543,0.0,0.0,0,0,0.4007244110107422,0
5526,198.69401335716248,41.67589749704395,8.000373840332031,0.0,0.0,1,0,0.3976292610168457,0
5527,198.71701312065125,45.442080173347776,4.998207092285156,0.0,0.0,0,0,0.40049266815185547,0
5528,198.74002051353455,41.66471967258712,7.00688362121582,0.0,0.0,1,0,0.40049266815185547,0
5529,198.7630226612091,43.47420137233359,7.000446319580078,0.0,0.0,0,0,0.39887142181396484,0
5530,198.7940194606781,33.34025420697439,9.997367858886719,0.0,0.0,1,0,0.40227413177490234,0
5531,198.82601928710938,30.300410333468186,8.003473281860352,0.0,0.0,1,0,0.398923397064209,0
5532,198.85701370239258,32.26387692307692,8.00013542175293,0.0,0.0,1,0,0.4008631706237793,0
5533,198.90001821517944,23.253373546076485,14.00446891784668,0.0,0.0,1,0,0.3976144790649414,1
5534,198.94601488113403,21.740706184818894,14.000415802001953,0.0,0.0,0,0,0.3980979919433594,1
5535,198.97702169418335,32.25097653246394,11.002302169799805,0.0,0.0,0,0,0.3976144790649414,1
5536,199.0080201625824,33.33283531085345,11.998891830444336,0.0,0.0,0,0,0.3980979919433594,1
5537,199.03502225875854,35.71413731150109,10.999679565429688,0.0,0.0,0,0,0.3976144790649414,1
5538,199.0640196800232,35.72478408258522,11.991262435913086,0.0,0.0,0,0,0.3980979919433594,1
5539,199.09201407432556,35.69863480066728,11.013269424438477,0.0,0.0,0,0,0.39906740188598633,1
5540,199.12102246284485,33.337604222139205,14.010190963745117,0.0,0.0,0,0,0.3994560241699219,1
5541,199.1470227241516,38.46115191695781,10.006189346313477,0.0,0.0,0,0,0.40042781829833984,1
5542,199.1770143508911,34.49178063041208,11.993408203125,0.0,0.0,0,0,0.3995537757873535,1
5543,199.20501279830933,34.48554162384378,12.993335723876953,0.0,0.0,0,0,0.39910221099853516,1
5544,199.23502230644226,33.322772088441155,12.003421783447266,0.0,0.0,0,0,0.3990969657897949,1
5545,199.26601219177246,33.343699817155574,9.992361068725586,0.0,0.0,0,0,0.39916515350341797,1
5546,199.29702019691467,31.242953340087002,13.005495071411133,0.0,0.0,0,0,0.39933300018310547,1
5547,199.33201932907104,29.411421519129362,10.999917984008789,0.0,0.0,0,0,0.3976144790649414,1
5548,199.35901951789856,35.715657890255116,12.000799179077148,0.0,0.0,0,0,0.3980979919433594,1
5549,199.38602209091187,37.03350786264867,11.00921630859375,0.0,0.0,0,0,0.3976144790649414,1
5550,199.41401314735413,35.72569695834007,11.993885040283203,0.0,0.0,0,0,0.3980979919433594,1
5551,199.44101929664612,38.4618572961275,9.999513626098633,0.0,0.0,0,0,0.3976144790649414,1
5552,199.46902680397034,34.46627168366299,13.005256652832031,0.0,0.0,0,0,0.39858150482177734,1
5553,199.4960231781006,38.47138244790138,9.992837905883789,0.0,0.0,0,0,0.3976144790649414,1
5554,199.52504324913025,34.458343260407,13.027667999267578,0.0,0.0,0,0,0.3976144790649414,1
5555,199.55204343795776,37.0393945548795,10.999679565429688,0.0,0.0,0,0,0.3979020118713379,1
5556,199.58306121826172,32.257425437989326,12.998104095458984,0.0,0.0,0,0,0.40412092208862305,1
5557,199.6170506477356,28.562408493193598,11.010169982910156,0.0,0.0,0,0,0.39935970306396484,1
5558,199.647047996521,33.33627938768698,13.001680374145508,0.0,0.0,0,0,0.40044498443603516,1
5559,199.67404770851135,37.03743211620822,11.004924774169922,0.0,0.0,0,0,0.39937925338745117,1
5560,199.70303916931152,34.49291523778979,12.997627258300781,0.0,0.0,0,0,0.4016866683959961,1
5561,199.73104643821716,35.705016557277965,12.006759643554688,0.0,0.0,0,0,0.3996400833129883,1
5562,199.76005458831787,34.473070379472176,13.01264762878418,0.0,0.0,0,0,0.40062808990478516,1
5563,199.7940480709076,29.417403684974644,17.00282096862793,0.0,0.0,0,0,0.3976144790649414,2
5564,199.83004331588745,28.569801578922274,19.007205963134766,0.0,0.0,0,0,0.3996291160583496,2
5565,199.86204290390015,31.252265140677157,15.004873275756836,0.0,0.0,0,0,0.3976144790649414,2
5566,199.8930468559265,31.25086801674937,15.993595123291016,0.0,0.0,0,0,0.3995084762573242,2
5567,199.92404532432556,33.337604222139205,14.998912811279297,0.0,0.0,0,0,0.3976144790649414,2
5568,199.9550757408142,31.218071526924938,17.0285701751709,0.0,0.0,0,0,0.3995084762573242,2
5569,199.98807787895203,30.30106703462625,15.012264251708984,0.0,0.0,0,0,0.3976144790649414,2
5570,200.0200719833374,31.255758497090014,17.004728317260742,0.0,0.0,0,0,0.3995084762573242,2
5571,200.04907178878784,34.482989953466955,14.998197555541992,0.0,0.0,0,0,0.3976144790649414,2
5572,200.0800654888153,32.26462149126518,17.000198364257812,0.0,0.0,0,0,0.40124082565307617,2
5573,200.1090714931488,34.4756205819497,14.996528625488281,0.0,0.0,0,0,0.3976144790649414,2
5574,200.1380753517151,34.478171161766035,16.00360870361328,0.0,0.0,0,0,0.39979076385498047,2
5575,200.1670753955841,34.48270645784519,15.003681182861328,0.0,0.0,0,0,0.3976144790649414,2
5576,200.1970784664154,33.32992164778055,17.00568199157715,0.0,0.0,0,0,0.3996291160583496,2
5577,200.22507309913635,35.72113304604064,14.000415802001953,0.0,0.0,0,0,0.3976144790649414,2
5578,200.25507187843323,33.33468972533062,16.00027084350586,0.0,0.0,0,0,0.3995084762573242,2
5579,200.2830650806427,35.72295847102511,14.99319076538086,0.0,0.0,0,0,0.3976144790649414,2
5580,200.31280660629272,33.62302296685238,15.733003616333008,0.0,0.0,0,0,0.39979076385498047,2
5581,200.34381651878357,33.33124597693842,13.99540901184082,0.0,0.0,0,0,0.3976144790649414,2
5582,200.3748059272766,31.252498006810374,16.989946365356445,0.0,0.0,0,0,0.3997359275817871,2
5583,200.40481328964233,34.47108714947895,15.00248908996582,0.0,0.0,0,0,0.3976144790649414,2
5584,200.43481636047363,32.257425437989326,16.99995994567871,0.0,0.0,0,0,0.3995485305786133,2
5585,200.46481275558472,33.337339246824676,16.00027084350586,0.0,0.0,0,0,0.3976144790649414,2
5586,200.4958131313324,32.25767352432224,16.99995994567871,0.0,0.0,0,0,0.40015316009521484,2
5587,200.52480602264404,35.70106567702836,15.011072158813477,0.0,0.0,0,0,0.3976144790649414,2
5588,200.55380725860596,33.3513887453185,15.993356704711914,0.0,0.0,0,0,0.3997764587402344,2
5589,200.5820553302765,35.40064651716309,15.23900032043457,0.0,0.0,0,0,0.3976144790649414,2
5590,200.61205196380615,33.337074275722294,16.00027084350586,0.0,0.0,0,0,0.3997359275817871,2
5591,200.64105224609375,35.71413731150109,15.000104904174805,0.0,0.0,0,0,0.3976144790649414,2
5592,200.6710524559021,32.25767352432224,16.99995994567871,0.0,0.0,0,0,0.39979028701782227,2
5593,200.70405507087708,30.30062923069143,16.00050926208496,0.0,0.0,0,0,0.3976144790649414,2
5594,200.7360520362854,31.252963749487723,17.995595932006836,0.0,0.0,0,0,0.39981698989868164,2
5595,200.76711297035217,32.19478196793037,16.060829162597656,0.0,0.0,0,0,0.3976144790649414,2
5596,200.80104804039001,29.468039962342097,18.99862289428711,0.0,0.0,0,0,0.3995490074157715,2
5597,200.8320541381836,32.25172050534798,16.00170135498047,0.0,0.0,0,0,0.3976144790649414,2
5598,200.86706018447876,28.566493672782748,17.008066177368164,0.0,0.0,0,0,0.39979076385498047,2
5599,200.89705324172974,33.341049284578695,15.001296997070312,0.0,0.0,0,0,0.3976144790649414,2
5600,200.92905235290527,31.25086801674937,17.999649047851562,0.0,0.0,0,0,0.3995490074157715,2
5601,200.95804858207703,34.487242947236865,15.003204345703125,0.0,0.0,0,0,0.3976144790649414,2
5602,200.9900553226471,31.24341879832546,17.999649047851562,0.0,0.0,0,0,0.40035438537597656,2
5603,201.01905465126038,34.48355695869508,14.998912811279297,0.0,0.0,0,0,0.3976144790649414,2
5604,201.04905247688293,34.48525808626445,15.000104904174805,0.0,0.0,0,0,0.3995490074157715,2
5605,201.07905316352844,32.257425437989326,13.99850845336914,0.0,0.0,0,0,0.3976144790649414,2
5606,201.1100525856018,32.258665907814894,17.00448989868164,0.0,0.0,0,0,0.39971065521240234,2
5607,201.13887286186218,34.69779369793433,15.022993087768555,0.0,0.0,0,0,0.3976144790649414,2
5608,201.16779160499573,34.57964944679869,15.928030014038086,0.0,0.0,0,0,0.3995084762573242,2
5609,201.19592452049255,35.545551619518974,15.136957168579102,0.0,0.0,0,0,0.3976144790649414,2
5610,201.22487545013428,34.54120514868771,14.941692352294922,0.0,0.0,0,0,0.39979076385498047,2
5611,201.2528624534607,37.05542892481668,13.989925384521484,0.0,0.0,0,0,0.3976144790649414,2
5612,201.2828631401062,32.25692927677116,17.99488067626953,0.0,0.0,0,0,0.3996295928955078,2
5613,201.311861038208,34.48525808626445,14.999866485595703,0.0,0.0,0,0,0.3976144790649414,2
5614,201.3418664932251,33.32727330515208,15.921592712402344,0.0,0.0,0,0,0.3995485305786133,2
5615,201.37087178230286,34.47647073329114,15.00391960144043,0.0,0.0,0,0,0.3976144790649414,2
5616,201.40186858177185,32.26139527728636,17.99917221069336,0.0,0.0,0,0,0.40059614181518555,2
5617,201.43787717819214,27.771146320953978,16.008853912353516,0.0,0.0,0,0,0.3976144790649414,2
5618,201.46887469291687,32.26065085799112,17.006397247314453,0.0,0.0,0,0,0.3997764587402344,2
5619,201.49886846542358,33.34025420697439,14.006853103637695,0.0,0.0,0,0,0.3976144790649414,2
5620,201.5298626422882,33.34184440010493,16.999483108520508,0.0,0.0,0,0,0.3996291160583496,2
5621,201.55886912345886,34.48072211900495,15.001535415649414,0.0,0.0,0,0,0.3976144790649414,2
5622,201.58886861801147,32.25172050534798,16.997098922729492,0.0,0.0,0,0,0.3995485305786133,2
5623,201.6178731918335,34.477320926562214,16.004562377929688,0.0,0.0,0,0,0.3976144790649414,2
5624,201.64886808395386,33.32647888443049,16.01099967956543,0.0,0.0,0,0,0.3995485305786133,2
5625,201.67986273765564,32.27380732533087,16.000986099243164,0.0,0.0,0,0,0.3976144790649414,2
5626,201.71487045288086,27.772985213976863,21.008014678955078,0.0,0.0,0,0,0.399871826171875,2
5627,201.74486827850342,33.335749483388966,16.000032424926758,0.0,0.0,0,0,0.3976144790649414,2
5628,201.77986240386963,28.57622499591214,19.994735717773438,0.0,0.0,0,0,0.3995084762573242,2
5629,201.81787300109863,27.013144929123005,19.008874893188477,0.0,0.0,0,0,0.3976144790649414,2
5630,201.8518681526184,28.582261746567173,16.000032424926758,0.0,0.0,0,0,0.39979076385498047,2
5631,201.8818690776825,34.48157252197075,15.001773834228516,0.0,0.0,0,0,0.3976144790649414,2
5632,201.9138684272766,31.25203227801414,16.999483108520508,0.0,0.0,0,0,0.3997359275817871,2
5633,201.94386744499207,33.33283531085345,14.998912811279297,0.0,0.0,0,0,0.3976144790649414,2
5634,201.973863363266,32.2623878897897,15.991687774658203,0.0,0.0,0,0,0.3996701240539551,2
5635,202.0028736591339,34.47052055424974,15.012264251708984,0.0,0.0,0,0,0.3976144790649414,2
5636,202.0328619480133,33.34635077118779,14.990568161010742,0.0,0.0,0,0,0.39971065521240234,2
5637,202.0609257221222,35.63312604071091,14.065742492675781,0.0,0.0,0,0,0.3976144790649414,2
5638,202.09087109565735,33.39414012738853,15.998601913452148,0.0,0.0,0,0,0.3996100425720215,2
5639,202.11986780166626,34.486675820787525,14.999628067016602,0.0,0.0,0,0,0.3976144790649414,2
5640,202.1498622894287,33.33945916728932,15.992164611816406,0.0,0.0,0,0,0.3996701240539551,2
5641,202.18286299705505,30.302380522342233,15.001773834228516,0.0,0.0,0,0,0.3976144790649414,2
5642,202.21386766433716,32.253208554093646,15.996456146240234,0.0,0.0,0,0,0.3996701240539551,2
5643,202.24286770820618,34.48270645784519,15.00701904296875,0.0,0.0,0,0,0.3976144790649414,2
5644,202.27287602424622,33.32409584948834,16.0067081451416,0.0,0.0,0,0,0.3996295928955078,2
5645,202.30187392234802,34.48525808626445,15.01154899597168,0.0,0.0,0,0,0.3976144790649414,2
5646,202.3318691253662,33.33866416552075,16.997098922729492,0.0,0.0,0,0,0.39971017837524414,2
5647,202.36186742782593,33.33521959593712,16.998767852783203,0.0,0.0,0,0,0.3976144790649414,2
5648,202.3918685913086,33.33204062495033,16.000747680664062,0.0,0.0,0,0,0.3995084762573242,2
5649,202.4208722114563,34.478454582819566,16.008853912353516,0.0,0.0,0,0,0.3976144790649414,2
5650,202.45186114311218,32.269586157550954,16.99352264404297,0.0,0.0,0,0,0.39946794509887695,2
5651,202.48187065124512,33.322772088441155,16.002655029296875,0.0,0.0,0,0,0.3976144790649414,2
5652,202.51186347007751,33.341314318873756,15.995025634765625,0.0,0.0,0,0,0.39970970153808594,2
5653,202.54686164855957,29.414309157468058,15.993595123291016,0.0,0.0,0,0,0.3976144790649414,2
5654,202.57793498039246,31.17746227607225,17.074108123779297,0.0,0.0,0,0,0.39971065521240234,2
5655,202.60786986351013,33.40584281117589,16.00790023803711,0.0,0.0,0,0,0.3976144790649414,2
5656,202.63986778259277,32.25519283269889,18.00537109375,0.0,0.0,0,0,0.4005155563354492,2
5657,202.66986894607544,32.26189157590302,16.007661819458008,0.0,0.0,0,0,0.3976144790649414,2
5658,202.7018744945526,31.244582504599936,18.006324768066406,0.0,0.0,0,0,0.3995490074157715,2
5659,202.73386240005493,31.261815498595034,17.991304397583008,0.0,0.0,0,0,0.3976144790649414,2
5660,202.76592302322388,31.190909631744898,18.055200576782227,0.0,0.0,0,0,0.399871826171875,2
5661,202.79686975479126,32.31359013867488,17.00901985168457,0.0,0.0,0,0,0.3976144790649414,2
5662,202.8298716545105,31.249238196705434,17.002344131469727,0.0,0.0,0,0,0.39979076385498047,2
5663,202.8598747253418,32.25370460085665,16.00337028503418,0.0,0.0,0,0,0.3976144790649414,2
5664,202.88986802101135,33.34078425449718,16.00050926208496,0.0,0.0,0,0,0.3996701240539551,2
5665,202.92486786842346,28.571553133514985,16.999006271362305,0.0,0.0,0,0,0.3976144790649414,2
5666,202.95586824417114,32.25767352432224,15.997886657714844,0.0,0.0,0,0,0.3996701240539551,2
5667,202.98586750030518,34.48355695869508,14.990806579589844,0.0,0.0,0,0,0.3976144790649414,2
5668,203.01587295532227,33.34051922862911,14.992713928222656,0.0,0.0,0,0,0.39971065521240234,2
5669,203.04386234283447,34.48128904965472,15.000343322753906,0.0,0.0,0,0,0.3976144790649414,2
5670,203.07387471199036,34.46598846286588,15.005111694335938,0.0,0.0,0,0,0.3996701240539551,2
5671,203.1258749961853,18.868443308801037,15.000104904174805,0.0,0.0,0,0,0.3976144790649414,2
5672,203.1548683643341,34.490646097675295,14.98556137084961,0.0,0.0,0,0,0.3996295928955078,2
5673,203.18286848068237,35.71413731150109,14.000177383422852,0.0,0.0,0,0,0.3976144790649414,2
5674,203.212881565094,33.31880143624289,16.002893447875977,0.0,0.0,0,0,0.39971065521240234,2
5675,203.24187469482422,35.72295847102511,13.99683952331543,0.0,0.0,0,0,0.3976144790649414,2
5676,203.27093935012817,33.26172878667724,16.070127487182617,0.0,0.0,0,0,0.40003204345703125,2
5677,203.30387496948242,30.362264915811267,15.943765640258789,0.0,0.0,0,0,0.3976144790649414,2
5678,203.33487057685852,32.26263605245952,15.991926193237305,0.0,0.0,0,0,0.3995485305786133,2
5679,203.3622350692749,36.54370725332171,14.359474182128906,0.0,0.0,0,0,0.3976144790649414,2
5680,203.39224338531494,34.48128904965472,14.99176025390625,0.0,0.0,0,0,0.39971065521240234,2
5681,203.42024207115173,34.475903961071516,15.00082015991211,0.0,0.0,0,0,0.3976144790649414,2
5682,203.4512414932251,33.333894951004154,16.00027084350586,0.0,0.0,0,0,0.3996295928955078,2
5683,203.48124384880066,32.25568894049972,17.001867294311523,0.0,0.0,0,0,0.3976144790649414,2
5684,203.5122413635254,32.26065085799112,17.000198364257812,0.0,0.0,0,0,0.39971017837524414,2
5685,203.54130101203918,34.41197850432785,16.0677433013916,0.0,0.0,0,0,0.3976144790649414,2
5686,203.57124137878418,33.39972447622612,16.00027084350586,0.0,0.0,0,0,0.39970970153808594,2
5687,203.60024404525757,34.47958831363135,16.002893447875977,0.0,0.0,0,0,0.3976144790649414,2
5688,203.6302502155304,33.32647888443049,17.00592041015625,0.0,0.0,0,0,0.3998708724975586,2
5689,203.66424107551575,29.419673419000056,17.00568199157715,0.0,0.0,0,0,0.3976144790649414,2
5690,203.69624423980713,31.246910177231786,17.002344131469727,0.0,0.0,0,0,0.3995490074157715,2
5691,203.7262418270111,33.336014433432155,15.999794006347656,0.0,0.0,0,0,0.3976144790649414,2
5692,203.7582356929779,32.265117889149586,16.980648040771484,0.0,0.0,0,0,0.3996295928955078,2
5693,203.78824400901794,32.248744819738434,16.009092330932617,0.0,0.0,0,0,0.3976144790649414,2
5694,203.8212432861328,30.303694123937028,19.008874893188477,0.0,0.0,0,0,0.3996701240539551,2
5695,203.8512420654297,34.479304873938524,14.998435974121094,0.0,0.0,0,0,0.3976144790649414,2
5696,203.88124132156372,32.263132389252554,16.999244689941406,0.0,0.0,0,0,0.3996701240539551,2
5697,203.91024088859558,34.483273453750215,14.9993896484375,0.0,0.0,0,0,0.3976144790649414,2
5698,203.94024395942688,33.32992164778055,16.002893447875977,0.0,0.0,0,0,0.3995485305786133,2
5699,203.96924138069153,34.48582516608564,14.999866485595703,0.0,0.0,0,0,0.3976144790649414,2
5700,203.99924206733704,34.47958831363135,16.00170135498047,0.0,0.0,0,0,0.4005155563354492,2
5701,204.0312421321869,31.25901966775725,14.998912811279297,0.0,0.0,0,0,0.3976144790649414,2
5702,204.0612416267395,32.25097653246394,15.999794006347656,0.0,0.0,0,0,0.3996295928955078,2
5703,204.09123420715332,34.48157252197075,14.998674392700195,0.0,0.0,0,0,0.3976144790649414,2
5704,204.12129163742065,32.20714280229442,17.050504684448242,0.0,0.0,0,0,0.39946794509887695,2
5705,204.15029621124268,35.715049643216,14.000415802001953,0.0,0.0,0,0,0.3976144790649414,2
5706,204.18029356002808,32.255440884691694,17.003536224365234,0.0,0.0,0,0,0.39971065521240234,2
5707,204.21029329299927,34.48128904965472,14.003753662109375,0.0,0.0,0,0,0.3976144790649414,2
5708,204.2392919063568,33.33654434615354,16.001462936401367,0.0,0.0,0,0,0.3996701240539551,2
5709,204.26728463172913,35.72356698747977,14.994382858276367,0.0,0.0,0,0,0.3976144790649414,2
5710,204.297283411026,34.4756205819497,15.000104904174805,0.0,0.0,0,0,0.3996701240539551,2
5711,204.32628512382507,33.33945916728932,15.994787216186523,0.0,0.0,0,0,0.3976144790649414,2
5712,204.35630059242249,33.31615486043815,17.006874084472656,0.0,0.0,0,0,0.39970970153808594,2
5713,204.38829064369202,31.259718578583353,14.998197555541992,0.0,0.0,0,0,0.3976144790649414,2
5714,204.42029523849487,32.25519283269889,16.999006271362305,0.0,0.0,0,0,0.3998708724975586,2
5715,204.44929027557373,33.336809308831945,15.997648239135742,0.0,0.0,0,0,0.3976144790649414,2
5716,204.47929096221924,33.332570411342104,16.997575759887695,0.0,0.0,0,0,0.40003204345703125,2
5717,204.50834584236145,34.41762606162557,16.063451766967773,0.0,0.0,0,0,0.3976144790649414,2
5718,204.54228520393372,30.353695515302395,16.927480697631836,0.0,0.0,0,0,0.3995485305786133,2
5719,204.57129645347595,33.3270084940367,16.002416610717773,0.0,0.0,0,0,0.3976144790649414,2
5720,204.60228395462036,32.271075855383124,16.99352264404297,0.0,0.0,0,0,0.399630069732666,2
5721,204.6312940120697,34.47080384953607,15.005826950073242,0.0,0.0,0,0,0.3976144790649414,2
5722,204.66435718536377,30.245130771505007,19.067049026489258,0.0,0.0,0,0,0.39946794509887695,2
5723,204.69529104232788,32.327038983860774,16.00050926208496,0.0,0.0,0,0,0.3976144790649414,2
5724,204.7272937297821,31.24737575337669,18.009185791015625,0.0,0.0,0,0,0.3996100425720215,2
5725,204.7612907886505,29.414309157468058,15.999794006347656,0.0,0.0,0,0,0.3976144790649414,2
5726,204.7972855567932,27.781815291475958,19.997835159301758,0.0,0.0,0,0,0.39979124069213867,2
5727,204.83229160308838,29.407091124525866,16.006946563720703,0.0,0.0,0,0,0.3976144790649414,2
5728,204.86328530311584,32.2648696882981,15.991449356079102,0.0,0.0,0,0,0.3995485305786133,2
5729,204.8922836780548,34.483273453750215,14.99319076538086,0.0,0.0,0,0,0.3976144790649414,2
5730,204.922283411026,32.258665907814894,16.992807388305664,0.0,0.0,0,0,0.3996701240539551,2
5731,204.9512906074524,34.474203756215836,15.000104904174805,0.0,0.0,0,0,0.3976144790649414,2
5732,204.98429036140442,31.250402336532158,17.99941062927246,0.0,0.0,0,0,0.3996696472167969,2
5733,205.0142903327942,33.33310021457522,16.007184982299805,0.0,0.0,0,0,0.3976144790649414,2
5734,205.04329204559326,33.33151085539909,15.998363494873047,0.0,0.0,0,0,0.3996701240539551,2
5735,205.07329154014587,33.333894951004154,16.005992889404297,0.0,0.0,0,0,0.3976144790649414,2
5736,205.1072838306427,29.418435338841583,18.98956298828125,0.0,0.0,0,0,0.39958953857421875,2
5737,205.14029026031494,31.243651532645536,13.999700546264648,0.0,0.0,0,0,0.3976144790649414,2
5738,205.1712908744812,31.24947101773208,17.000675201416016,0.0,0.0,0,0,0.39946794509887695,2
5739,205.20029020309448,34.48355695869508,14.997243881225586,0.0,0.0,0,0,0.3976144790649414,2
5740,205.23029088974,33.332570411342104,15.993595123291016,0.0,0.0,0,0,0.39971017837524414,2
5741,205.25997281074524,33.69054178882686,15.547037124633789,0.0,0.0,0,0,0.3976144790649414,2
5742,205.28996586799622,34.490646097675295,14.999628067016602,0.0,0.0,0,0,0.3996701240539551,2
5743,205.3179693222046,34.4790214389057,14.9993896484375,0.0,0.0,0,0,0.3976144790649414,2
5744,205.35197067260742,29.410596583737693,20.010948181152344,0.0,0.0,0,0,0.4013214111328125,2
5745,205.38196635246277,33.33813418540509,16.000032424926758,0.0,0.0,0,0,0.3976144790649414,2
5746,205.4129683971405,32.25593700012305,16.000986099243164,0.0,0.0,0,0,0.39970970153808594,2
5747,205.4429681301117,33.333630034650476,16.008377075195312,0.0,0.0,0,0,0.3976144790649414,2
5748,205.47296595573425,33.335749483388966,16.99972152709961,0.0,0.0,0,0,0.3996100425720215,2
5749,205.50596594810486,30.303037308903853,15.999555587768555,0.0,0.0,0,0,0.3976144790649414,2
5750,205.53896594047546,31.256224336952553,16.98136329650879,0.0,0.0,0,0,0.40003204345703125,2
5751,205.5689661502838,32.25122451961154,16.004562377929688,0.0,0.0,0,0,0.3976144790649414,2
5752,205.59897303581238,33.325684501581144,17.006635665893555,0.0,0.0,0,0,0.39946794509887695,2
5753,205.62797331809998,34.482422966884805,14.993667602539062,0.0,0.0,0,0,0.3976144790649414,2
5754,205.6589696407318,32.26189157590302,17.00425148010254,0.0,0.0,0,0,0.39946794509887695,2
5755,205.69195938110352,31.25878670442689,16.991615295410156,0.0,0.0,0,0,0.3976144790649414,2
5756,205.7269606590271,28.5241424335573,19.057512283325195,0.0,0.0,0,0,0.3996291160583496,2
5757,205.75896573066711,31.30755163430892,16.99376106262207,0.0,0.0,0,0,0.3976144790649414,2
5758,205.79096817970276,30.295376570095417,18.00823211669922,0.0,0.0,0,0,0.39971017837524414,2
5759,205.82196593284607,32.260402725860295,16.99972152709961,0.0,0.0,0,0,0.3976144790649414,2
5760,205.85296893119812,32.25494478452121,17.009258270263672,0.0,0.0,0,0,0.39958953857421875,2
5761,205.88897609710693,28.569801578922274,16.00360870361328,0.0,0.0,0,0,0.3976144790649414,2
5762,205.92096638679504,30.30719761837665,15.998125076293945,0.0,0.0,0,0,0.3996295928955078,2
5763,205.95196628570557,33.33124597693842,14.998912811279297,0.0,0.0,0,0,0.3976144790649414,2
5764,205.98197293281555,32.253208554093646,16.007423400878906,0.0,0.0,0,0,0.3996701240539551,2
5765,206.01196575164795,33.341314318873756,15.992879867553711,0.0,0.0,0,0,0.3976144790649414,2
5766,206.0429618358612,32.26213973093756,16.996383666992188,0.0,0.0,0,0,0.39971065521240234,2
5767,206.07296633720398,33.32833259169792,16.005277633666992,0.0,0.0,0,0,0.3976144790649414,2
5768,206.102961063385,33.33919416248698,16.00193977355957,0.0,0.0,0,0,0.39971065521240234,2
5769,206.1319658756256,34.47703752414615,14.998912811279297,0.0,0.0,0,0,0.3976144790649414,2
5770,206.1619701385498,34.483273453750215,14.999866485595703,0.0,0.0,0,0,0.3996701240539551,2
5771,206.1909601688385,33.33919416248698,15.993595123291016,0.0,0.0,0,0,0.3976144790649414,2
5772,206.22096610069275,34.475903961071516,15.999794006347656,0.0,0.0,0,0,0.3996701240539551,2
5773,206.25296425819397,30.304569921606877,16.0062313079834,0.0,0.0,0,0,0.3976144790649414,2
5774,206.29296207427979,25.001365020892568,19.99974250793457,0.0,0.0,0,0,0.3995485305786133,2
5775,206.32996129989624,27.02759269521735,16.999483108520508,0.0,0.0,0,0,0.3976144790649414,2
5776,206.36396503448486,30.294501303710337,17.00425148010254,0.0,0.0,0,0,0.3996295928955078,2
5777,206.39797163009644,29.37105403209994,18.055200576782227,0.0,0.0,0,0,0.3976144790649414,2
5778,206.43196654319763,29.45438202247191,18.009424209594727,0.0,0.0,0,0,0.40003204345703125,2
5779,206.47396683692932,23.809762771132895,16.989469528198242,0.0,0.0,0,0,0.3976144790649414,2
5780,206.5059654712677,31.25203227801414,16.997814178466797,0.0,0.0,0,0,0.39971017837524414,2
5781,206.54596662521362,24.38988422331932,16.000747680664062,0.0,0.0,0,0,0.3976144790649414,2
5782,206.57796216011047,31.254361060812673,17.985820770263672,0.0,0.0,0,0,0.40003204345703125,2
5783,206.60900115966797,32.21753324064615,16.04294776916504,0.0,0.0,0,0,0.3976144790649414,2
5784,206.64197325706482,30.328674210925918,18.013954162597656,0.0,0.0,0,0,0.3996696472167969,2
5785,206.67796993255615,27.78034322199482,17.003774642944336,0.0,0.0,0,0,0.3976144790649414,2
5786,206.71295976638794,28.57972989547418,18.990039825439453,0.0,0.0,0,0,0.3995485305786133,2
5787,206.74395895004272,32.25891401322873,16.989469528198242,0.0,0.0,0,0,0.3976144790649414,2
5788,206.7769751548767,30.288157134604276,19.015789031982422,0.0,0.0,0,0,0.399871826171875,2
5789,206.8100233078003,30.25887716969426,18.063068389892578,0.0,0.0,0,0,0.3976144790649414,2
5790,206.84301233291626,30.313111602561325,18.045902252197266,0.0,0.0,0,0,0.3996295928955078,2
5791,206.87505316734314,32.21827567135746,15.062332153320312,0.0,0.0,0,0,0.3976144790649414,2
5792,206.90599584579468,31.303579425023138,16.006946563720703,0.0,0.0,0,0,0.39971065521240234,2
5793,206.9359953403473,33.333894951004154,14.999866485595703,0.0,0.0,0,0,0.3976144790649414,2
5794,206.96899580955505,31.249936670193268,18.000125885009766,0.0,0.0,0,0,0.399630069732666,2
5795,206.99799942970276,33.32886226022281,15.001296997070312,0.0,0.0,0,0,0.3976144790649414,2
5796,207.02900171279907,32.25568894049972,17.002582550048828,0.0,0.0,0,0,0.39971065521240234,2
5797,207.06299495697021,29.41761000995946,15.995979309082031,0.0,0.0,0,0,0.3976144790649414,2
5798,207.09398984909058,32.26338056337595,15.990734100341797,0.0,0.0,0,0,0.3996701240539551,2
5799,207.12499475479126,32.252960536433825,15.999555587768555,0.0,0.0,0,0,0.3976144790649414,2
5800,207.15499591827393,33.33204062495033,16.00027084350586,0.0,0.0,0,0,0.39971065521240234,2
5801,207.18598794937134,32.26635895068851,16.98923110961914,0.0,0.0,0,0,0.3976144790649414,2
5802,207.21699118614197,32.25469674015857,15.996694564819336,0.0,0.0,0,0,0.3996295928955078,2
5803,207.24698972702026,33.33495465852825,15.987873077392578,0.0,0.0,0,0,0.3976144790649414,2
5804,207.27699303627014,33.32965679457737,15.998363494873047,0.0,0.0,0,0,0.3996295928955078,2
5805,207.30800032615662,32.25048056960955,16.001462936401367,0.0,0.0,0,0,0.3976144790649414,2
5806,207.33799839019775,33.33548453755732,16.00360870361328,0.0,0.0,0,0,0.3996701240539551,2
5807,207.367995262146,33.336809308831945,16.00790023803711,0.0,0.0,0,0,0.3976144790649414,2
5808,207.39863300323486,32.63948203946959,16.99972152709961,0.0,0.0,0,0,0.39970970153808594,2
5809,207.43363451957703,29.411627760208123,16.0064697265625,0.0,0.0,0,0,0.3976144790649414,2
5810,207.46563291549683,31.249936670193268,16.9980525970459,0.0,0.0,0,0,0.39946794509887695,2
5811,207.49563312530518,32.2581697084362,16.997337341308594,0.0,0.0,0,0,0.3976144790649414,2
5812,207.52662682533264,33.33310021457522,15.999555587768555,0.0,0.0,0,0,0.3995485305786133,2
5813,207.55563807487488,33.32806776374862,16.00503921508789,0.0,0.0,0,0,0.3976144790649414,2
5814,207.5866277217865,32.268841360209265,16.994476318359375,0.0,0.0,0,0,0.39970970153808594,2
5815,207.61663460731506,33.325684501581144,17.00139045715332,0.0,0.0,0,0,0.3976144790649414,2
5816,207.64662623405457,33.34263955355581,16.992807388305664,0.0,0.0,0,0,0.39970970153808594,2
5817,207.67763805389404,33.31271494039251,16.01862907409668,0.0,0.0,0,0,0.3976144790649414,2
5818,207.70963287353516,30.313987944666888,19.006967544555664,0.0,0.0,0,0,0.399630069732666,2
5819,207.74163269996643,32.2581697084362,15.997171401977539,0.0,0.0,0,0,0.3976144790649414,2
5820,207.77269387245178,31.19044573672234,18.061161041259766,0.0,0.0,0,0,0.39979076385498047,2
5821,207.80669164657593,29.413690330091097,16.993045806884766,0.0,0.0,0,0,0.3976144790649414,2
5822,207.84270071983337,28.5653263593767,19.006967544555664,0.0,0.0,0,0,0.3996100425720215,2
5823,207.87169098854065,33.342374498191504,15.997648239135742,0.0,0.0,0,0,0.3976144790649414,2
5824,207.90269827842712,32.25048056960955,16.99995994567871,0.0,0.0,0,0,0.3996701240539551,2
5825,207.93369054794312,33.33866416552075,16.00170135498047,0.0,0.0,0,0,0.3976144790649414,2
5826,207.96370029449463,32.25097653246394,16.000032424926758,0.0,0.0,0,0,0.3996295928955078,2
5827,207.99269843101501,34.48497455334753,16.006946563720703,0.0,0.0,0,0,0.3976144790649414,2
5828,208.02370047569275,33.330451366815005,16.008615493774414,0.0,0.0,0,0,0.3996701240539551,2
5829,208.0527012348175,33.33310021457522,14.995336532592773,0.0,0.0,0,0,0.3976144790649414,2
5830,208.0826976299286,33.337339246824676,16.0067081451416,0.0,0.0,0,0,0.3996295928955078,2
5831,208.1117081642151,34.47023726361985,15.008687973022461,0.0,0.0,0,0,0.3976144790649414,2
5832,208.14170956611633,34.49291523778979,15.002012252807617,0.0,0.0,0,0,0.4005155563354492,2
5833,208.17369151115417,30.310482880226626,14.993667602539062,0.0,0.0,0,0,0.3976144790649414,2
5834,208.20369124412537,33.333630034650476,15.993356704711914,0.0,0.0,0,0,0.39971065521240234,2
5835,208.2327036857605,35.697419486620824,14.008283615112305,0.0,0.0,0,0,0.3976144790649414,2
5836,208.26170325279236,33.33468972533062,15.996217727661133,0.0,0.0,0,0,0.3996701240539551,2
5837,208.29169988632202,33.337074275722294,15.99264144897461,0.0,0.0,0,0,0.3976144790649414,2
5838,208.3266966342926,29.408946851773944,15.999317169189453,0.0,0.0,0,0,0.39970970153808594,2
5839,208.36370277404785,26.316045726619066,22.99976348876953,0.0,0.0,0,0,0.3976144790649414,2
5840,208.3937029838562,33.33310021457522,15.99574089050293,0.0,0.0,0,0,0.39971065521240234,2
5841,208.42470502853394,32.25593700012305,16.99972152709961,0.0,0.0,0,0,0.3976144790649414,2
5842,208.4497034549713,40.002517858675645,10.999441146850586,0.0,0.0,0,0,0.3980979919433594,1
5843,208.47469663619995,41.666789187685644,10.000467300415039,0.0,0.0,0,0,0.3990488052368164,1
5844,208.4997034072876,39.99755874275252,11.001348495483398,0.0,0.0,0,0,0.3980979919433594,1
5845,208.52669596672058,35.72569695834007,10.986089706420898,0.0,0.0,0,0,0.399045467376709,1
5846,208.55370807647705,37.02043302117443,12.00556755065918,0.0,0.0,0,0,0.3980979919433594,1
5847,208.57769680023193,41.686252683469824,9.990930557250977,0.0,0.0,0,0,0.3990449905395508,1
5848,208.60470294952393,38.46256270117103,11.991739273071289,0.0,0.0,0,0,0.3980979919433594,1
5849,208.62770986557007,41.64279544484268,10.013341903686523,0.0,0.0,0,0,0.3990488052368164,1
5850,208.65669751167297,34.4974544138572,13.999223709106445,0.0,0.0,0,0,0.3980979919433594,1
5851,208.68575644493103,35.714745527465325,11.995315551757812,0.0,0.0,0,0,0.399045467376709,1
5852,208.714697599411,33.33283531085345,13.995647430419922,0.0,0.0,0,0,0.3980979919433594,1
5853,208.74171471595764,37.01357242450449,12.018918991088867,0.0,0.0,0,0,0.399045467376709,1
5854,208.77070236206055,34.4974544138572,12.992620468139648,0.0,0.0,0,0,0.3980979919433594,1
5855,208.79870533943176,37.03841330954946,12.003898620605469,0.0,0.0,0,0,0.3990516662597656,1
5856,208.8276982307434,33.336809308831945,12.995004653930664,0.0,0.0,0,0,0.3980979919433594,1
5857,208.87270331382751,22.219712340741133,24.95598793029785,0.0,0.0,0,0,0.3976593017578125,1
5858,208.91570115089417,23.256983797810875,13.998031616210938,0.0,0.0,0,0,0.39943742752075195,1
5859,208.94170594215393,38.454452105031535,11.008739471435547,0.0,0.0,0,0,0.402066707611084,1
5860,208.9696958065033,35.72721852161025,11.993885040283203,0.0,0.0,1,0,0.40044498443603516,1
5861,208.99669885635376,38.4618572961275,9.992361068725586,0.0,0.0,0,0,0.39952564239501953,1
5862,209.0237214565277,37.03285390123522,10.931730270385742,0.0,0.0,1,0,0.40051841735839844,1
5863,209.05069708824158,35.71626615801216,11.988401412963867,0.0,0.0,1,0,0.4004817008972168,1
5864,209.07770562171936,37.02533500467859,12.00246810913086,0.0,0.0,1,0,0.4001007080078125,1
5865,209.10370302200317,40.00366244468182,9.997129440307617,0.0,0.0,1,0,0.40060997009277344,1
5866,209.13070583343506,35.71109654238789,12.00246810913086,0.0,0.0,2,0,0.40056800842285156,1
5867,209.1567108631134,38.45409954800913,11.005401611328125,0.0,0.0,1,0,0.4020872116088867,1
5868,209.1857030391693,34.49206427525863,11.999368667602539,0.0,0.0,1,0,0.40113353729248047,1
5869,209.21769952774048,31.25342950604681,11.002302169799805,0.0,0.0,0,0,0.3976144790649414,1
5870,209.2466971874237,34.48554162384378,11.993646621704102,0.0,0.0,0,0,0.3980979919433594,1
5871,209.272700548172,38.456567582931434,10.002374649047852,0.0,0.0,0,0,0.3976144790649414,1
5872,209.2996964454651,38.467148464727245,10.996580123901367,0.0,0.0,0,0,0.3990650177001953,1
5873,209.3246967792511,38.46150460330851,9.99903678894043,0.0,0.0,0,0,0.3976144790649414,1
5874,209.3527054786682,35.70319296543153,11.99960708618164,0.0,0.0,0,0,0.3980979919433594,1
5875,209.37970161437988,37.04233860284377,10.994434356689453,0.0,0.0,0,0,0.3976144790649414,1
5876,209.41175508499146,31.19786971333363,15.009880065917969,0.0,0.0,0,0,0.40003204345703125,1
5877,209.43778705596924,38.41430219991574,11.005878448486328,0.0,0.0,0,0,0.3976144790649414,1
5878,209.46684765815735,34.41084921526963,13.065576553344727,0.0,0.0,0,0,0.4006829261779785,1
5879,209.4937813282013,37.128248707598615,10.99705696105957,0.0,0.0,0,0,0.39915037155151367,1
5880,209.52387928962708,34.475337207486376,11.91568374633789,0.0,0.0,0,0,0.4006309509277344,1
5881,209.55578756332397,31.25599141528556,11.996746063232422,0.0,0.0,0,0,0.3993101119995117,1
5882,209.5907883644104,27.77243352050005,14.000177383422852,0.0,0.0,0,0,0.40160703659057617,1
5883,209.61779522895813,37.02762304127124,11.01374626159668,0.0,0.0,0,0,0.39938926696777344,1
5884,209.6467821598053,34.49830564237539,12.999773025512695,0.0,0.0,0,0,0.4002852439880371,1
5885,209.6817877292633,28.566882798452568,11.996746063232422,0.0,0.0,0,0,0.3996124267578125,1
5886,209.71179151535034,33.3291271007986,14.000654220581055,0.0,0.0,0,0,0.40192508697509766,1
5887,209.74378776550293,31.2536623895322,14.002561569213867,0.0,0.0,0,0,0.399566650390625,1
5888,209.77878141403198,28.576614386744247,14.000415802001953,0.0,0.0,0,0,0.40079402923583984,1
5889,209.80778336524963,35.71261686221753,11.000633239746094,0.0,0.0,0,0,0.39960479736328125,1
5890,209.83878779411316,31.245048011382682,11.996984481811523,0.0,0.0,0,0,0.3980979919433594,1
5891,209.87078762054443,31.250169501627962,17.00615882873535,0.0,0.0,0,0,0.3976144790649414,2
5892,209.90378713607788,30.303475182429015,17.99941062927246,0.0,0.0,0,0,0.399630069732666,2
5893,209.93878746032715,29.40935926741365,16.00170135498047,0.0,0.0,0,0,0.3976144790649414,2
5894,209.97078776359558,30.305007839425446,16.999483108520508,0.0,0.0,0,0,0.3997764587402344,2
5895,210.00079131126404,33.329391945583424,15.003204345703125,0.0,0.0,0,0,0.3976144790649414,2
5896,210.03978419303894,26.321330404769377,23.000717163085938,0.0,0.0,0,0,0.39981698989868164,2
5897,210.0778398513794,25.603906846137413,18.049001693725586,0.0,0.0,0,0,0.3976144790649414,2
5898,210.11386680603027,28.6173643093508,17.999887466430664,0.0,0.0,0,0,0.399871826171875,2
5899,210.1467809677124,29.414102878782565,15.993595123291016,0.0,0.0,0,0,0.3976144790649414,2
5900,210.18178296089172,28.569801578922274,18.985748291015625,0.0,0.0,0,0,0.3995485305786133,2
5901,210.21278357505798,32.257425437989326,14.992713928222656,0.0,0.0,0,0,0.3976144790649414,2
5902,210.24379134178162,32.24998462200898,16.00337028503418,0.0,0.0,0,0,0.39979124069213867,2
5903,210.2737913131714,33.33336512250753,15.008687973022461,0.0,0.0,0,0,0.3976144790649414,2
5904,210.3047878742218,32.261643424685985,17.000198364257812,0.0,0.0,0,0,0.3995084762573242,2
5905,210.3377914428711,31.248539754440337,15.001773834228516,0.0,0.0,0,0,0.3976144790649414,2
5906,210.3688554763794,32.204422604422604,16.057968139648438,0.0,0.0,0,0,0.3998427391052246,2
5907,210.3977916240692,33.3882918597061,16.004323959350586,0.0,0.0,0,0,0.3976144790649414,2
5908,210.42778754234314,33.33786920166598,16.99995994567871,0.0,0.0,0,0,0.3997764587402344,2
5909,210.45752477645874,33.62787527961067,15.999794006347656,0.0,0.0,0,0,0.3976144790649414,2
5910,210.48952460289001,31.250169501627962,19.00005340576172,0.0,0.0,0,0,0.39981698989868164,2
5911,210.51852536201477,35.71352911625214,15.000581741333008,0.0,0.0,0,0,0.3976144790649414,2
5912,210.54852509498596,33.333630034650476,16.000032424926758,0.0,0.0,0,0,0.39971017837524414,2
5913,210.57752871513367,33.3291271007986,16.004085540771484,0.0,0.0,0,0,0.3976144790649414,2
5914,210.6085250377655,32.26189157590302,16.992568969726562,0.0,0.0,0,0,0.3996696472167969,2
5915,210.63852500915527,33.33336512250753,16.00027084350586,0.0,0.0,0,0,0.3976144790649414,2
5916,210.67152452468872,30.303475182429015,19.99950408935547,0.0,0.0,0,0,0.39971017837524414,2
5917,210.70452547073364,30.30216159981505,17.000913619995117,0.0,0.0,0,0,0.3976144790649414,2
5918,210.73653507232666,31.240626256908342,18.01013946533203,0.0,0.0,0,0,0.40015316009521484,2
5919,210.76652479171753,33.34476014818819,15.993833541870117,0.0,0.0,0,0,0.3976144790649414,2
5920,210.79852509498596,32.25841780621741,16.999483108520508,0.0,0.0,0,0,0.3998575210571289,2
5921,210.82852482795715,32.25767352432224,16.000032424926758,0.0,0.0,0,0,0.3976144790649414,2
5922,210.8585250377655,33.33310021457522,16.00050926208496,0.0,0.0,0,0,0.3996291160583496,2
5923,210.88753175735474,34.474770472534786,14.000654220581055,0.0,0.0,0,0,0.3976144790649414,2
5924,210.9175250530243,33.34078425449718,16.994714736938477,0.0,0.0,0,0,0.399871826171875,2
5925,210.94658541679382,34.41113153058546,14.032840728759766,0.0,0.0,0,0,0.3976144790649414,2
5926,210.97557520866394,34.49490098032765,15.990734100341797,0.0,0.0,0,0,0.3996291160583496,2
5927,211.0036425590515,37.03350786264867,14.002799987792969,0.0,0.0,0,0,0.3976144790649414,2
5928,211.03257489204407,33.33654434615354,15.934467315673828,0.0,0.0,0,0,0.39979076385498047,2
5929,211.06428265571594,31.53801732435034,13.940572738647461,0.0,0.0,0,0,0.3976144790649414,2
5930,211.09480214118958,32.765952127992,14.995098114013672,0.0,0.0,0,0,0.39979076385498047,2
5931,211.1238067150116,34.477320926562214,14.999151229858398,0.0,0.0,0,0,0.3976144790649414,2
5932,211.15280556678772,34.48412398257009,15.997171401977539,0.0,0.0,0,0,0.3996295928955078,2
5933,211.1808352470398,35.676468336664826,15.028238296508789,0.0,0.0,0,0,0.3976144790649414,2
5934,211.21082973480225,33.33945916728932,16.998767852783203,0.0,0.0,0,0,0.3995084762573242,2
5935,211.2378282546997,37.039067467326035,13.992071151733398,0.0,0.0,0,0,0.3976144790649414,2
5936,211.26583170890808,35.70988037971989,15.003204345703125,0.0,0.0,0,0,0.3995084762573242,2
5937,211.29483079910278,34.483840468301665,14.930009841918945,0.0,0.0,0,0,0.3976144790649414,2
5938,211.32582831382751,32.26065085799112,17.994165420532227,0.0,0.0,0,0,0.3999514579772949,2
5939,211.3548355102539,34.474203756215836,16.00027084350586,0.0,0.0,0,0,0.3976144790649414,2
5940,211.38711094856262,30.983312772857218,19.275665283203125,0.0,0.0,0,0,0.3995485305786133,2
5941,211.41812348365784,32.24502598480888,14.927864074707031,0.0,0.0,0,0,0.3976144790649414,2
5942,211.45111179351807,30.313768854390265,19.000768661499023,0.0,0.0,0,0,0.4013214111328125,2
5943,211.47982001304626,34.83322952221973,15.701055526733398,0.0,0.0,0,0,0.3976144790649414,2
5944,211.5108151435852,32.263132389252554,17.002344131469727,0.0,0.0,0,0,0.39979124069213867,2
5945,211.53982043266296,35.708360292865656,14.998674392700195,0.0,0.0,0,0,0.3976144790649414,2
5946,211.56882524490356,33.32727330515208,16.004085540771484,0.0,0.0,0,0,0.399569034576416,2
5947,211.59788060188293,34.41706122248024,15.066862106323242,0.0,0.0,0,0,0.3976144790649414,2
5948,211.6288776397705,33.341049284578695,16.993999481201172,0.0,0.0,0,0,0.39958953857421875,2
5949,211.6558735370636,35.714441416893735,14.992713928222656,0.0,0.0,0,0,0.3976144790649414,2
5950,211.68590188026428,33.30187061326897,17.022132873535156,0.0,0.0,0,0,0.3996291160583496,2
5951,211.71587991714478,33.35775467841606,16.005992889404297,0.0,0.0,0,0,0.3976144790649414,2
5952,211.74789190292358,31.23829952036226,18.018484115600586,0.0,0.0,0,0,0.3998575210571289,2
5953,211.78087496757507,30.318589572144194,15.97285270690918,0.0,0.0,0,0,0.3976144790649414,2
5954,211.8128731250763,31.25179941882125,16.99352264404297,0.0,0.0,0,0,0.3995485305786133,2
5955,211.8419382572174,34.405486104275354,15.06495475769043,0.0,0.0,0,0,0.3976144790649414,2
5956,211.87287545204163,32.32355117139334,16.994476318359375,0.0,0.0,0,0,0.39971065521240234,2
5957,211.90288043022156,33.32780294000795,16.007423400878906,0.0,0.0,0,0,0.3976144790649414,2
5958,211.9348750114441,31.255292671112933,14.995098114013672,0.0,0.0,0,0,0.39971017837524414,2
5959,211.96487998962402,33.32780294000795,15.993356704711914,0.0,0.0,0,0,0.3976144790649414,2
5960,211.99690055847168,32.243042956858645,18.002986907958984,0.0,0.0,0,0,0.39981698989868164,2
5961,212.03787326812744,23.82152755690854,26.983976364135742,0.0,0.0,0,0,0.3976144790649414,2
5962,212.0668797492981,34.47505383768144,14.999866485595703,0.0,0.0,0,0,0.39971065521240234,2
5963,212.09587931632996,34.483273453750215,14.994621276855469,0.0,0.0,0,0,0.3976144790649414,2
5964,212.12488055229187,34.48128904965472,16.000986099243164,0.0,0.0,0,0,0.39971017837524414,2
5965,212.15587377548218,32.265117889149586,13.992071151733398,0.0,0.0,0,0,0.3976144790649414,2
5966,212.18787574768066,31.24807414360854,16.996383666992188,0.0,0.0,0,0,0.3995485305786133,2
5967,212.21687483787537,35.62646734052493,15.071630477905273,0.0,0.0,0,0,0.3976144790649414,2
5968,212.24487471580505,34.566255428915206,14.995813369750977,0.0,0.0,0,0,0.39946794509887695,2
5969,212.27196383476257,36.9151909875022,14.074325561523438,0.0,0.0,0,0,0.3976144790649414,2
5970,212.300954580307,34.4937662423106,16.074657440185547,0.0,0.0,0,0,0.39970970153808594,2
5971,212.3328800201416,31.32298271162391,14.995336532592773,0.0,0.0,0,0,0.3976144790649414,2
5972,212.36287474632263,33.33919416248698,16.994714736938477,0.0,0.0,0,0,0.39946794509887695,2
5973,212.39187574386597,34.48157252197075,14.980316162109375,0.0,0.0,0,0,0.3976144790649414,2
5974,212.42187428474426,33.33495465852825,15.995025634765625,0.0,0.0,0,0,0.39946794509887695,2
5975,212.45087957382202,34.47647073329114,15.99264144897461,0.0,0.0,0,0,0.3976144790649414,2
5976,212.48087644577026,34.490646097675295,15.993118286132812,0.0,0.0,0,0,0.3995485305786133,2
5977,212.51288032531738,31.23411226784624,15.016317367553711,0.0,0.0,0,0,0.3976144790649414,2
5978,212.5448760986328,30.31508344355544,18.002033233642578,0.0,0.0,0,0,0.39946794509887695,2
5979,212.57388257980347,35.715049643216,14.991283416748047,0.0,0.0,0,0,0.3976144790649414,2
5980,212.6049017906189,32.2581697084362,16.002893447875977,0.0,0.0,0,0,0.39970970153808594,2
5981,212.6348910331726,32.241803688244204,17.017602920532227,0.0,0.0,0,0,0.3976144790649414,2
5982,212.6668758392334,31.264844879765047,18.996000289916992,0.0,0.0,0,0,0.39946794509887695,2
5983,212.69687271118164,33.336809308831945,15.98978042602539,0.0,0.0,0,0,0.3976144790649414,2
5984,212.7308874130249,29.399052345305183,19.0122127532959,0.0,0.0,0,0,0.3997359275817871,2
5985,212.76387476921082,30.31464523449866,18.001794815063477,0.0,0.0,0,0,0.3976144790649414,2
5986,212.79787802696228,29.408946851773944,20.003557205200195,0.0,0.0,0,0,0.3995485305786133,2
5987,212.8308732509613,30.30741661367709,17.999649047851562,0.0,0.0,0,0,0.3976144790649414,2
5988,212.8628749847412,31.248306947289997,16.926050186157227,0.0,0.0,0,0,0.3993873596191406,2
5989,212.89888334274292,27.771330199298152,16.999006271362305,0.0,0.0,0,0,0.3976144790649414,2
5990,212.93387722969055,28.576419690001703,18.003463745117188,0.0,0.0,0,0,0.40003204345703125,2
5991,212.9668743610382,31.25179941882125,15.985965728759766,0.0,0.0,0,0,0.3976144790649414,2
5992,212.99887609481812,30.302380522342233,16.995906829833984,0.0,0.0,0,0,0.3996701240539551,2
5993,213.02987360954285,32.26065085799112,16.000032424926758,0.0,0.0,0,0,0.3976144790649414,2
5994,213.06287336349487,30.303256244084647,16.99995994567871,0.0,0.0,0,0,0.3996295928955078,2
5995,213.09587335586548,31.24411701168776,15.994071960449219,0.0,0.0,0,0,0.3976144790649414,2
5996,213.12889552116394,29.397816000112144,18.015384674072266,0.0,0.0,0,0,0.3995485305786133,2
5997,213.1618733406067,31.265544051106588,16.99066162109375,0.0,0.0,0,0,0.3976144790649414,2
5998,213.19487357139587,30.30741661367709,16.995668411254883,0.0,0.0,0,0,0.3996295928955078,2
5999,213.22987294197083,27.77923927225523,15.99740982055664,0.0,0.0,0,0,0.3976144790649414,2
6000,213.26187705993652,31.245979066562374,15.998363494873047,0.0,0.0,0,0,0.3996701240539551,2
6001,213.29587864875793,29.410390357120317,16.00360870361328,0.0,0.0,0,0,0.3976144790649414,2
6002,213.32988929748535,30.28903203443196,17.0137882232666,0.0,0.0,0,0,0.3998708724975586,2
6003,213.35917592048645,33.02289547444336,15.301704406738281,0.0,0.0,0,0,0.3976144790649414,2
6004,213.39017176628113,32.2623878897897,16.99352264404297,0.0,0.0,0,0,0.39946794509887695,2
6005,213.42016792297363,33.337604222139205,15.999555587768555,0.0,0.0,0,0,0.3976144790649414,2
6006,213.451189994812,32.23511328353162,17.016172409057617,0.0,0.0,0,0,0.39970970153808594,2
6007,213.48123216629028,33.28654191070267,17.064332962036133,0.0,0.0,0,0,0.3976144790649414,2
6008,213.51318907737732,31.292135753560583,18.015146255493164,0.0,0.0,0,0,0.39970970153808594,2
6009,213.54231548309326,34.33310686366799,15.045881271362305,0.0,0.0,0,0,0.3976144790649414,2
6010,213.57225704193115,33.39839469996178,16.000986099243164,0.0,0.0,0,0,0.3995485305786133,2
6011,213.60325479507446,32.260402725860295,18.00251007080078,0.0,0.0,0,0,0.3976144790649414,2
6012,213.63325381278992,33.33442479634413,16.99542999267578,0.0,0.0,0,0,0.3998708724975586,2
6013,213.66731715202332,29.357074864214123,17.04549789428711,0.0,0.0,0,0,0.3976144790649414,2
6014,213.70225262641907,28.624199822561934,19.90032196044922,0.0,0.0,0,0,0.3995084762573242,2
6015,213.73325371742249,32.25692927677116,16.999006271362305,0.0,0.0,0,0,0.3976144790649414,2
6016,213.7652530670166,31.250635174905934,17.99917221069336,0.0,0.0,0,0,0.399871826171875,2
6017,213.79625129699707,33.33521959593712,15.988826751708984,0.0,0.0,0,0,0.3976144790649414,2
6018,213.82725262641907,31.24877256505964,16.998767852783203,0.0,0.0,0,0,0.40003204345703125,2
6019,213.87125253677368,23.24912004523106,29.011964797973633,0.0,0.0,0,0,0.3976144790649414,2
6020,213.90125274658203,33.34555544071934,14.992475509643555,0.0,0.0,0,0,0.3996701240539551,2
6021,213.93032956123352,34.4052038815838,15.057802200317383,0.0,0.0,0,0,0.3976144790649414,2
6022,213.96025466918945,33.40398047195432,15.996217727661133,0.0,0.0,0,0,0.3996701240539551,2
6023,213.98831915855408,34.40774405250205,15.066862106323242,0.0,0.0,0,0,0.3976144790649414,2
6024,214.01726078987122,34.552302496086995,15.001773834228516,0.0,0.0,0,0,0.39971065521240234,2
6025,214.05031943321228,30.24927519508431,16.0672664642334,0.0,0.0,0,0,0.3976144790649414,2
6026,214.08025288581848,33.40743926722421,15.99264144897461,0.0,0.0,0,0,0.3996295928955078,2
6027,214.10925483703613,34.48043866067098,15.002012252807617,0.0,0.0,0,0,0.3976144790649414,2
6028,214.14025259017944,32.260402725860295,15.995264053344727,0.0,0.0,0,0,0.3996701240539551,2
6029,214.16931867599487,35.70319296543153,13.992071151733398,0.0,0.0,0,0,0.3976144790649414,2
6030,214.1982569694519,33.33813418540509,16.005516052246094,0.0,0.0,0,0,0.39971065521240234,2
6031,214.22825741767883,33.33283531085345,16.00193977355957,0.0,0.0,0,0,0.3976144790649414,2
6032,214.25825309753418,33.33813418540509,16.001462936401367,0.0,0.0,0,0,0.39971065521240234,2
6033,214.2872610092163,34.473353716671596,14.983892440795898,0.0,0.0,0,0,0.3976144790649414,2
6034,214.31625294685364,34.49234792477036,15.995025634765625,0.0,0.0,0,0,0.3996295928955078,2
6035,214.346257686615,33.32806776374862,15.986919403076172,0.0,0.0,0,0,0.3976144790649414,2
6036,214.37725257873535,33.33866416552075,15.99574089050293,0.0,0.0,0,0,0.39946794509887695,2
6037,214.41025733947754,29.407915863277825,17.004966735839844,0.0,0.0,0,0,0.3976144790649414,2
6038,214.44225335121155,31.25389527648825,16.995668411254883,0.0,0.0,0,0,0.3996291160583496,2
6039,214.4722592830658,34.42751374866617,15.03443717956543,0.0,0.0,0,0,0.3976144790649414,2
6040,214.5022542476654,32.305625731714834,16.995668411254883,0.0,0.0,0,0,0.39970970153808594,2
6041,214.53231739997864,33.263311497771504,16.06440544128418,0.0,0.0,0,0,0.3976144790649414,2
6042,214.5632529258728,32.32529498354566,16.994714736938477,0.0,0.0,0,0,0.3996295928955078,2
6043,214.5932536125183,33.332570411342104,16.001224517822266,0.0,0.0,0,0,0.3976144790649414,2
6044,214.62528657913208,31.217839173538955,17.02880859375,0.0,0.0,0,0,0.399569034576416,2
6045,214.6562533378601,32.29269194050075,18.001317977905273,0.0,0.0,0,0,0.3976144790649414,2
6046,214.68725299835205,32.25841780621741,17.995595932006836,0.0,0.0,0,0,0.39946794509887695,2
6047,214.71825861930847,32.25221650634001,17.00615882873535,0.0,0.0,0,0,0.3976144790649414,2
6048,214.75030851364136,31.201350919086195,18.056392669677734,0.0,0.0,0,0,0.39970970153808594,2
6049,214.78526210784912,28.609361144837184,18.01013946533203,0.0,0.0,0,0,0.3976144790649414,2
6050,214.81725597381592,31.25599141528556,16.99662208557129,0.0,0.0,0,0,0.39971017837524414,2
6051,214.84632015228271,34.40661504134401,15.06495475769043,0.0,0.0,0,0,0.3976144790649414,2
6052,214.87725234031677,33.38776030057951,16.01243019104004,0.0,0.0,0,0,0.40003204345703125,2
6053,214.906316280365,34.42355799218673,14.068126678466797,0.0,0.0,0,0,0.3976144790649414,2
6054,214.93525505065918,33.40690709825411,15.996217727661133,0.0,0.0,0,0,0.4001932144165039,2
6055,214.96532011032104,33.26120124978192,16.0675048828125,0.0,0.0,0,0,0.3976144790649414,2
6056,214.99425339698792,34.56226772691689,15.93923568725586,0.0,0.0,0,0,0.3996701240539551,2
6057,215.02625274658203,31.250635174905934,18.000364303588867,0.0,0.0,0,0,0.3976144790649414,2
6058,215.0562515258789,34.47647073329114,15.000581741333008,0.0,0.0,0,0,0.3996701240539551,2
6059,215.08425331115723,34.488377256095056,15.001773834228516,0.0,0.0,0,0,0.3976144790649414,2
6060,215.11425471305847,34.481855998947694,14.993906021118164,0.0,0.0,0,0,0.3996701240539551,2
6061,215.15225672721863,26.2720342751912,20.0650691986084,0.0,0.0,0,0,0.3976144790649414,2
6062,215.18326473236084,32.3076164653685,16.011476516723633,0.0,0.0,0,0,0.3996701240539551,2
6063,215.21231174468994,34.40492166352227,15.059709548950195,0.0,0.0,0,0,0.3976144790649414,2
6064,215.2412552833557,33.42261321348601,15.997171401977539,0.0,0.0,0,0,0.3996701240539551,2
6065,215.27625823020935,28.56902317914626,15.005826950073242,0.0,0.0,0,0,0.3976144790649414,2
6066,215.30625772476196,33.333894951004154,15.999317169189453,0.0,0.0,0,0,0.39971065521240234,2
6067,215.3352768421173,35.636153545514794,14.067411422729492,0.0,0.0,0,0,0.3976144790649414,2
6068,215.3652527332306,32.327288142124935,16.99662208557129,0.0,0.0,0,0,0.39970970153808594,2
6069,215.39325499534607,35.7114005959983,15.003442764282227,0.0,0.0,0,0,0.3976144790649414,2
6070,215.42425227165222,33.33071623264647,15.996932983398438,0.0,0.0,0,0,0.39971065521240234,2
6071,215.45526218414307,31.245280769975714,19.00959014892578,0.0,0.0,0,0,0.3976144790649414,2
6072,215.48525547981262,33.34078425449718,15.995025634765625,0.0,0.0,0,0,0.39971065521240234,2
6073,215.51726913452148,32.245769683177905,15.010595321655273,0.0,0.0,0,0,0.3976144790649414,2
6074,215.54725313186646,32.27281401003355,15.995025634765625,0.0,0.0,0,0,0.39971065521240234,2
6075,215.57631182670593,34.413107867510114,16.040802001953125,0.0,0.0,0,0,0.3976144790649414,2
6076,215.6072540283203,32.3183208636087,16.993284225463867,0.0,0.0,0,0,0.3996295928955078,2
6077,215.63631772994995,34.4071795376614,15.065193176269531,0.0,0.0,0,0,0.3976144790649414,2
6078,215.67125391960144,29.468868123375255,16.999483108520508,0.0,0.0,0,0,0.39971017837524414,2
6079,215.7012529373169,32.25692927677116,16.00193977355957,0.0,0.0,0,0,0.3976144790649414,2
6080,215.73425197601318,30.30391306860875,18.99886131286621,0.0,0.0,0,0,0.3995490074157715,2
6081,215.76825261116028,29.411215280942997,19.000768661499023,0.0,0.0,0,0,0.3976144790649414,2
6082,215.8042528629303,27.777583512146016,21.001100540161133,0.0,0.0,0,0,0.3997502326965332,2
6083,215.83725261688232,30.303256244084647,18.00084114074707,0.0,0.0,0,0,0.3976144790649414,2
6084,215.87025332450867,30.302380522342233,16.99972152709961,0.0,0.0,0,0,0.3996295928955078,2
6085,215.90625882148743,27.773536929372657,15.99884033203125,0.0,0.0,0,0,0.3976144790649414,2
6086,215.94125318527222,28.5760303044755,18.995046615600586,0.0,0.0,0,0,0.3995084762573242,2
6087,215.97325563430786,31.247608546651964,16.003131866455078,0.0,0.0,0,0,0.3976144790649414,2
6088,216.00625348091125,31.235275280940712,17.010927200317383,0.0,0.0,0,0,0.39971065521240234,2
6089,216.03725838661194,31.262048507073327,16.005277633666992,0.0,0.0,0,0,0.3976144790649414,2
6090,216.06925463676453,32.22149326654939,16.041278839111328,0.0,0.0,0,0,0.39971065521240234,2
6091,216.10026621818542,32.23684756627136,16.051769256591797,0.0,0.0,0,0,0.3976144790649414,2
6092,216.13927221298218,25.681351448986966,22.9947566986084,0.0,0.0,0,0,0.39979028701782227,2
6093,216.17025232315063,32.23932543678276,15.015125274658203,0.0,0.0,0,0,0.3976144790649414,2
6094,216.20125579833984,31.26461182960009,15.997648239135742,0.0,0.0,0,0,0.39970970153808594,2
6095,216.23125863075256,33.33018650519306,15.000581741333008,0.0,0.0,0,0,0.3976144790649414,2
6096,216.26227068901062,32.2455217799099,16.008853912353516,0.0,0.0,0,0,0.3996701240539551,2
6097,216.29525804519653,30.31464523449866,15.000581741333008,0.0,0.0,0,0,0.3976144790649414,2
6098,216.3282539844513,30.306759637270133,17.99607276916504,0.0,0.0,0,0,0.3996701240539551,2
6099,216.35826206207275,33.32436061431874,16.008615493774414,0.0,0.0,0,0,0.3976144790649414,2
6100,216.38926911354065,32.25072854912997,17.014265060424805,0.0,0.0,0,0,0.39971065521240234,2
6101,216.41931557655334,33.28178759601346,16.047000885009766,0.0,0.0,0,0,0.3976144790649414,2
6102,216.4502556324005,32.32056221681102,16.9374942779541,0.0,0.0,0,0,0.3998708724975586,2
6103,216.48031044006348,34.4139549385451,15.061140060424805,0.0,0.0,0,0,0.3976144790649414,2
6104,216.516268491745,27.80778614617588,22.013425827026367,0.0,0.0,0,0,0.3995485305786133,2
6105,216.545312166214,33.2918260759132,15.05899429321289,0.0,0.0,0,0,0.3976144790649414,2
6106,216.57627415657043,32.29766524979979,17.012596130371094,0.0,0.0,0,0,0.39979076385498047,2
6107,216.60725378990173,33.31192121356524,16.02482795715332,0.0,0.0,0,0,0.3976144790649414,2
6108,216.64025592803955,29.444250222886787,19.002676010131836,0.0,0.0,0,0,0.39970970153808594,2
6109,216.6742570400238,29.410802813247226,17.000198364257812,0.0,0.0,0,0,0.3976144790649414,2
6110,216.70727252960205,30.288813304736525,18.0206298828125,0.0,0.0,0,0,0.3996291160583496,2
6111,216.73926043510437,31.261815498595034,16.99042320251465,0.0,0.0,0,0,0.3976144790649414,2
6112,216.77526879310608,28.575056887084248,21.004199981689453,0.0,0.0,0,0,0.39981698989868164,2
6113,216.80525875091553,32.25519283269889,16.0067081451416,0.0,0.0,0,0,0.3976144790649414,2
6114,216.83525967597961,33.3323055160411,15.007734298706055,0.0,0.0,0,0,0.3996295928955078,2
6115,216.86625790596008,33.26806053491545,16.05367660522461,0.0,0.0,0,0,0.3976144790649414,2
6116,216.89725422859192,31.312927404664496,17.99607276916504,0.0,0.0,0,0,0.39979124069213867,2
6117,216.92726182937622,33.32489015660133,15.007257461547852,0.0,0.0,0,0,0.3976144790649414,2
6118,216.95725440979004,33.34157935738247,15.995979309082031,0.0,0.0,0,0,0.39971065521240234,2
6119,216.98825359344482,33.332570411342104,15.000104904174805,0.0,0.0,0,0,0.3976144790649414,2
6120,217.01725459098816,33.333894951004154,15.923023223876953,0.0,0.0,0,0,0.39971017837524414,2
6121,217.05125904083252,30.29931589479083,15.001773834228516,0.0,0.0,0,0,0.3976144790649414,2
6122,217.0832531452179,30.30807361856795,16.994714736938477,0.0,0.0,0,0,0.3996295928955078,2
6123,217.1122646331787,34.46910414766237,15.009641647338867,0.0,0.0,0,0,0.3976144790649414,2
6124,217.14227652549744,33.320124881830964,16.016244888305664,0.0,0.0,0,0,0.39971065521240234,2
6125,217.17130255699158,34.45183335523722,15.049219131469727,0.0,0.0,0,0,0.3976144790649414,2
6126,217.2002556324005,34.53864523460531,14.996767044067383,0.0,0.0,0,0,0.3996295928955078,2
6127,217.22931575775146,34.41141385053369,15.039920806884766,0.0,0.0,0,0,0.3976144790649414,2
6128,217.26025295257568,32.32355117139334,17.000675201416016,0.0,0.0,0,0,0.39971065521240234,2
6129,217.2882604598999,35.7047126123672,14.988899230957031,0.0,0.0,0,0,0.3976144790649414,2
6130,217.31825280189514,33.34184440010493,16.000747680664062,0.0,0.0,0,0,0.39970970153808594,2
6131,217.34831357002258,33.26594968433743,16.04437828063965,0.0,0.0,0,0,0.3976144790649414,2
6132,217.37846851348877,33.16205852354936,16.21699333190918,0.0,0.0,0,0,0.3995485305786133,2
6133,217.41047072410583,31.24784134339589,15.003681182861328,0.0,0.0,0,0,0.3976144790649414,2
6134,217.44346857070923,31.252963749487723,16.994237899780273,0.0,0.0,0,0,0.399569034576416,2
6135,217.47246932983398,34.41141385053369,15.047788619995117,0.0,0.0,0,0,0.3976144790649414,2
6136,217.5024709701538,32.3173248064106,16.997575759887695,0.0,0.0,0,0,0.3995485305786133,2
6137,217.531555891037,34.38207736636309,16.077756881713867,0.0,0.0,0,0,0.3976144790649414,2
6138,217.56247091293335,32.346734327161116,17.99488067626953,0.0,0.0,0,0,0.3995485305786133,2
6139,217.5914695262909,34.48440750150046,15.00082015991211,0.0,0.0,0,0,0.3976144790649414,2
6140,217.6244716644287,30.30106703462625,18.941640853881836,0.0,0.0,0,0,0.39970970153808594,2
6141,217.6575095653534,30.268266809072607,18.04184913635254,0.0,0.0,0,0,0.3976144790649414,2
6142,217.69046759605408,30.341618681096097,18.993854522705078,0.0,0.0,0,0,0.39946794509887695,2
6143,217.72146677970886,32.25891401322873,16.980886459350586,0.0,0.0,0,0,0.3976144790649414,2
6144,217.75446820259094,30.301723764250315,17.993688583374023,0.0,0.0,0,0,0.3995485305786133,2
6145,217.79047346115112,27.7737208393757,17.00448989868164,0.0,0.0,0,0,0.3976144790649414,2
6146,217.8234784603119,30.298440400771494,17.00305938720703,0.0,0.0,0,0,0.3996696472167969,2
6147,217.85347437858582,34.47647073329114,14.01519775390625,0.0,0.0,0,0,0.3976144790649414,2
6148,217.88446879386902,31.26461182960009,15.995025634765625,0.0,0.0,0,0,0.40003204345703125,2
6149,217.91347813606262,34.471653763334814,14.991998672485352,0.0,0.0,0,0,0.3976144790649414,2
6150,217.944486618042,32.249240729207514,17.009735107421875,0.0,0.0,0,0,0.39970970153808594,2
6151,217.97446727752686,34.503413895789805,15.000581741333008,0.0,0.0,0,0,0.3976144790649414,2
6152,218.00346899032593,33.333630034650476,15.99264144897461,0.0,0.0,0,0,0.40003204345703125,2
6153,218.03348112106323,33.31986018430251,15.011072158813477,0.0,0.0,0,0,0.3976144790649414,2
6154,218.06347918510437,33.33548453755732,16.00027084350586,0.0,0.0,0,0,0.39946794509887695,2
6155,218.0914764404297,35.71778691805261,15.006303787231445,0.0,0.0,0,0,0.3976144790649414,2
6156,218.12146830558777,33.342374498191504,15.994548797607422,0.0,0.0,0,0,0.39946794509887695,2
6157,218.15446710586548,30.304132016444257,15.999794006347656,0.0,0.0,0,0,0.3976144790649414,2
6158,218.18447256088257,33.32727330515208,15.999078750610352,0.0,0.0,0,0,0.40003204345703125,2
6159,218.2134747505188,34.480155206997466,15.00701904296875,0.0,0.0,0,0,0.3976144790649414,2
6160,218.24346828460693,33.34051922862911,15.989303588867188,0.0,0.0,0,0,0.399569034576416,2
6161,218.27249956130981,34.44560879063121,15.03133773803711,0.0,0.0,0,0,0.3976144790649414,2
6162,218.3030014038086,32.784904716494445,16.52693748474121,0.0,0.0,0,0,0.3996100425720215,2
6163,218.33398699760437,32.27306233312558,17.003297805786133,0.0,0.0,0,0,0.3976144790649414,2
6164,218.36498355865479,32.261643424685985,17.99488067626953,0.0,0.0,0,0,0.3998708724975586,2
6165,218.39499163627625,33.32436061431874,16.00813865661621,0.0,0.0,0,0,0.3976144790649414,2
6166,218.42598390579224,32.266110730742895,16.993045806884766,0.0,0.0,0,0,0.39970970153808594,2
6167,218.45499086380005,34.47448711204629,16.007423400878906,0.0,0.0,0,0,0.3976144790649414,2
6168,218.48598432540894,32.2648696882981,18.001079559326172,0.0,0.0,0,0,0.3995485305786133,2
6169,218.51998853683472,29.408122055194077,16.991853713989258,0.0,0.0,0,0,0.3976144790649414,2
6170,218.5529842376709,30.306978626241023,16.99542999267578,0.0,0.0,0,0,0.39946794509887695,2
6171,218.58498811721802,31.24621183902737,18.004179000854492,0.0,0.0,0,0,0.3976144790649414,2
6172,218.6169834136963,32.26089899393902,16.997098922729492,0.0,0.0,0,0,0.40003204345703125,2
6173,218.64798855781555,31.246910177231786,18.004179000854492,0.0,0.0,0,0,0.3976144790649414,2
6174,218.68102955818176,30.265427466374184,18.04041862487793,0.0,0.0,0,0,0.399569034576416,2
6175,218.71398210525513,30.346667824300173,17.99631118774414,0.0,0.0,0,0,0.3976144790649414,2
6176,218.74698448181152,30.30084813107743,19.000530242919922,0.0,0.0,0,0,0.3995485305786133,2
6177,218.77800941467285,32.23214066150252,16.97707176208496,0.0,0.0,0,0,0.3976144790649414,2
6178,218.8110067844391,31.25203227801414,16.983985900878906,0.0,0.0,0,0,0.39979076385498047,2
6179,218.85300755500793,23.255694293508395,27.995824813842773,0.0,0.0,0,0,0.3976144790649414,2
6180,218.88300919532776,33.33151085539909,15.999794006347656,0.0,0.0,0,0,0.39970970153808594,2
6181,218.9230182170868,24.994362672069602,22.01080322265625,0.0,0.0,0,0,0.3976144790649414,2
6182,218.9540078639984,32.268841360209265,15.990257263183594,0.0,0.0,0,0,0.3996305465698242,2
6183,218.98306369781494,34.41649640187414,15.036582946777344,0.0,0.0,0,0,0.3976144790649414,2
6184,219.013041973114,33.35748938268463,16.02458953857422,0.0,0.0,0,0,0.40003204345703125,2
6185,219.0440423488617,33.30292828558724,15.04826545715332,0.0,0.0,0,0,0.3976144790649414,2
6186,219.07600855827332,30.35896841998596,15.9912109375,0.0,0.0,0,0,0.3998708724975586,2
6187,219.10506391525269,34.41706122248024,15.05589485168457,0.0,0.0,0,0,0.3976144790649414,2
6188,219.13501000404358,33.39334251570424,16.99972152709961,0.0,0.0,0,0,0.3996295928955078,2
6189,219.18001294136047,22.724486921093124,28.993606567382812,0.0,0.0,0,0,0.3976144790649414,2
6190,219.2100100517273,33.336809308831945,15.993833541870117,0.0,0.0,0,0,0.39946794509887695,2
6191,219.2381148338318,34.36123376889362,15.091419219970703,0.0,0.0,0,0,0.3976144790649414,2
6192,219.2680103778839,33.44980102240193,15.995979309082031,0.0,0.0,0,0,0.3995485305786133,2
6193,219.30101418495178,30.299534776201348,15.999317169189453,0.0,0.0,0,0,0.3976144790649414,2
6194,219.33300805091858,31.25599141528556,16.998767852783203,0.0,0.0,0,0,0.3995485305786133,2
6195,219.36501216888428,32.25271252258833,17.005205154418945,0.0,0.0,0,0,0.3976144790649414,2
6196,219.39500856399536,32.26288421894711,16.993284225463867,0.0,0.0,0,0,0.3995485305786133,2
6197,219.42401313781738,34.477320926562214,14.991044998168945,0.0,0.0,0,0,0.3976144790649414,2
6198,219.46000790596008,27.781815291475958,18.995285034179688,0.0,0.0,0,0,0.39979124069213867,2
6199,219.49000716209412,34.482422966884805,14.978647232055664,0.0,0.0,0,0,0.3976144790649414,2
6200,219.52100801467896,31.250169501627962,17.997026443481445,0.0,0.0,0,0,0.39958953857421875,2
6201,219.55202293395996,33.3129795244071,16.018390655517578,0.0,0.0,0,0,0.3976144790649414,2
6202,219.58400797843933,30.319904579462897,18.001079559326172,0.0,0.0,0,0,0.399871826171875,2
6203,219.61400699615479,33.33442479634413,16.00050926208496,0.0,0.0,0,0,0.3976144790649414,2
6204,219.64500832557678,33.331775738069695,15.993356704711914,0.0,0.0,0,0,0.39946794509887695,2
6205,219.67701506614685,30.296908407974573,15.008687973022461,0.0,0.0,0,0,0.3976144790649414,2
6206,219.7120087146759,29.411627760208123,19.00792121887207,0.0,0.0,0,0,0.3995485305786133,2
6207,219.74400734901428,31.24947101773208,16.007661819458008,0.0,0.0,0,0,0.3976144790649414,2
6208,219.7750163078308,31.24947101773208,17.000913619995117,0.0,0.0,0,0,0.39970970153808594,2
6209,219.80506777763367,33.27624261176564,16.059398651123047,0.0,0.0,0,0,0.3976144790649414,2
6210,219.83503127098083,33.3739457016455,15.02227783203125,0.0,0.0,0,0,0.3993873596191406,2
6211,219.90602469444275,14.085811772923886,14.992952346801758,0.0,0.0,0,0,0.3976144790649414,2
6212,219.93606066703796,33.29341165264328,16.96491241455078,0.0,0.0,0,0,0.3998708724975586,2
6213,219.96503734588623,34.5105112023499,15.98215103149414,0.0,0.0,0,0,0.3976144790649414,2
6214,219.99407172203064,34.44193169594101,16.011714935302734,0.0,0.0,0,0,0.39946794509887695,2
6215,220.0230565071106,34.50085957999852,14.988422393798828,0.0,0.0,0,0,0.3976144790649414,2
6216,220.05505299568176,32.26213973093756,16.99519157409668,0.0,0.0,0,0,0.39979028701782227,2
6217,220.08705258369446,30.303037308903853,15.001773834228516,0.0,0.0,0,0,0.3976144790649414,2
6218,220.1200520992279,30.303475182429015,18.994808197021484,0.0,0.0,0,0,0.399569034576416,2
6219,220.14805698394775,35.708056291024256,13.98777961730957,0.0,0.0,0,0,0.3976144790649414,2
6220,220.17706537246704,34.47278704693022,15.008687973022461,0.0,0.0,0,0,0.39970970153808594,2
6221,220.2050518989563,35.73147958835957,14.000177383422852,0.0,0.0,0,0,0.3976144790649414,2
6222,220.23505067825317,33.33468972533062,15.996217727661133,0.0,0.0,0,0,0.39979124069213867,2
6223,220.2630615234375,35.700457926901926,15.011072158813477,0.0,0.0,0,0,0.3976144790649414,2
6224,220.29305386543274,33.34184440010493,16.99686050415039,0.0,0.0,0,0,0.40003204345703125,2
6225,220.321058511734,35.708360292865656,15.007495880126953,0.0,0.0,0,0,0.3976144790649414,2
6226,220.3510525226593,33.33998918953292,17.00139045715332,0.0,0.0,0,0,0.399569034576416,2
6227,220.38005685806274,34.47760433363748,14.979839324951172,0.0,0.0,0,0,0.3976144790649414,2
6228,220.4100522994995,33.33839917335665,15.99574089050293,0.0,0.0,0,0,0.3995485305786133,2
6229,220.4440610408783,29.40420490314982,17.00758934020996,0.0,0.0,0,0,0.3976144790649414,2
6230,220.47705054283142,31.258087835269745,17.981767654418945,0.0,0.0,0,0,0.3995485305786133,2
6231,220.5080509185791,32.25271252258833,16.0062313079834,0.0,0.0,0,0,0.3976144790649414,2
6232,220.53805208206177,32.26412510865468,16.99352264404297,0.0,0.0,0,0,0.399569034576416,2
6233,220.56705784797668,34.475903961071516,16.005754470825195,0.0,0.0,0,0,0.3976144790649414,2
6234,220.59805631637573,32.25965835236931,18.00370216369629,0.0,0.0,0,0,0.3995490074157715,2
6235,220.62905764579773,32.25668120188573,17.00615882873535,0.0,0.0,0,0,0.3976144790649414,2
6236,220.66305422782898,29.414721723518852,19.998788833618164,0.0,0.0,0,0,0.39958953857421875,2
6237,220.6930594444275,33.3275381204758,15.992879867553711,0.0,0.0,0,0,0.3976144790649414,2
6238,220.72806310653687,29.404823331463824,18.948793411254883,0.0,0.0,0,0,0.3996100425720215,2
6239,220.76306986808777,28.57311025123985,18.004179000854492,0.0,0.0,0,0,0.3976144790649414,2
6240,220.79609966278076,30.269577454624184,17.003774642944336,0.0,0.0,0,0,0.39970970153808594,2
6241,220.829097032547,29.415959491114133,15.000343322753906,0.0,0.0,0,0,0.3976144790649414,2
6242,220.8630976676941,29.411215280942997,18.994569778442383,0.0,0.0,0,0,0.3996100425720215,2
6243,220.89511466026306,31.23341450156007,17.005205154418945,0.0,0.0,0,0,0.3976144790649414,2
6244,220.92611169815063,33.33998918953292,15.98501205444336,0.0,0.0,0,0,0.39946794509887695,2
6245,220.95517349243164,33.261465016137855,15.063047409057617,0.0,0.0,0,0,0.3976144790649414,2
6246,220.98611307144165,32.32106033752023,16.9985294342041,0.0,0.0,0,0,0.3995485305786133,2
6247,221.02110862731934,28.575056887084248,16.998767852783203,0.0,0.0,0,0,0.3976144790649414,2
6248,221.0581111907959,27.02515463917526,21.996498107910156,0.0,0.0,0,0,0.3996295928955078,2
6249,221.1001091003418,23.81070893319406,16.9985294342041,0.0,0.0,0,0,0.3976144790649414,2
6250,221.1341164112091,29.405441785791904,18.006086349487305,0.0,0.0,0,0,0.39971017837524414,2
6251,221.16710925102234,31.25086801674937,16.003131866455078,0.0,0.0,0,0,0.3976144790649414,2
6252,221.19915342330933,30.268266809072607,16.999483108520508,0.0,0.0,0,0,0.39971017837524414,2
6253,221.23421335220337,29.362212717102913,15.060901641845703,0.0,0.0,0,0,0.3976144790649414,2
6254,221.2691469192505,28.616388073957836,18.00704002380371,0.0,0.0,0,0,0.39946794509887695,2
6255,221.30214667320251,30.30610268934522,17.00282096862793,0.0,0.0,0,0,0.3976144790649414,2
6256,221.33414769172668,30.30741661367709,17.995357513427734,0.0,0.0,0,0,0.399569034576416,2
6257,221.36614680290222,32.2581697084362,16.000032424926758,0.0,0.0,0,0,0.3976144790649414,2
6258,221.39714813232422,31.24947101773208,16.99519157409668,0.0,0.0,0,0,0.399569034576416,2
6259,221.42914652824402,32.2524645125571,16.989707946777344,0.0,0.0,0,0,0.3976144790649414,2
6260,221.4601709842682,31.232949341355713,17.017602920532227,0.0,0.0,0,0,0.3995485305786133,2
6261,221.4911470413208,33.35271478100449,16.002178192138672,0.0,0.0,0,0,0.3976144790649414,2
6262,221.52215600013733,32.25444869961088,17.00305938720703,0.0,0.0,0,0,0.3995485305786133,2
6263,221.5511577129364,33.332570411342104,16.01099967956543,0.0,0.0,0,0,0.3976144790649414,2
6264,221.58237171173096,32.036907753530755,17.21811294555664,0.0,0.0,0,0,0.39946794509887695,2
6265,221.61736297607422,28.57856150009539,16.994953155517578,0.0,0.0,0,0,0.3976144790649414,2
6266,221.6574149131775,24.96758140365498,26.005029678344727,0.0,0.0,0,0,0.40039491653442383,2
6267,221.6904046535492,30.312454379232342,16.00193977355957,0.0,0.0,0,0,0.3976144790649414,2
6268,221.72340512275696,31.24341879832546,18.00823211669922,0.0,0.0,0,0,0.3995490074157715,2
6269,221.75440335273743,31.257854885828415,17.00139045715332,0.0,0.0,0,0,0.3976144790649414,2
6270,221.78740191459656,30.304350967443607,17.997264862060547,0.0,0.0,0,0,0.3995084762573242,2
6271,221.819402217865,32.25767352432224,16.99519157409668,0.0,0.0,0,0,0.3976144790649414,2
6272,221.85042524337769,31.2276009946841,16.96181297302246,0.0,0.0,0,0,0.39946794509887695,2
6273,221.88046097755432,34.43995204703332,15.036821365356445,0.0,0.0,0,0,0.3976144790649414,2
6274,221.91040301322937,32.31881891523282,15.999794006347656,0.0,0.0,0,0,0.399569034576416,2
6275,221.940411567688,33.323831088865056,16.009092330932617,0.0,0.0,0,0,0.3976144790649414,2
6276,221.97040247917175,33.34343474493406,16.000032424926758,0.0,0.0,0,0,0.40003204345703125,2
6277,222.00392818450928,30.735382698860512,16.01099967956543,0.0,0.0,0,0,0.3976144790649414,2
6278,222.0359296798706,30.310920968954154,16.994714736938477,0.0,0.0,0,0,0.39946794509887695,2
6279,222.0679349899292,31.24481525625745,17.997264862060547,0.0,0.0,0,0,0.3976144790649414,2
6280,222.09793066978455,33.33813418540509,15.996217727661133,0.0,0.0,0,0,0.39946794509887695,2
6281,222.1269805431366,35.71413731150109,14.002561569213867,0.0,0.0,0,0,0.3976144790649414,2
6282,222.1609401702881,28.56377008989376,21.00515365600586,0.0,0.0,0,0,0.39946794509887695,2
6283,222.19099140167236,33.27650661673701,16.05367660522461,0.0,0.0,0,0,0.3976144790649414,2
6284,222.21993160247803,34.55401041323403,14.997720718383789,0.0,0.0,0,0,0.39971017837524414,2
6285,222.2489354610443,35.71626615801216,13.980627059936523,0.0,0.0,0,0,0.3976144790649414,2
6286,222.27992939949036,31.250635174905934,16.99519157409668,0.0,0.0,0,0,0.39946794509887695,2
6287,222.30893564224243,34.475337207486376,14.991044998168945,0.0,0.0,0,0,0.3976144790649414,2
6288,222.33992981910706,33.3397241763046,15.995502471923828,0.0,0.0,0,0,0.3995485305786133,2
6289,222.3739333152771,29.3998766332081,16.003131866455078,0.0,0.0,0,0,0.3976144790649414,2
6290,222.40592861175537,30.316836406479265,16.99519157409668,0.0,0.0,0,0,0.39946794509887695,2
6291,222.43493366241455,34.47675412638916,15.00248908996582,0.0,0.0,0,0,0.3976144790649414,2
6292,222.46592736244202,32.26462149126518,16.99376106262207,0.0,0.0,0,0,0.39979076385498047,2
6293,222.49392890930176,35.71231278789582,15.001535415649414,0.0,0.0,0,0,0.3976144790649414,2
6294,222.52492928504944,33.3291271007986,15.997648239135742,0.0,0.0,0,0,0.39946794509887695,2
6295,222.55493426322937,32.256433130815964,17.006397247314453,0.0,0.0,0,0,0.3976144790649414,2
6296,222.5849289894104,33.33919416248698,16.994237899780273,0.0,0.0,0,0,0.3995485305786133,2
6297,222.61392855644226,34.483273453750215,16.000032424926758,0.0,0.0,0,0,0.3976144790649414,2
6298,222.6439332962036,33.32806776374862,16.998767852783203,0.0,0.0,0,0,0.399569034576416,2
6299,222.6839370727539,24.997639878894795,17.008543014526367,0.0,0.0,0,0,0.3976144790649414,2
6300,222.71592736244202,31.259485604835405,17.999649047851562,0.0,0.0,0,0,0.39946794509887695,2
6301,222.75092887878418,28.570190794716872,17.997026443481445,0.0,0.0,0,0,0.3976144790649414,2
6302,222.78392839431763,30.303475182429015,18.001079559326172,0.0,0.0,0,0,0.3995490074157715,2
6303,222.81692790985107,30.303475182429015,16.998291015625,0.0,0.0,0,0,0.3976144790649414,2
6304,222.84892797470093,32.23858203563358,16.01886749267578,0.0,0.0,0,0,0.3996701240539551,2
6305,222.87892866134644,33.3529800007952,14.995813369750977,0.0,0.0,0,0,0.3976144790649414,2
6306,222.9089298248291,32.25717735547232,15.995025634765625,0.0,0.0,0,0,0.39970970153808594,2
6307,222.93792748451233,34.48554162384378,14.975547790527344,0.0,0.0,0,0,0.3976144790649414,2
6308,222.96795916557312,34.478738008532744,15.002727508544922,0.0,0.0,0,0,0.39970970153808594,2
6309,222.99799752235413,33.26489435949495,15.065193176269531,0.0,0.0,0,0,0.3976144790649414,2
6310,223.0279290676117,32.324298496420234,15.994548797607422,0.0,0.0,0,0,0.3996100425720215,2
6311,223.05793023109436,34.37390591706278,16.07346534729004,0.0,0.0,0,0,0.3976144790649414,2
6312,223.08792924880981,33.435135436761634,15.993833541870117,0.0,0.0,0,0,0.39979076385498047,2
6313,223.11992835998535,31.24411701168776,14.002323150634766,0.0,0.0,0,0,0.3976144790649414,2
6314,223.14996147155762,32.231149909322845,16.022443771362305,0.0,0.0,0,0,0.3996295928955078,2
6315,223.18492770195007,29.434745078774693,20.00594139099121,0.0,0.0,0,0,0.3976144790649414,2
6316,223.2149634361267,33.30187061326897,15.002012252807617,0.0,0.0,0,0,0.3995485305786133,2
6317,223.24296188354492,34.48440750150046,14.984607696533203,0.0,0.0,0,0,0.3976144790649414,2
6318,223.27596378326416,30.30128594133796,15.993118286132812,0.0,0.0,0,0,0.40003204345703125,2
6319,223.30602979660034,33.26014622619066,16.068696975708008,0.0,0.0,0,0,0.3976144790649414,2
6320,223.35696148872375,20.025610297593186,34.998178482055664,0.0,0.0,0,0,0.39958953857421875,2
6321,223.38536071777344,34.01954725000203,15.007972717285156,0.0,0.0,0,0,0.3976144790649414,2
6322,223.41535711288452,33.337339246824676,16.997575759887695,0.0,0.0,0,0,0.399569034576416,2
6323,223.44441485404968,34.414237304823715,16.06154441833496,0.0,0.0,0,0,0.3976144790649414,2
6324,223.47535514831543,32.32031316221402,16.996383666992188,0.0,0.0,0,0,0.3996100425720215,2
6325,223.50736665725708,31.238764839944587,16.014814376831055,0.0,0.0,0,0,0.3976144790649414,2
6326,223.53935384750366,31.262514534450375,17.999649047851562,0.0,0.0,0,0,0.3996295928955078,2
6327,223.56935834884644,33.32833259169792,16.0067081451416,0.0,0.0,0,0,0.3976144790649414,2
6328,223.5993537902832,33.33839917335665,17.000913619995117,0.0,0.0,0,0,0.3995485305786133,2
6329,223.6273548603058,35.7129209417174,15.000343322753906,0.0,0.0,0,0,0.3976144790649414,2
6330,223.65935230255127,32.25469674015857,17.00425148010254,0.0,0.0,0,0,0.39981698989868164,2
6331,223.6903555393219,31.252498006810374,17.999887466430664,0.0,0.0,0,0,0.3976144790649414,2
6332,223.72235321998596,32.25965835236931,17.99464225769043,0.0,0.0,0,0,0.39958953857421875,2
6333,223.76636672019958,22.21594622795913,31.013965606689453,0.0,0.0,0,0,0.3976144790649414,2
6334,223.79736590385437,32.25891401322873,17.006874084472656,0.0,0.0,0,0,0.40003204345703125,2
6335,223.82741045951843,33.28390045708481,16.001224517822266,0.0,0.0,0,0,0.3976144790649414,2
6336,223.85641384124756,34.478738008532744,15.997648239135742,0.0,0.0,0,0,0.39946794509887695,2
6337,223.89050221443176,29.335515502493408,16.093730926513672,0.0,0.0,0,0,0.3976144790649414,2
6338,223.9204339981079,33.40930199214612,16.025304794311523,0.0,0.0,0,0,0.39946794509887695,2
6339,223.95047307014465,33.289976427261834,15.062808990478516,0.0,0.0,0,0,0.3976144790649414,2
6340,223.97941088676453,34.55685731705307,13.997316360473633,0.0,0.0,0,0,0.3980979919433594,1
6341,224.00941252708435,33.33151085539909,13.002157211303711,0.0,0.0,0,0,0.3990516662597656,1
6342,224.03941249847412,33.33336512250753,12.997150421142578,0.0,0.0,0,0,0.3976144790649414,1
6343,224.06641507148743,38.462209995414945,9.981393814086914,0.0,0.0,0,0,0.3990488052368164,1
6344,224.0944104194641,34.48469102509291,12.995004653930664,0.0,0.0,0,0,0.3980979919433594,1
6345,224.12047123908997,39.92559945932053,10.031461715698242,0.0,0.0,0,0,0.3990488052368164,1
6346,224.14641046524048,37.100989818754364,10.977029800415039,0.0,0.0,0,0,0.3980979919433594,1
6347,224.17042756080627,41.637007991264205,10.009288787841797,0.0,0.0,0,0,0.3990488052368164,1
6348,224.1984100341797,35.736655107483365,12.938499450683594,0.0,0.0,0,0,0.3980979919433594,1
6349,224.22741055488586,34.48213948058568,10.988712310791016,0.0,0.0,0,0,0.3990516662597656,1
6350,224.25641107559204,35.715049643216,11.99483871459961,0.0,0.0,0,0,0.3980979919433594,1
6351,224.28342008590698,35.701369559851216,12.009620666503906,0.0,0.0,0,0,0.3990511894226074,1
6352,224.3114185333252,37.051173555471145,10.994195938110352,0.0,0.0,0,0,0.3980979919433594,1
6353,224.3374104499817,37.03612393928423,10.999441146850586,0.0,0.0,0,0,0.3990511894226074,1
6354,224.36941838264465,31.242255178732375,12.999534606933594,0.0,0.0,0,0,0.3980979919433594,1
6355,224.39541339874268,38.46891251112069,11.002540588378906,0.0,0.0,0,0,0.3990511894226074,1
6356,224.42341136932373,35.71687444648818,13.001441955566406,0.0,0.0,0,0,0.3976421356201172,1
6357,224.44940900802612,38.465031822600466,10.989665985107422,0.0,0.0,0,0,0.40059947967529297,1
6358,224.4784083366394,34.48355695869508,13.993978500366211,0.0,0.0,1,0,0.40040159225463867,1
6359,224.50840878486633,34.478454582819566,10.002851486206055,0.0,0.0,0,0,0.39996337890625,1
6360,224.53543901443481,35.679806727121154,13.028860092163086,0.0,0.0,1,0,0.4020719528198242,1
6361,224.57040977478027,28.595317634546422,15.987396240234375,0.0,0.0,1,0,0.39905834197998047,1
6362,224.60042643547058,33.314831730196424,14.018058776855469,0.0,0.0,1,0,0.40102100372314453,1
6363,224.62641739845276,38.474911479259546,11.008024215698242,0.0,0.0,1,0,0.40056419372558594,1
6364,224.65541315078735,35.72478408258522,11.979341506958008,0.0,0.0,2,0,0.39916563034057617,1
6365,224.6834101676941,34.48157252197075,12.001276016235352,0.0,0.0,1,0,0.4012336730957031,1
6366,224.7144091129303,32.259162122459024,14.000415802001953,0.0,0.0,2,0,0.40065574645996094,1
6367,224.74242067337036,35.699546340508476,11.010885238647461,0.0,0.0,1,0,0.4012613296508789,1
6368,224.77941918373108,27.028115193030164,20.009517669677734,0.0,0.0,1,0,0.40076255798339844,2
6369,224.81241106987,30.310482880226626,17.000198364257812,0.0,0.0,0,0,0.3976144790649414,2
6370,224.84641027450562,30.30128594133796,16.997814178466797,0.0,0.0,0,0,0.3996100425720215,2
6371,224.87841629981995,31.24621183902737,16.000747680664062,0.0,0.0,0,0,0.3976144790649414,2
6372,224.9094204902649,31.246444614960552,16.00480079650879,0.0,0.0,0,0,0.3996305465698242,2
6373,224.93841528892517,34.488944438505754,9.990453720092773,0.0,0.0,0,0,0.3976144790649414,1
6374,224.9744107723236,27.781263247138618,21.001100540161133,0.0,0.0,0,0,0.3980979919433594,1
6375,224.99941492080688,41.657684858717786,9.006023406982422,0.0,0.0,0,0,0.3976144790649414,1
6376,225.02441096305847,38.46891251112069,10.996341705322266,0.0,0.0,0,0,0.3980979919433594,1
6377,225.0484104156494,41.66761705129097,8.999347686767578,0.0,0.0,0,0,0.3976144790649414,1
6378,225.07593536376953,37.70567611787339,10.999917984008789,0.0,0.0,0,0,0.3980979919433594,1
6379,225.10094594955444,39.982307633646,10.011672973632812,0.0,0.0,0,0,0.3976144790649414,1
6380,225.12793016433716,35.73026203700549,12.99428939819336,0.0,0.0,0,0,0.3990650177001953,1
6381,225.1519956588745,41.55327032435753,9.065866470336914,0.0,0.0,0,0,0.3976144790649414,1
6382,225.1779396533966,38.544565646911785,12.004375457763672,0.0,0.0,0,0,0.3980979919433594,1
6383,225.2029368877411,41.685009789403594,9.998321533203125,0.0,0.0,0,0,0.3976144790649414,1
6384,225.22893619537354,38.4593885822223,10.99395751953125,0.0,0.0,0,0,0.39858150482177734,1
6385,225.2579460144043,33.31615486043815,10.959386825561523,0.0,0.0,0,0,0.3976144790649414,1
6386,225.28493571281433,38.485149332476944,10.999679565429688,0.0,0.0,0,0,0.3990650177001953,1
6387,225.308940410614,39.98345106338357,10.009527206420898,0.0,0.0,0,0,0.3977646827697754,1
6388,225.33693075180054,35.72660988074957,12.001276016235352,0.0,0.0,0,0,0.39974212646484375,1
6389,225.36393094062805,37.03677801619469,12.000799179077148,0.0,0.0,0,0,0.3993253707885742,1
6390,225.39193987846375,35.702889051567105,13.010501861572266,0.0,0.0,0,0,0.39989137649536133,1
6391,225.41993761062622,35.71717859849614,13.00811767578125,0.0,0.0,0,0,0.3994922637939453,1
6392,225.44794058799744,35.71048845069943,12.011289596557617,0.0,0.0,0,0,0.4003763198852539,1
6393,225.47494053840637,37.0371050633135,12.010812759399414,0.0,0.0,0,0,0.39955997467041016,1
6394,225.50393104553223,34.49404991981578,13.001680374145508,0.0,0.0,0,0,0.4019308090209961,1
6395,225.53095507621765,37.00410244646969,11.025190353393555,0.0,0.0,0,0,0.3999190330505371,1
6396,225.56795382499695,27.778503354504572,20.004987716674805,0.0,0.0,0,0,0.40085887908935547,1
6397,225.59895014762878,32.26288421894711,11.0015869140625,0.0,0.0,0,0,0.39991283416748047,1
6398,225.63394856452942,28.571553133514985,18.99862289428711,0.0,0.0,0,0,0.3996696472167969,2
6399,225.66795468330383,28.567077365262936,17.999887466430664,0.0,0.0,0,0,0.3976144790649414,2
6400,225.70495700836182,27.02532877144827,22.00174331665039,0.0,0.0,0,0,0.4005565643310547,2
6401,225.7389509677887,29.41699104368745,17.997026443481445,0.0,0.0,0,0,0.3976144790649414,2
6402,225.77295327186584,29.40977169462052,17.996788024902344,0.0,0.0,0,0,0.3996291160583496,2
6403,225.80594849586487,30.30741661367709,17.960786819458008,0.0,0.0,0,0,0.3976144790649414,2
6404,225.83894801139832,30.303475182429015,17.993927001953125,0.0,0.0,0,0,0.40023374557495117,2
6405,225.87095069885254,31.24737575337669,16.999006271362305,0.0,0.0,0,0,0.3976144790649414,2
6406,225.90296006202698,31.240858949626464,17.006397247314453,0.0,0.0,0,0,0.39979076385498047,2
6407,225.9345281124115,32.72351646979887,14.503717422485352,0.0,0.0,0,0,0.3976144790649414,2
6408,225.96452474594116,33.33336512250753,15.994548797607422,0.0,0.0,0,0,0.39958953857421875,2
6409,225.99751830101013,29.412452753448385,15.99264144897461,0.0,0.0,0,0,0.3976144790649414,2
6410,226.02952456474304,32.25668120188573,15.992879867553711,0.0,0.0,0,0,0.399871826171875,2
6411,226.0615246295929,30.298440400771494,17.99917221069336,0.0,0.0,0,0,0.3976144790649414,2
6412,226.09252071380615,33.325684501581144,15.999317169189453,0.0,0.0,0,0,0.399871826171875,2
6413,226.12151956558228,33.346615889774924,15.001296997070312,0.0,0.0,0,0,0.3976144790649414,2
6414,226.15158915519714,34.42497065799949,16.047000885009766,0.0,0.0,0,0,0.399871826171875,2
6415,226.18052554130554,33.380851571826504,15.938758850097656,0.0,0.0,0,0,0.3976144790649414,2
6416,226.20953130722046,34.475903961071516,16.01123809814453,0.0,0.0,0,0,0.399871826171875,2
6417,226.23852491378784,34.49036247615288,14.999151229858398,0.0,0.0,0,0,0.3976144790649414,2
6418,226.2675325870514,34.47363705852861,16.007661819458008,0.0,0.0,0,0,0.3996696472167969,2
6419,226.29651832580566,35.72326272666105,14.997482299804688,0.0,0.0,0,0,0.3976144790649414,2
6420,226.32752013206482,32.265366093819715,16.99066162109375,0.0,0.0,0,0,0.40015316009521484,2
6421,226.36151790618896,28.571942397035382,17.992258071899414,0.0,0.0,0,0,0.3976144790649414,2
6422,226.39354181289673,31.226671034410877,17.02284812927246,0.0,0.0,0,0,0.3998575210571289,2
6423,226.42251873016357,34.51022725402755,15.955686569213867,0.0,0.0,0,0,0.3976144790649414,2
6424,226.45559358596802,31.248539754440337,17.99941062927246,0.0,0.0,0,0,0.40023374557495117,2
6425,226.4855251312256,33.32780294000795,15.934228897094727,0.0,0.0,0,0,0.3976144790649414,2
6426,226.51553177833557,32.25122451961154,17.00448989868164,0.0,0.0,0,0,0.3998575210571289,2
6427,226.54552507400513,34.498589394550045,14.928340911865234,0.0,0.0,0,0,0.3976144790649414,2
6428,226.59052181243896,21.737551308097352,32.00101852416992,0.0,0.0,0,0,0.3996291160583496,2
6429,226.61952424049377,34.4798717579843,15.937089920043945,0.0,0.0,0,0,0.3976144790649414,2
6430,226.64952063560486,33.337339246824676,15.993118286132812,0.0,0.0,0,0,0.3997359275817871,2
6431,226.68152523040771,32.25221650634001,17.004728317260742,0.0,0.0,0,0,0.3976144790649414,2
6432,226.71251821517944,31.257854885828415,17.000913619995117,0.0,0.0,0,0,0.3997502326965332,2
6433,226.74552416801453,30.29756495734522,16.0067081451416,0.0,0.0,0,0,0.3976144790649414,2
6434,226.77751755714417,31.256457262091065,17.999887466430664,0.0,0.0,0,0,0.40015316009521484,2
6435,226.80851793289185,33.32833259169792,16.004562377929688,0.0,0.0,0,0,0.3976144790649414,2
6436,226.84158873558044,30.302818376886563,17.97342300415039,0.0,0.0,0,0,0.39958953857421875,2
6437,226.87252068519592,32.26189157590302,15.994787216186523,0.0,0.0,0,0,0.3976144790649414,2
6438,226.9105842113495,25.597968911158173,21.06499671936035,0.0,0.0,0,0,0.39910125732421875,2
6439,226.9425187110901,31.31409629469252,16.99352264404297,0.0,0.0,0,0,0.3976144790649414,2
6440,226.9735221862793,32.25444869961088,18.001079559326172,0.0,0.0,0,0,0.399871826171875,2
6441,227.0045177936554,33.32621408593948,15.009403228759766,0.0,0.0,0,0,0.3976144790649414,2
6442,227.03551816940308,32.26586251461629,15.995502471923828,0.0,0.0,0,0,0.3995485305786133,2
6443,227.06353211402893,34.469670696328926,15.00701904296875,0.0,0.0,0,0,0.3976144790649414,2
6444,227.0935196876526,33.34714613959627,16.001462936401367,0.0,0.0,0,0,0.39958953857421875,2
6445,227.1255180835724,32.25271252258833,13.999700546264648,0.0,0.0,0,0,0.3976144790649414,2
6446,227.15852618217468,30.30719761837665,18.002033233642578,0.0,0.0,0,0,0.39971017837524414,2
6447,227.18652486801147,34.477320926562214,14.941930770874023,0.0,0.0,0,0,0.3976144790649414,2
6448,227.21611976623535,33.789607669378874,15.594720840454102,0.0,0.0,0,0,0.3995084762573242,2
6449,227.25211095809937,27.784575842287257,22.93872833251953,0.0,0.0,0,0,0.3976144790649414,2
6450,227.28811025619507,28.569801578922274,16.002655029296875,0.0,0.0,0,0,0.3998575210571289,2
6451,227.31611728668213,34.47760433363748,14.94455337524414,0.0,0.0,0,0,0.3976144790649414,2
6452,227.34811162948608,31.255525582365827,17.000436782836914,0.0,0.0,0,0,0.3996291160583496,2
6453,227.37611651420593,35.708056291024256,15.000343322753906,0.0,0.0,0,0,0.3976144790649414,2
6454,227.40611100196838,33.33945916728932,15.99431037902832,0.0,0.0,0,0,0.3997359275817871,2
6455,227.43511581420898,34.47703752414615,15.999317169189453,0.0,0.0,0,0,0.3976144790649414,2
6456,227.46811723709106,30.301723764250315,20.000696182250977,0.0,0.0,0,0,0.40083789825439453,2
6457,227.50011610984802,31.251100862062543,16.00027084350586,0.0,0.0,0,0,0.3976144790649414,2
6458,227.5321171283722,31.249005379147977,16.999006271362305,0.0,0.0,0,0,0.399630069732666,2
6459,227.5611093044281,35.72326272666105,14.994144439697266,0.0,0.0,0,0,0.3976144790649414,2
6460,227.59111380577087,32.25420066287806,17.004966735839844,0.0,0.0,0,0,0.39979076385498047,2
6461,227.6201159954071,35.709272329448225,15.001535415649414,0.0,0.0,0,0,0.3976144790649414,2
6462,227.65410995483398,28.577782622915077,18.99409294128418,0.0,0.0,0,0,0.40124082565307617,2
6463,227.68511605262756,33.32489015660133,15.943288803100586,0.0,0.0,0,0,0.3976144790649414,2
6464,227.71611309051514,31.254361060812673,17.992496490478516,0.0,0.0,0,0,0.399630069732666,2
6465,227.74811029434204,31.25273087641387,15.985965728759766,0.0,0.0,0,0,0.3976144790649414,2
6466,227.78111457824707,30.299097016542657,18.00060272216797,0.0,0.0,0,0,0.39971017837524414,2
6467,227.8131103515625,31.254128166915052,16.99972152709961,0.0,0.0,0,0,0.3976144790649414,2
6468,227.84412717819214,32.240564514889236,17.010211944580078,0.0,0.0,0,0,0.3996295928955078,2
6469,227.88111758232117,27.034038247104398,15.975236892700195,0.0,0.0,0,0,0.3976144790649414,2
6470,227.91311168670654,31.255758497090014,16.99542999267578,0.0,0.0,0,0,0.39970970153808594,2
6471,227.9451503753662,31.212263729721684,16.03865623474121,0.0,0.0,0,0,0.3976144790649414,2
6472,227.98311471939087,27.030205386315743,23.029088973999023,0.0,0.0,0,0,0.40003204345703125,2
6473,228.0221107006073,25.02209707440462,15.998363494873047,0.0,0.0,0,0,0.3976144790649414,2
6474,228.0651135444641,23.25427600392533,28.997421264648438,0.0,0.0,0,0,0.4006819725036621,2
6475,228.09611988067627,32.25147251057286,15.913724899291992,0.0,0.0,0,0,0.3976144790649414,2
6476,228.12612390518188,33.32886226022281,16.00790023803711,0.0,0.0,0,0,0.40003204345703125,2
6477,228.1551730632782,34.42440557776118,14.046669006347656,0.0,0.0,0,0,0.3976144790649414,2
6478,228.193110704422,26.359045260869017,15.995502471923828,0.0,0.0,0,0,0.39971065521240234,2
6479,228.22219610214233,34.381513693408635,15.07115364074707,0.0,0.0,0,0,0.3976144790649414,2
6480,228.25213503837585,34.56255253226099,16.01433753967285,0.0,0.0,0,0,0.39971017837524414,2
6481,228.2841694355011,30.266082652023005,16.054153442382812,0.0,0.0,0,0,0.3976144790649414,2
6482,228.31512236595154,33.396001369503075,15.003681182861328,0.0,0.0,0,0,0.39946794509887695,2
6483,228.34516954421997,32.199477967142634,16.03984832763672,0.0,0.0,0,0,0.3976144790649414,2
6484,228.37511277198792,33.396533191072606,16.995668411254883,0.0,0.0,0,0,0.3995485305786133,2
6485,228.4041166305542,34.478171161766035,15.987396240234375,0.0,0.0,0,0,0.3976144790649414,2
6486,228.43411111831665,33.33945916728932,17.002105712890625,0.0,0.0,0,0,0.3995485305786133,2
6487,228.47011971473694,28.567466506834855,21.00658416748047,0.0,0.0,0,0,0.3976144790649414,2
6488,228.49911165237427,33.33813418540509,15.992879867553711,0.0,0.0,0,0,0.399569034576416,2
6489,228.5281388759613,34.45041848393005,15.021800994873047,0.0,0.0,0,0,0.3976144790649414,2
6490,228.56011199951172,32.28573188004187,17.00282096862793,0.0,0.0,0,0,0.39970970153808594,2
6491,228.588116645813,34.47760433363748,15.00558853149414,0.0,0.0,0,0,0.3976144790649414,2
6492,228.6181116104126,33.3389291618975,16.995668411254883,0.0,0.0,0,0,0.399569034576416,2
6493,228.65219640731812,29.338593472391263,17.087221145629883,0.0,0.0,0,0,0.3976144790649414,2
6494,228.68963766098022,27.438859086746042,17.004013061523438,0.0,0.0,0,0,0.3996100425720215,2
6495,228.71963620185852,33.33866416552075,15.997886657714844,0.0,0.0,0,0,0.3976144790649414,2
6496,228.7516360282898,30.303256244084647,17.999649047851562,0.0,0.0,0,0,0.3995084762573242,2
6497,228.78263568878174,33.333630034650476,15.999555587768555,0.0,0.0,0,0,0.3976144790649414,2
6498,228.81364011764526,31.245746297565482,18.00394058227539,0.0,0.0,0,0,0.3996295928955078,2
6499,228.8437144756317,33.25091762392878,16.077518463134766,0.0,0.0,0,0,0.3976144790649414,2
6500,228.87563681602478,31.326023959609238,17.995834350585938,0.0,0.0,0,0,0.39946794509887695,2
6501,228.903710603714,35.6204161358811,15.065431594848633,0.0,0.0,0,0,0.3976144790649414,2
6502,228.93363976478577,33.41222955103081,16.00193977355957,0.0,0.0,0,0,0.39971065521240234,2
6503,228.963636636734,34.47080384953607,15.008926391601562,0.0,0.0,0,0,0.3976144790649414,2
6504,228.99363732337952,32.271075855383124,15.993118286132812,0.0,0.0,0,0,0.3996295928955078,2
6505,229.0277075767517,30.29121950514928,16.012907028198242,0.0,0.0,0,0,0.3976144790649414,2
6506,229.05863761901855,31.26228151902508,16.994714736938477,0.0,0.0,0,0,0.40003204345703125,2
6507,229.08770656585693,35.7114005959983,14.002799987792969,0.0,0.0,0,0,0.3976144790649414,2
6508,229.1176393032074,33.29314737936673,16.03221893310547,0.0,0.0,0,0,0.40003204345703125,2
6509,229.14570212364197,34.45183335523722,15.064239501953125,0.0,0.0,0,0,0.3976144790649414,2
6510,229.17464017868042,34.55657260556128,15.002250671386719,0.0,0.0,0,0,0.3996295928955078,2
6511,229.20463824272156,33.33548453755732,15.98501205444336,0.0,0.0,0,0,0.3976144790649414,2
6512,229.2336404323578,34.480155206997466,16.002893447875977,0.0,0.0,0,0,0.39970970153808594,2
6513,229.26263785362244,35.639181564815445,15.055656433105469,0.0,0.0,0,0,0.3976144790649414,2
6514,229.29164218902588,33.39706502958062,15.99574089050293,0.0,0.0,0,0,0.39970970153808594,2
6515,229.31964302062988,35.713225026395556,15.005826950073242,0.0,0.0,0,0,0.3976144790649414,2
6516,229.34863877296448,34.48781009233907,15.99574089050293,0.0,0.0,0,0,0.39958906173706055,2
6517,229.3886468410492,24.994958463940502,16.944408416748047,0.0,0.0,0,0,0.3976144790649414,2
6518,229.4196379184723,32.26735186866278,15.995264053344727,0.0,0.0,0,0,0.3995485305786133,2
6519,229.44864320755005,34.47647073329114,15.002727508544922,0.0,0.0,0,0,0.3976144790649414,2
6520,229.47867822647095,33.2944687877056,16.03984832763672,0.0,0.0,0,0,0.40003204345703125,2
6521,229.50769996643066,34.45692785436143,15.062570571899414,0.0,0.0,0,0,0.3976144790649414,2
6522,229.5376386642456,33.401586340904025,16.98589324951172,0.0,0.0,0,0,0.40003204345703125,2
6523,229.5686433315277,32.253208554093646,17.002582550048828,0.0,0.0,0,0,0.3976144790649414,2
6524,229.5996446609497,32.25668120188573,16.988754272460938,0.0,0.0,0,0,0.40003204345703125,2
6525,229.62864446640015,34.482989953466955,15.988349914550781,0.0,0.0,0,0,0.3976144790649414,2
6526,229.65863800048828,33.34051922862911,16.994953155517578,0.0,0.0,0,0,0.3995485305786133,2
6527,229.69063758850098,31.250402336532158,17.999649047851562,0.0,0.0,0,0,0.3976144790649414,2
6528,229.72366046905518,30.2820342507292,19.02318000793457,0.0,0.0,0,0,0.3997359275817871,2
6529,229.7606360912323,27.044845796230504,18.996238708496094,0.0,0.0,0,0,0.3976144790649414,2
6530,229.79264855384827,31.237834214642138,17.012357711791992,0.0,0.0,0,0,0.39979076385498047,2
6531,229.82363772392273,32.26933788795027,15.999317169189453,0.0,0.0,0,0,0.3976144790649414,2
6532,229.8636691570282,24.980369735086715,25.031328201293945,0.0,0.0,0,0,0.3990449905395508,2
6533,229.89364552497864,34.51817957369764,15.001296997070312,0.0,0.0,0,0,0.3976144790649414,2
6534,229.9256546497345,31.250635174905934,16.991138458251953,0.0,0.0,0,0,0.40003204345703125,2
6535,229.95563983917236,33.33442479634413,15.000343322753906,0.0,0.0,0,0,0.3976144790649414,2
6536,229.9846706390381,33.29684758706645,15.998601913452148,0.0,0.0,0,0,0.39970970153808594,2
6537,230.01466989517212,34.39786771640628,15.064239501953125,0.0,0.0,0,0,0.3976144790649414,2
6538,230.04366946220398,33.41435900704248,15.995264053344727,0.0,0.0,0,0,0.39946794509887695,2
6539,230.07274079322815,34.398149818754405,15.056848526000977,0.0,0.0,0,0,0.3976144790649414,2
6540,230.10267877578735,33.40238434645494,17.010927200317383,0.0,0.0,0,0,0.399630069732666,2
6541,230.13467621803284,32.263132389252554,15.00558853149414,0.0,0.0,0,0,0.3976144790649414,2
6542,230.164719581604,32.2106055369965,15.988588333129883,0.0,0.0,0,0,0.40003204345703125,2
6543,230.1937279701233,34.47278704693022,15.043497085571289,0.0,0.0,0,0,0.3976144790649414,2
6544,230.235671043396,23.84183899682814,27.993202209472656,0.0,0.0,0,0,0.3996295928955078,2
6545,230.2746696472168,26.272198837442374,25.06566047668457,0.0,0.0,0,0,0.3976144790649414,2
6546,230.30366778373718,34.5597046900234,14.996528625488281,0.0,0.0,0,0,0.39971065521240234,2
6547,230.3316695690155,35.637364691488095,14.027833938598633,0.0,0.0,0,0,0.3976144790649414,2
6548,230.3596704006195,34.55372574865098,14.997005462646484,0.0,0.0,0,0,0.39971065521240234,2
6549,230.38770151138306,35.674647659712,15.028715133666992,0.0,0.0,0,0,0.3976144790649414,2
6550,230.41667079925537,34.51931591855546,15.997648239135742,0.0,0.0,0,0,0.39946794509887695,2
6551,230.44475317001343,35.60952914607848,15.084505081176758,0.0,0.0,0,0,0.3976144790649414,2
6552,230.47370791435242,34.53665445263288,16.03555679321289,0.0,0.0,0,0,0.39971017837524414,2
6553,230.50471878051758,32.24676133436868,14.040470123291016,0.0,0.0,0,0,0.3976144790649414,2
6554,230.53570222854614,33.3739457016455,17.014741897583008,0.0,0.0,0,0,0.39970970153808594,2
6555,230.5636739730835,34.49263157894737,15.006542205810547,0.0,0.0,0,0,0.3976144790649414,2
6556,230.5937044620514,33.29949109616774,17.03166961669922,0.0,0.0,0,0,0.39946794509887695,2
6557,230.62166953086853,35.758896448241174,14.988422393798828,0.0,0.0,0,0,0.3976144790649414,2
6558,230.666668176651,22.22289099174517,27.93145179748535,0.0,0.0,0,0,0.39958953857421875,2
6559,230.69766902923584,32.25717735547232,16.988039016723633,0.0,0.0,0,0,0.3976144790649414,2
6560,230.7316699028015,30.30216159981505,17.99774169921875,0.0,0.0,0,0,0.3996295928955078,2
6561,230.76372838020325,30.24949335410401,18.059492111206055,0.0,0.0,0,0,0.3976144790649414,2
6562,230.79573130607605,31.247142963569992,18.063068389892578,0.0,0.0,0,0,0.40003204345703125,2
6563,230.826669216156,32.32280388092137,17.000198364257812,0.0,0.0,0,0,0.3976144790649414,2
6564,230.85867071151733,31.248539754440337,16.997098922729492,0.0,0.0,0,0,0.40003204345703125,2
6565,230.89367365837097,28.56902317914626,14.997243881225586,0.0,0.0,0,0,0.3976144790649414,2
6566,230.92567110061646,32.26139527728636,16.993045806884766,0.0,0.0,0,0,0.3996701240539551,2
6567,230.9547061920166,33.293675930115334,15.037298202514648,0.0,0.0,0,0,0.3976144790649414,2
6568,230.9846694469452,33.374211259200315,16.993045806884766,0.0,0.0,0,0,0.3996701240539551,2
6569,231.0136740207672,34.477320926562214,16.004562377929688,0.0,0.0,0,0,0.3976144790649414,2
6570,231.0446903705597,32.241060172800786,16.014814376831055,0.0,0.0,0,0,0.39970970153808594,2
6571,231.08573365211487,24.976948316828146,14.058113098144531,0.0,0.0,0,0,0.3976144790649414,2
6572,231.1156711578369,32.31657780380313,16.940593719482422,0.0,0.0,0,0,0.39971065521240234,2
6573,231.1447353363037,34.40661504134401,15.056848526000977,0.0,0.0,0,0,0.3976144790649414,2
6574,231.18468618392944,25.670191931061495,25.01654624938965,0.0,0.0,0,0,0.3996305465698242,2
6575,231.2126748561859,34.50199478476889,15.006780624389648,0.0,0.0,0,0,0.3976144790649414,2
6576,231.24267148971558,33.337074275722294,16.002655029296875,0.0,0.0,0,0,0.39946794509887695,2
6577,231.2736690044403,32.26065085799112,15.001058578491211,0.0,0.0,0,0,0.3976144790649414,2
6578,231.3046691417694,32.25792161447117,15.99431037902832,0.0,0.0,0,0,0.40003204345703125,2
6579,231.33367085456848,34.48072211900495,15.001535415649414,0.0,0.0,0,0,0.3976144790649414,2
6580,231.36267399787903,34.4790214389057,16.005516052246094,0.0,0.0,0,0,0.39970970153808594,2
6581,231.39075446128845,36.933069167437154,14.081716537475586,0.0,0.0,0,0,0.3976144790649414,2
6582,231.41867113113403,34.57679878651982,14.995813369750977,0.0,0.0,0,0,0.3996295928955078,2
6583,231.4466700553894,35.715657890255116,14.001607894897461,0.0,0.0,0,0,0.3976144790649414,2
6584,231.47566938400269,34.48355695869508,15.994787216186523,0.0,0.0,0,0,0.3996295928955078,2
6585,231.5047149658203,34.42864413179453,15.04659652709961,0.0,0.0,0,0,0.3976144790649414,2
6586,231.53567171096802,32.30313765961707,18.001079559326172,0.0,0.0,0,0,0.3995084762573242,2
6587,231.56467533111572,34.478454582819566,14.991998672485352,0.0,0.0,0,0,0.3976144790649414,2
6588,231.5956892967224,32.243538690979534,18.019676208496094,0.0,0.0,0,0,0.399569034576416,2
6589,231.62766861915588,31.27020599264898,14.994382858276367,0.0,0.0,0,0,0.3976144790649414,2
6590,231.6604778766632,30.479202395139957,18.2492733001709,0.0,0.0,0,0,0.3995485305786133,2
6591,231.6914587020874,33.35510191097998,15.98358154296875,0.0,0.0,0,0,0.3976144790649414,2
6592,231.72245860099792,31.249703842228,18.00060272216797,0.0,0.0,0,0,0.3996295928955078,2
6593,231.75346779823303,32.248496870723194,16.99542999267578,0.0,0.0,0,0,0.3976144790649414,2
6594,231.78846096992493,28.57700378818848,19.994497299194336,0.0,0.0,0,0,0.39946794509887695,2
6595,231.82053804397583,32.19552335042525,16.062259674072266,0.0,0.0,0,0,0.3976144790649414,2
6596,231.85345911979675,30.352157929776826,18.002986907958984,0.0,0.0,0,0,0.3996295928955078,2
6597,231.88352513313293,32.19848922188786,16.066312789916992,0.0,0.0,0,0,0.3976144790649414,2
6598,231.91346144676208,33.40424650770137,16.000986099243164,0.0,0.0,0,0,0.39971065521240234,2
6599,231.94346237182617,34.4863922645574,14.997482299804688,0.0,0.0,0,0,0.3976144790649414,2
6600,231.97545909881592,31.24807414360854,15.995264053344727,0.0,0.0,0,0,0.39971065521240234,2
6601,232.01021528244019,27.96817966619323,14.994382858276367,0.0,0.0,0,0,0.3976144790649414,2
6602,232.04321813583374,30.300410333468186,18.002986907958984,0.0,0.0,0,0,0.3996295928955078,2
6603,232.0732762813568,33.26885217294742,16.0524845123291,0.0,0.0,0,0,0.3976144790649414,2
6604,232.1042172908783,33.384039860551745,16.0067081451416,0.0,0.0,0,0,0.40003204345703125,2
6605,232.13328051567078,33.27809073454038,15.064239501953125,0.0,0.0,0,0,0.3976144790649414,2
6606,232.16921615600586,27.827526953060207,21.993160247802734,0.0,0.0,0,0,0.3996701240539551,2
6607,232.1982171535492,34.48157252197075,15.002012252807617,0.0,0.0,0,0,0.3976144790649414,2
6608,232.22921562194824,32.25965835236931,16.991615295410156,0.0,0.0,0,0,0.39970970153808594,2
6609,232.25721526145935,35.714745527465325,14.99485969543457,0.0,0.0,0,0,0.3976144790649414,2
6610,232.28721857070923,33.32965679457737,16.997575759887695,0.0,0.0,0,0,0.40003204345703125,2
6611,232.31629300117493,35.71626615801216,14.99629020690918,0.0,0.0,0,0,0.3976144790649414,2
6612,232.34522342681885,33.32621408593948,16.002178192138672,0.0,0.0,0,0,0.3996295928955078,2
6613,232.37731075286865,31.164952743268145,15.093803405761719,0.0,0.0,0,0,0.3976144790649414,2
6614,232.40821599960327,32.35696542360329,16.001462936401367,0.0,0.0,0,0,0.3998708724975586,2
6615,232.43821477890015,34.474203756215836,14.992237091064453,0.0,0.0,0,0,0.3976144790649414,2
6616,232.46821546554565,33.33548453755732,16.000032424926758,0.0,0.0,0,0,0.39970970153808594,2
6617,232.4972221851349,34.48100558199949,15.007734298706055,0.0,0.0,0,0,0.3976144790649414,2
6618,232.52722477912903,33.34210944704124,15.993833541870117,0.0,0.0,0,0,0.39946794509887695,2
6619,232.5672791004181,24.352075059801667,27.063608169555664,0.0,0.0,0,0,0.3976144790649414,2
6620,232.5982165336609,32.32330207073004,17.992258071899414,0.0,0.0,0,0,0.39970970153808594,2
6621,232.62721991539001,35.71170465478633,15.003681182861328,0.0,0.0,0,0,0.3976144790649414,2
6622,232.6592366695404,31.252498006810374,17.99488067626953,0.0,0.0,0,0,0.3995485305786133,2
6623,232.6942162513733,28.570190794716872,16.98899269104004,0.0,0.0,0,0,0.3976144790649414,2
6624,232.72921776771545,27.777583512146016,21.00086212158203,0.0,0.0,0,0,0.3996291160583496,2
6625,232.7682249546051,26.310102999661268,20.011186599731445,0.0,0.0,0,0,0.3976144790649414,2
6626,232.80321788787842,27.784023688237358,18.99576187133789,0.0,0.0,0,0,0.40003204345703125,2
6627,232.83528065681458,31.188822212803295,17.05646514892578,0.0,0.0,0,0,0.3976144790649414,2
6628,232.86722707748413,31.302411319994327,18.005847930908203,0.0,0.0,0,0,0.39958953857421875,2
6629,232.89729714393616,33.25566312250739,16.081571578979492,0.0,0.0,0,0,0.3976144790649414,2
6630,232.92822098731995,33.42261321348601,15.99574089050293,0.0,0.0,0,0,0.39970970153808594,2
6631,232.9692211151123,23.807194995969986,27.00209617614746,0.0,0.0,0,0,0.3976144790649414,2
6632,233.00021481513977,32.26462149126518,16.99542999267578,0.0,0.0,0,0,0.39970970153808594,2
6633,233.029301404953,34.380104591878556,15.084266662597656,0.0,0.0,0,0,0.3976144790649414,2
6634,233.07321619987488,22.771369006254343,30.00020980834961,0.0,0.0,0,0,0.39970970153808594,2
6635,233.10321688652039,33.332570411342104,16.000747680664062,0.0,0.0,0,0,0.3976144790649414,2
6636,233.13321566581726,33.33468972533062,15.994787216186523,0.0,0.0,0,0,0.39971065521240234,2
6637,233.16621446609497,30.304132016444257,15.000581741333008,0.0,0.0,0,0,0.3976144790649414,2
6638,233.19823813438416,31.226903519286463,17.023801803588867,0.0,0.0,0,0,0.3993873596191406,2
6639,233.2272207736969,34.503413895789805,15.002012252807617,0.0,0.0,0,0,0.3976144790649414,2
6640,233.2572157382965,33.3389291618975,15.995502471923828,0.0,0.0,0,0,0.39970970153808594,2
6641,233.28521418571472,35.71626615801216,14.998912811279297,0.0,0.0,0,0,0.3976144790649414,2
6642,233.31421732902527,34.4790214389057,14.99795913696289,0.0,0.0,0,0,0.39979076385498047,2
6643,233.34221601486206,35.71596202154383,13.985395431518555,0.0,0.0,0,0,0.3976144790649414,2
6644,233.3726634979248,32.84343726997948,16.443252563476562,0.0,0.0,0,0,0.39970970153808594,2
6645,233.40066719055176,35.70957635199564,15.000343322753906,0.0,0.0,0,0,0.3976144790649414,2
6646,233.42968249320984,34.46457242869703,15.014410018920898,0.0,0.0,0,0,0.39958953857421875,2
6647,233.4607219696045,32.21703830584765,17.060279846191406,0.0,0.0,0,0,0.3976144790649414,2
6648,233.48966264724731,34.55344108875818,15.995025634765625,0.0,0.0,0,0,0.39946794509887695,2
6649,233.52267289161682,30.293626087898595,15.999317169189453,0.0,0.0,0,0,0.3976144790649414,2
6650,233.55466175079346,31.260883499414927,17.986774444580078,0.0,0.0,0,0,0.39958953857421875,2
6651,233.58566737174988,32.25221650634001,16.9832706451416,0.0,0.0,0,0,0.3976144790649414,2
6652,233.61666226387024,32.26338056337595,16.994953155517578,0.0,0.0,0,0,0.399569034576416,2
6653,233.64666295051575,34.476187344851965,16.0067081451416,0.0,0.0,0,0,0.3976144790649414,2
6654,233.6776750087738,31.242953340087002,17.00615882873535,0.0,0.0,0,0,0.399569034576416,2
6655,233.70966053009033,32.27331066003909,16.997814178466797,0.0,0.0,0,0,0.3976144790649414,2
6656,233.74066257476807,31.24784134339589,18.002033233642578,0.0,0.0,0,0,0.3995485305786133,2
6657,233.77166080474854,33.33548453755732,15.998125076293945,0.0,0.0,0,0,0.3976144790649414,2
6658,233.80466485023499,30.30128594133796,18.001794815063477,0.0,0.0,0,0,0.3995485305786133,2
6659,233.83666062355042,31.25133371084553,16.99686050415039,0.0,0.0,0,0,0.3976144790649414,2
6660,233.86917185783386,29.84122828236834,18.510103225708008,0.0,0.0,0,0,0.39971017837524414,2
6661,233.9311819076538,16.126418264517145,45.01008987426758,0.0,0.0,0,0,0.3976144790649414,2
6662,233.96117520332336,33.34078425449718,14.996051788330078,0.0,0.0,0,0,0.39946794509887695,2
6663,233.99024438858032,34.40068894812384,15.068531036376953,0.0,0.0,0,0,0.3976144790649414,2
6664,234.0201759338379,33.40956811266349,15.996932983398438,0.0,0.0,0,0,0.399569034576416,2
6665,234.0492227077484,35.633428768042684,15.053272247314453,0.0,0.0,0,0,0.3976144790649414,2
6666,234.08017539978027,32.32678982943729,16.00050926208496,0.0,0.0,0,0,0.3996291160583496,2
6667,234.11042380332947,31.99975586123763,16.251325607299805,0.0,0.0,0,0,0.3976144790649414,2
6668,234.14042043685913,34.48809367188528,15.995502471923828,0.0,0.0,0,0,0.399569034576416,2
6669,234.16945695877075,33.291561827807634,15.04063606262207,0.0,0.0,0,0,0.3976144790649414,2
6670,234.20046067237854,32.25420066287806,16.720294952392578,0.0,0.0,0,0,0.399569034576416,2
6671,234.228444814682,35.734523829808985,14.006614685058594,0.0,0.0,0,0,0.3976144790649414,2
6672,234.26845455169678,25.634891239907834,25.01058578491211,0.0,0.0,0,0,0.4006834030151367,2
6673,234.2994453907013,31.258553744568903,14.995336532592773,0.0,0.0,0,0,0.3976144790649414,2
6674,234.32844042778015,34.48866084496851,14.995336532592773,0.0,0.0,0,0,0.3995485305786133,2
6675,234.35651350021362,37.04037585220248,13.982057571411133,0.0,0.0,0,0,0.3976144790649414,2
6676,234.38544702529907,34.46712137398307,15.006303787231445,0.0,0.0,0,0,0.399569034576416,2
6677,234.41353559494019,34.38264105780029,15.096902847290039,0.0,0.0,0,0,0.3976144790649414,2
6678,234.4464418888092,31.34334693389529,15.996217727661133,0.0,0.0,0,0,0.39946794509887695,2
6679,234.47743964195251,31.250635174905934,18.00060272216797,0.0,0.0,0,0,0.3976144790649414,2
6680,234.5084466934204,32.25072854912997,17.002105712890625,0.0,0.0,0,0,0.39946794509887695,2
6681,234.5374412536621,34.489228036706905,15.00248908996582,0.0,0.0,0,0,0.3976144790649414,2
6682,234.56746220588684,33.31006933138496,17.017364501953125,0.0,0.0,0,0,0.3995485305786133,2
6683,234.5994393825531,31.272304319947512,17.987966537475586,0.0,0.0,0,0,0.3976144790649414,2
6684,234.63044023513794,32.25717735547232,16.991615295410156,0.0,0.0,0,0,0.3995485305786133,2
6685,234.6704387664795,25.63755501222494,21.004676818847656,0.0,0.0,0,0,0.3976144790649414,2
6686,234.70744228363037,26.318027232226893,20.003557205200195,0.0,0.0,0,0,0.3996291160583496,2
6687,234.74044609069824,30.299534776201348,18.006086349487305,0.0,0.0,0,0,0.3976144790649414,2
6688,234.7814393043518,24.39428165966802,24.993181228637695,0.0,0.0,0,0,0.3996100425720215,2
6689,234.823077917099,24.016169944745055,20.631790161132812,0.0,0.0,0,0,0.3976144790649414,2
6690,234.86000776290894,27.830481258584424,19.999265670776367,0.0,0.0,0,0,0.3996295928955078,2
6691,234.89701223373413,26.314064519367104,18.99552345275879,0.0,0.0,0,0,0.3976144790649414,2
6692,234.93201327323914,28.57058002111645,18.993854522705078,0.0,0.0,0,0,0.3996291160583496,2
6693,234.9720115661621,25.64304099287745,23.006200790405273,0.0,0.0,0,0,0.3976144790649414,2
6694,235.00302052497864,31.23992819955162,16.007423400878906,0.0,0.0,0,0,0.39970970153808594,2
6695,235.03500819206238,31.262048507073327,16.999483108520508,0.0,0.0,0,0,0.3976144790649414,2
6696,235.06700730323792,32.260402725860295,15.995264053344727,0.0,0.0,0,0,0.39970970153808594,2
6697,235.09900426864624,30.304569921606877,14.981269836425781,0.0,0.0,0,0,0.3976144790649414,2
6698,235.1320037841797,31.24877256505964,16.998767852783203,0.0,0.0,0,0,0.3995485305786133,2
6699,235.16107058525085,33.26120124978192,15.06662368774414,0.0,0.0,0,0,0.3976144790649414,2
6700,235.1930227279663,32.28026536549325,16.039133071899414,0.0,0.0,0,0,0.39946794509887695,2
6701,235.2220709323883,33.309275730622616,15.05279541015625,0.0,0.0,0,0,0.3976144790649414,2
6702,235.2640199661255,23.83845135182754,25.997400283813477,0.0,0.0,0,0,0.40116024017333984,2
6703,235.29301047325134,35.734828282484045,14.000654220581055,0.0,0.0,0,0,0.3976144790649414,2
6704,235.32400465011597,31.249238196705434,16.994714736938477,0.0,0.0,0,0,0.39946794509887695,2
6705,235.35900902748108,28.56785565900871,21.00539207458496,0.0,0.0,0,0,0.3976144790649414,2
6706,235.39000344276428,33.33786920166598,14.993667602539062,0.0,0.0,0,0,0.39946794509887695,2
6707,235.4180166721344,34.46882088031294,14.014005661010742,0.0,0.0,0,0,0.3976144790649414,2
6708,235.4490077495575,32.26735186866278,16.000986099243164,0.0,0.0,0,0,0.40003204345703125,2
6709,235.48200464248657,30.305883713032607,5.993843078613281,0.0,0.0,0,0,0.3976144790649414,0
6710,235.51300811767578,32.25444869961088,8.99815559387207,0.0,0.0,1,0,0.3976144790649414,0
6711,235.5410189628601,35.700457926901926,5.009174346923828,0.0,0.0,0,0,0.40068483352661133,0
6712,235.56500720977783,41.68708132069096,6.999492645263672,0.0,0.0,1,0,0.3976144790649414,0
6713,235.5870041847229,45.46079642756498,5.999326705932617,0.0,0.0,0,0,0.40076255798339844,0
6714,235.61101460456848,41.64858450753175,7.001638412475586,0.0,0.0,1,0,0.3976144790649414,0
6715,235.63300681114197,45.47065328158539,5.994081497192383,0.0,0.0,0,0,0.4006819725036621,0
6716,235.6560091972351,43.47375076441505,7.999658584594727,0.0,0.0,1,0,0.3976144790649414,0
6717,235.67900562286377,43.485018765421856,5.99980354309082,0.0,0.0,0,0,0.3990449905395508,0
6718,235.70301222801208,41.6552025503769,8.008956909179688,0.0,0.0,1,0,0.3976144790649414,0
6719,235.72701930999756,41.65437518000258,6.9904327392578125,0.0,0.0,0,0,0.4003758430480957,0
6720,235.75801396369934,33.34343474493406,13.999223709106445,0.0,0.0,1,0,0.3976144790649414,0
6721,235.78300380706787,38.47102958037147,5.999088287353516,0.0,0.0,0,0,0.3990449905395508,0
6722,235.81100487709045,35.7129209417174,8.992433547973633,0.0,0.0,1,0,0.3976144790649414,0
6723,235.83401203155518,45.455869602913126,4.996299743652344,0.0,0.0,0,0,0.3990449905395508,0
6724,235.8590099811554,38.453041915728484,9.000778198242188,0.0,0.0,1,0,0.3976144790649414,0
6725,235.8800060749054,47.627906976744185,5.001068115234375,0.0,0.0,0,0,0.4006819725036621,0
6726,235.90300488471985,45.44700400910175,6.0062408447265625,0.0,0.0,1,0,0.3976144790649414,0
6727,235.9240038394928,45.46671002710027,4.985332489013672,0.0,0.0,0,0,0.3990449905395508,0
6728,235.94700384140015,43.478257263991544,6.999969482421875,0.0,0.0,1,0,0.3976144790649414,0
6729,235.96902751922607,45.40567692207764,5.015373229980469,0.0,0.0,0,0,0.3990449905395508,0
6730,235.9920039176941,43.52292207118398,6.998300552368164,0.0,0.0,1,0,0.3976144790649414,0
6731,236.01500582695007,43.474651989593376,4.995584487915039,0.0,0.0,0,0,0.40116024017333984,0
6732,236.03900456428528,43.468794693750645,7.004976272583008,0.0,0.0,1,0,0.3976144790649414,0
6733,236.06500935554504,37.039067467326035,6.00123405456543,0.0,0.0,0,0,0.3990468978881836,0
6734,236.09100556373596,39.99908449361053,8.004426956176758,0.0,0.0,1,0,0.3976278305053711,0
6735,236.11300659179688,43.484567933233116,5.002260208129883,0.0,0.0,0,0,0.40162181854248047,0
6736,236.1380045413971,40.00328090873542,7.999181747436523,0.0,0.0,1,0,0.4005727767944336,0
6737,236.16100907325745,43.469695713456595,7.004976272583008,0.0,0.0,0,0,0.3989577293395996,0
6738,236.18800497055054,38.46644289146903,6.996631622314453,0.0,0.0,1,0,0.4008617401123047,0
6739,236.2100052833557,43.47915867602393,6.000518798828125,0.0,0.0,1,0,0.40044593811035156,0
6740,236.23501801490784,39.979639885236054,8.013010025024414,0.0,0.0,2,0,0.4004397392272949,0
6741,236.25900745391846,41.685009789403594,7.0018768310546875,0.0,0.0,1,0,0.4000282287597656,0
6742,236.29002404212952,32.24081234194,14.019489288330078,0.0,0.0,2,0,0.40073537826538086,1
6743,236.32000517845154,33.35430616302187,11.999130249023438,0.0,0.0,1,0,0.39866113662719727,1
6744,236.3540186882019,29.40008271240616,14.009714126586914,0.0,0.0,2,0,0.39895057678222656,1
6745,236.38700652122498,30.31420703811045,12.00103759765625,0.0,0.0,1,0,0.39900684356689453,1
6746,236.42100524902344,30.302380522342233,13.00048828125,0.0,0.0,1,0,0.39903736114501953,1
6747,236.4510054588318,32.25990647304947,11.001110076904297,0.0,0.0,0,0,0.4021620750427246,1
6748,236.49001622200012,25.633951217127176,17.01068878173828,0.0,0.0,0,0,0.4004378318786621,1
6749,236.5200057029724,33.345025241483484,10.999441146850586,0.0,0.0,0,0,0.4019966125488281,1
6750,236.55401134490967,30.30106703462625,15.000104904174805,0.0,0.0,0,0,0.3995213508605957,1
6751,236.59100532531738,26.317531827850388,20.00141143798828,0.0,0.0,0,0,0.3976144790649414,2
6752,236.62601399421692,29.409977912561793,16.997814178466797,0.0,0.0,0,0,0.40096426010131836,2
6753,236.66000390052795,29.411421519129362,17.003297805786133,0.0,0.0,0,0,0.3991103172302246,1
6754,236.6900053024292,33.337339246824676,12.997865676879883,0.0,0.0,0,0,0.40059709548950195,1
6755,236.719322681427,32.98316360633822,12.315511703491211,0.0,0.0,0,0,0.39925098419189453,1
6756,236.74885320663452,33.86326497658647,12.987375259399414,0.0,0.0,0,0,0.4002981185913086,1
6757,236.78284192085266,29.421530734643202,13.003110885620117,0.0,0.0,0,0,0.39930057525634766,1
6758,236.8148398399353,32.26139527728636,12.999773025512695,0.0,0.0,0,0,0.39994049072265625,1
6759,236.84384655952454,34.48100558199949,10.999679565429688,0.0,0.0,0,0,0.3995785713195801,1
6760,236.87884974479675,27.770410831926373,19.001007080078125,0.0,0.0,0,0,0.39958953857421875,2
6761,236.91285037994385,29.411215280942997,17.002105712890625,0.0,0.0,0,0,0.3976144790649414,2
6762,236.9518527984619,25.63943565542705,24.01137351989746,0.0,0.0,0,0,0.3995485305786133,2
6763,236.98485779762268,30.298440400771494,15.999555587768555,0.0,0.0,0,0,0.3976144790649414,2
6764,237.01586413383484,32.25147251057286,16.005754470825195,0.0,0.0,0,0,0.39958953857421875,2
6765,237.04595637321472,34.372215757297624,14.042139053344727,0.0,0.0,0,0,0.3976144790649414,2
6766,237.0759620666504,32.253208554093646,16.005516052246094,0.0,0.0,0,0,0.39958953857421875,2
6767,237.10496020317078,34.48497455334753,14.940500259399414,0.0,0.0,0,0,0.3976144790649414,2
6768,237.1349606513977,33.33283531085345,15.999555587768555,0.0,0.0,0,0,0.39958953857421875,2
6769,237.1681411266327,31.074212643635583,14.99485969543457,0.0,0.0,0,0,0.3976144790649414,2
6770,237.19816160202026,33.32594929165641,15.007734298706055,0.0,0.0,0,0,0.39958953857421875,2
6771,237.2261974811554,34.42440557776118,13.994693756103516,0.0,0.0,0,0,0.3976144790649414,2
6772,237.2561538219452,33.38191426706779,15.999794006347656,0.0,0.0,0,0,0.3996696472167969,2
6773,237.2841579914093,35.70896831207751,13.996601104736328,0.0,0.0,0,0,0.3976144790649414,2
6774,237.31315279006958,34.488944438505754,16.002416610717773,0.0,0.0,0,0,0.3996295928955078,2
6775,237.34274578094482,34.95311588526476,14.600515365600586,0.0,0.0,0,0,0.3976144790649414,2
6776,237.37074661254883,34.50171097657278,14.994621276855469,0.0,0.0,0,0,0.39971017837524414,2
6777,237.39774632453918,37.03743211620822,13.99850845336914,0.0,0.0,0,0,0.3976144790649414,2
6778,237.4277572631836,33.32118371400199,16.011476516723633,0.0,0.0,0,0,0.3996100425720215,2
6779,237.45575189590454,37.04332005617035,13.997793197631836,0.0,0.0,0,0,0.3976144790649414,2
6780,237.49275827407837,26.311918548118967,15.01321792602539,0.0,0.0,0,0,0.3995485305786133,2
6781,237.52575135231018,31.255758497090014,15.001058578491211,0.0,0.0,0,0,0.3976144790649414,2
6782,237.55680990219116,32.26586251461629,16.998291015625,0.0,0.0,0,0,0.40015316009521484,2
6783,237.58474493026733,34.48270645784519,14.998197555541992,0.0,0.0,0,0,0.3976144790649414,2
6784,237.6157557964325,32.24676133436868,18.010377883911133,0.0,0.0,0,0,0.3997359275817871,2
6785,237.64475321769714,34.48582516608564,15.994787216186523,0.0,0.0,0,0,0.3976144790649414,2
6786,237.676748752594,32.266110730742895,16.997337341308594,0.0,0.0,0,0,0.3995084762573242,2
6787,237.7057454586029,33.33336512250753,15.99884033203125,0.0,0.0,0,0,0.3976144790649414,2
6788,237.73774409294128,32.259162122459024,17.000436782836914,0.0,0.0,0,0,0.39981698989868164,2
6789,237.76774501800537,32.257425437989326,16.00050926208496,0.0,0.0,0,0,0.3976144790649414,2
6790,237.80074620246887,30.301942680451102,18.00251007080078,0.0,0.0,0,0,0.39981698989868164,2
6791,237.83174419403076,33.335749483388966,15.999794006347656,0.0,0.0,0,0,0.3976144790649414,2
6792,237.8617444038391,32.25767352432224,17.000198364257812,0.0,0.0,0,0,0.3997359275817871,2
6793,237.89475059509277,31.232484195006442,14.011383056640625,0.0,0.0,0,0,0.3976144790649414,2
6794,237.9247522354126,32.26859310206876,16.00193977355957,0.0,0.0,0,0,0.3996100425720215,2
6795,237.95475149154663,34.49036247615288,13.980627059936523,0.0,0.0,0,0,0.3976144790649414,2
6796,237.98675441741943,30.295157748757656,15.993833541870117,0.0,0.0,0,0,0.3995485305786133,2
6797,238.01375675201416,37.03383485201667,14.009237289428711,0.0,0.0,0,0,0.3976144790649414,2
6798,238.04674577713013,31.24947101773208,15.006065368652344,0.0,0.0,0,0,0.39958953857421875,2
6799,238.0747516155243,34.48951163957208,14.000177383422852,0.0,0.0,0,0,0.3976144790649414,2
6800,238.10474586486816,33.3397241763046,17.001628875732422,0.0,0.0,0,0,0.3996295928955078,2
6801,238.13275027275085,35.70866429988337,13.997316360473633,0.0,0.0,0,0,0.3976144790649414,2
6802,238.1628134250641,33.263311497771504,16.0675048828125,0.0,0.0,0,0,0.3995485305786133,2
6803,238.19075870513916,37.09639587847698,13.945579528808594,0.0,0.0,0,0,0.3976144790649414,2
6804,238.21877121925354,34.48157252197075,15.003681182861328,0.0,0.0,0,0,0.3996305465698242,2
6805,238.25176000595093,30.31333068333755,14.92762565612793,0.0,0.0,0,0,0.3976144790649414,2
6806,238.28082132339478,34.410002297115476,15.0604248046875,0.0,0.0,0,0,0.39958953857421875,2
6807,238.30776405334473,37.115763764755854,13.003349304199219,0.0,0.0,0,0,0.3976144790649414,2
6808,238.34075832366943,30.308292626528313,20.000457763671875,0.0,0.0,0,0,0.40083789825439453,2
6809,238.37075853347778,33.33310021457522,14.934539794921875,0.0,0.0,0,0,0.3976144790649414,2
6810,238.39975905418396,34.48213948058568,14.99485969543457,0.0,0.0,0,0,0.39958953857421875,2
6811,238.42576575279236,38.45163182984965,12.946844100952148,0.0,0.0,0,0,0.3976144790649414,2
6812,238.45575785636902,34.490078859294954,15.995025634765625,0.0,0.0,0,0,0.3996305465698242,2
6813,238.48276543617249,35.70684033541906,14.939069747924805,0.0,0.0,0,0,0.3976144790649414,2
6814,238.51275992393494,34.490646097675295,16.000986099243164,0.0,0.0,0,0,0.39979076385498047,2
6815,238.54076480865479,35.70228123935989,14.005899429321289,0.0,0.0,0,0,0.3976144790649414,2
6816,238.57375860214233,29.42008613554424,19.998550415039062,0.0,0.0,0,0,0.40116024017333984,2
6817,238.6047649383545,32.25147251057286,14.941692352294922,0.0,0.0,0,0,0.3976144790649414,2
6818,238.63675999641418,31.254826859020692,17.995595932006836,0.0,0.0,0,0,0.3995485305786133,2
6819,238.6659026145935,34.31400685575908,16.138315200805664,0.0,0.0,0,0,0.3976144790649414,2
6820,238.70190238952637,28.576419690001703,21.999597549438477,0.0,0.0,0,0,0.4006819725036621,2
6821,238.73290276527405,31.243884270432943,16.002893447875977,0.0,0.0,0,0,0.3976144790649414,2
6822,238.76389694213867,32.26412510865468,16.99352264404297,0.0,0.0,0,0,0.39979076385498047,2
6823,238.79389715194702,33.33310021457522,15.993833541870117,0.0,0.0,0,0,0.3976144790649414,2
6824,238.82689666748047,30.303475182429015,18.99123191833496,0.0,0.0,0,0,0.399569034576416,2
6825,238.86689734458923,24.999576814185666,20.98226547241211,0.0,0.0,0,0,0.3976144790649414,2
6826,238.89789652824402,32.25891401322873,17.993927001953125,0.0,0.0,0,0,0.399871826171875,2
6827,238.92689895629883,35.70319296543153,13.945341110229492,0.0,0.0,0,0,0.3976144790649414,2
6828,238.96189546585083,28.57875622602427,20.999670028686523,0.0,0.0,0,0,0.3996291160583496,2
6829,238.99489665031433,29.411421519129362,16.00050926208496,0.0,0.0,0,0,0.3976144790649414,2
6830,239.02489805221558,33.331775738069695,15.995502471923828,0.0,0.0,0,0,0.3996295928955078,2
6831,239.05390453338623,34.47505383768144,14.99032974243164,0.0,0.0,0,0,0.3976144790649414,2
6832,239.08389592170715,33.34290461313427,15.988349914550781,0.0,0.0,0,0,0.3995485305786133,2
6833,239.11190342903137,35.7047126123672,13.996362686157227,0.0,0.0,0,0,0.3976144790649414,2
6834,239.14090156555176,34.48497455334753,14.998674392700195,0.0,0.0,0,0,0.39958953857421875,2
6835,239.17090249061584,34.481855998947694,15.005350112915039,0.0,0.0,0,0,0.3976144790649414,2
6836,239.19989848136902,33.337604222139205,15.996456146240234,0.0,0.0,0,0,0.39958953857421875,2
6837,239.22790622711182,35.70440867263116,15.00701904296875,0.0,0.0,0,0,0.3976144790649414,2
6838,239.25789642333984,34.49149699023059,15.00248908996582,0.0,0.0,0,0,0.3996295928955078,2
6839,239.28590202331543,35.71809108560139,13.94510269165039,0.0,0.0,0,0,0.3976144790649414,2
6840,239.31489849090576,33.330451366815005,16.003131866455078,0.0,0.0,0,0,0.39958953857421875,2
6841,239.34697818756104,31.172364587668707,16.007661819458008,0.0,0.0,0,0,0.3976144790649414,2
6842,239.38189482688904,28.6396405623724,15.996694564819336,0.0,0.0,0,0,0.39858150482177734,2
6843,239.40989565849304,35.713225026395556,14.000415802001953,0.0,0.0,0,0,0.3976144790649414,2
6844,239.43889713287354,34.48100558199949,15.99740982055664,0.0,0.0,0,0,0.3996100425720215,2
6845,239.46890211105347,34.475903961071516,13.93437385559082,0.0,0.0,0,0,0.3976144790649414,2
6846,239.49805450439453,33.16572964851935,16.002655029296875,0.0,0.0,0,0,0.3995490074157715,2
6847,239.5331838130951,29.31009566669695,21.10910415649414,0.0,0.0,0,0,0.3976144790649414,2
6848,239.56210565567017,33.40770535806737,15.99884033203125,0.0,0.0,0,0,0.39958953857421875,2
6849,239.59210085868835,33.33866416552075,15.993118286132812,0.0,0.0,0,0,0.3976144790649414,2
6850,239.62210178375244,33.3323055160411,16.000986099243164,0.0,0.0,0,0,0.39958953857421875,2
6851,239.65210723876953,34.476187344851965,14.997243881225586,0.0,0.0,0,0,0.3976144790649414,2
6852,239.68410110473633,30.30873065194456,18.991470336914062,0.0,0.0,0,0,0.3998575210571289,2
6853,239.71810865402222,29.40523563145866,17.000913619995117,0.0,0.0,0,0,0.3976144790649414,2
6854,239.75310277938843,28.57622499591214,18.99099349975586,0.0,0.0,0,0,0.3996305465698242,2
6855,239.78310775756836,33.32780294000795,15.995264053344727,0.0,0.0,0,0,0.3976144790649414,2
6856,239.81516337394714,31.19578136272694,17.0590877532959,0.0,0.0,0,0,0.3996701240539551,2
6857,239.84610795974731,33.38802607802711,14.995813369750977,0.0,0.0,0,0,0.3976144790649414,2
6858,239.87710762023926,32.27182075587837,14.992713928222656,0.0,0.0,0,0,0.4005155563354492,2
6859,239.90610766410828,33.32594929165641,16.006946563720703,0.0,0.0,0,0,0.3976144790649414,2
6860,239.9351077079773,34.48270645784519,14.999866485595703,0.0,0.0,0,0,0.3996295928955078,2
6861,239.97610759735107,24.999874830872667,27.007341384887695,0.0,0.0,0,0,0.3976144790649414,2
6862,240.0061867237091,33.333630034650476,15.000343322753906,0.0,0.0,0,0,0.399630069732666,2
6863,240.03411078453064,34.4790214389057,15.009641647338867,0.0,0.0,0,0,0.3976144790649414,2
6864,240.06310987472534,34.483840468301665,16.001224517822266,0.0,0.0,0,0,0.39971065521240234,2
6865,240.09510898590088,31.25086801674937,15.007734298706055,0.0,0.0,0,0,0.3976144790649414,2
6866,240.1251082420349,34.48270645784519,15.00082015991211,0.0,0.0,0,0,0.3996701240539551,2
6867,240.15310525894165,35.715657890255116,14.007329940795898,0.0,0.0,0,0,0.3976144790649414,2
6868,240.18210768699646,33.333630034650476,15.999555587768555,0.0,0.0,0,0,0.39971065521240234,2
6869,240.2091076374054,37.0371050633135,14.006376266479492,0.0,0.0,0,0,0.3976144790649414,2
6870,240.2381148338318,34.474203756215836,15.00082015991211,0.0,0.0,0,0,0.3996701240539551,2
6871,240.2661099433899,35.72052461250213,15.009164810180664,0.0,0.0,0,0,0.3976144790649414,2
6872,240.29510807991028,34.48497455334753,15.000581741333008,0.0,0.0,0,0,0.3996701240539551,2
6873,240.32410860061646,34.48213948058568,15.007495880126953,0.0,0.0,0,0,0.3976144790649414,2
6874,240.3681080341339,22.72756533565975,30.99822998046875,0.0,0.0,0,0,0.3996701240539551,2
6875,240.39610743522644,35.715049643216,14.999866485595703,0.0,0.0,0,0,0.3976144790649414,2
6876,240.42511439323425,34.47448711204629,15.006780624389648,0.0,0.0,0,0,0.3996701240539551,2
6877,240.46910738945007,23.259563235473532,27.00662612915039,0.0,0.0,0,0,0.3976144790649414,2
6878,240.50111055374146,31.25692312278296,16.978740692138672,0.0,0.0,0,0,0.3996295928955078,2
6879,240.52910733222961,34.47448711204629,15.006542205810547,0.0,0.0,0,0,0.3976144790649414,2
6880,240.57310843467712,22.726703295512426,29.999256134033203,0.0,0.0,0,0,0.39970970153808594,2
6881,240.60116481781006,35.642512980446476,15.059709548950195,0.0,0.0,0,0,0.3976144790649414,2
6882,240.63211250305176,33.32250734885199,16.008615493774414,0.0,0.0,0,0,0.3996295928955078,2
6883,240.66610431671143,29.47238832713807,20.003318786621094,0.0,0.0,0,0,0.3976144790649414,2
6884,240.6971836090088,31.173059628834103,18.019676208496094,0.0,0.0,0,0,0.3995084762573242,2
6885,240.72810792922974,32.337008311103574,16.000032424926758,0.0,0.0,0,0,0.3976144790649414,2
6886,240.76410150527954,28.568439407149086,20.008325576782227,0.0,0.0,0,0,0.3996701240539551,2
6887,240.79610776901245,30.306540651463916,18.006324768066406,0.0,0.0,0,0,0.3976144790649414,2
6888,240.82810831069946,31.24947101773208,16.99972152709961,0.0,0.0,0,0,0.3993873596191406,2
6889,240.86210775375366,29.412246500799416,15.004634857177734,0.0,0.0,0,0,0.3976144790649414,2
6890,240.89618849754333,30.30106703462625,16.997337341308594,0.0,0.0,0,0,0.3996295928955078,2
6891,240.9261600971222,32.205906291751766,15.051126480102539,0.0,0.0,0,0,0.3976144790649414,2
6892,240.95615458488464,33.33945916728932,16.000986099243164,0.0,0.0,0,0,0.39958906173706055,2
6893,240.98715329170227,33.32780294000795,14.99629020690918,0.0,0.0,0,0,0.3976144790649414,2
6894,241.01717352867126,32.243538690979534,16.01409912109375,0.0,0.0,0,0,0.3996701240539551,2
6895,241.04916095733643,32.272565690762896,17.006635665893555,0.0,0.0,0,0,0.3976144790649414,2
6896,241.07816004753113,33.33283531085345,15.000581741333008,0.0,0.0,0,0,0.3996295928955078,2
6897,241.10715460777283,34.489228036706905,15.000343322753906,0.0,0.0,0,0,0.3976144790649414,2
6898,241.13821482658386,32.19552335042525,17.002344131469727,0.0,0.0,0,0,0.3996701240539551,2
6899,241.16815996170044,33.39440600641725,16.000032424926758,0.0,0.0,0,0,0.3976144790649414,2
6900,241.19864296913147,32.805162097688786,16.483545303344727,0.0,0.0,0,0,0.3996701240539551,2
6901,241.23164296150208,30.303037308903853,15.993833541870117,0.0,0.0,0,0,0.3976144790649414,2
6902,241.26164269447327,33.333630034650476,15.000104904174805,0.0,0.0,0,0,0.3996295928955078,2
6903,241.29164290428162,33.33310021457522,14.998435974121094,0.0,0.0,0,0,0.3976144790649414,2
6904,241.32264351844788,33.33151085539909,15.995979309082031,0.0,0.0,0,0,0.3996295928955078,2
6905,241.35164880752563,33.32859742385595,16.005992889404297,0.0,0.0,0,0,0.3976144790649414,2
6906,241.38164281845093,33.33998918953292,16.000032424926758,0.0,0.0,0,0,0.39958953857421875,2
6907,241.41164326667786,33.33283531085345,16.00027084350586,0.0,0.0,0,0,0.3976144790649414,2
6908,241.44164276123047,33.333894951004154,16.000032424926758,0.0,0.0,0,0,0.39971065521240234,2
6909,241.47064352035522,34.481855998947694,15.993118286132812,0.0,0.0,0,0,0.3976144790649414,2
6910,241.50164246559143,32.259162122459024,16.99972152709961,0.0,0.0,0,0,0.39971065521240234,2
6911,241.5306429862976,34.48213948058568,15.992403030395508,0.0,0.0,0,0,0.3976144790649414,2
6912,241.56115674972534,33.88268747627011,16.514062881469727,0.0,0.0,0,0,0.39971017837524414,2
6913,241.59415745735168,29.411009045648974,17.000198364257812,0.0,0.0,0,0,0.3976144790649414,2
6914,241.6251585483551,32.25692927677116,17.001628875732422,0.0,0.0,0,0,0.39971065521240234,2
6915,241.65515637397766,33.335749483388966,16.00027084350586,0.0,0.0,0,0,0.3976144790649414,2
6916,241.685156583786,33.33310021457522,16.99995994567871,0.0,0.0,0,0,0.3996295928955078,2
6917,241.7161567211151,33.332570411342104,16.00050926208496,0.0,0.0,0,0,0.3976144790649414,2
6918,241.75015592575073,28.572526312204094,17.999649047851562,0.0,0.0,0,0,0.3996295928955078,2
6919,241.78315615653992,30.302818376886563,17.999649047851562,0.0,0.0,0,0,0.3976144790649414,2
6920,241.81815648078918,28.57116388060108,17.993450164794922,0.0,0.0,0,0,0.3996295928955078,2
6921,241.8491575717926,32.25692927677116,16.001224517822266,0.0,0.0,0,0,0.3976144790649414,2
6922,241.87915635108948,33.33468972533062,15.999555587768555,0.0,0.0,0,0,0.3996701240539551,2
6923,241.90915703773499,33.332570411342104,16.000747680664062,0.0,0.0,0,0,0.3976144790649414,2
6924,241.93915629386902,33.33415987156867,15.999794006347656,0.0,0.0,0,0,0.39971065521240234,2
6925,241.97215628623962,30.303037308903853,14.989614486694336,0.0,0.0,0,0,0.3976144790649414,2
6926,242.00515818595886,30.30128594133796,18.001556396484375,0.0,0.0,0,0,0.3996295928955078,2
6927,242.03315711021423,35.715657890255116,14.991283416748047,0.0,0.0,0,0,0.3976144790649414,2
6928,242.0631561279297,33.33442479634413,16.000032424926758,0.0,0.0,0,0,0.3996295928955078,2
6929,242.09215784072876,35.71170465478633,14.001607894897461,0.0,0.0,0,0,0.3976144790649414,2
6930,242.1221625804901,33.33468972533062,14.999628067016602,0.0,0.0,0,0,0.3996701240539551,2
6931,242.15015625953674,34.48355695869508,14.993429183959961,0.0,0.0,0,0,0.3976144790649414,2
6932,242.1801564693451,33.33310021457522,15.999794006347656,0.0,0.0,0,0,0.3996701240539551,2
6933,242.20815634727478,35.714441416893735,15.000104904174805,0.0,0.0,0,0,0.3976144790649414,2
6934,242.2371563911438,34.48270645784519,14.999866485595703,0.0,0.0,0,0,0.3996701240539551,2
6935,242.26515769958496,35.71261686221753,14.00136947631836,0.0,0.0,0,0,0.3976144790649414,2
6936,242.29515719413757,34.475903961071516,15.006780624389648,0.0,0.0,0,0,0.3996701240539551,2
6937,242.3271565437317,31.256457262091065,13.99993896484375,0.0,0.0,0,0,0.3976144790649414,2
6938,242.35715651512146,32.25841780621741,16.000032424926758,0.0,0.0,0,0,0.39971065521240234,2
6939,242.38616466522217,34.473070379472176,15.008211135864258,0.0,0.0,0,0,0.3976144790649414,2
6940,242.41515636444092,34.49263157894737,15.993833541870117,0.0,0.0,0,0,0.3995490074157715,2
6941,242.44415664672852,34.482422966884805,15.000104904174805,0.0,0.0,0,0,0.3976144790649414,2
6942,242.47415614128113,33.333894951004154,15.999794006347656,0.0,0.0,0,0,0.39971065521240234,2
6943,242.5041573047638,33.33204062495033,16.989946365356445,0.0,0.0,0,0,0.3976144790649414,2
6944,242.53515648841858,32.25891401322873,17.999887466430664,0.0,0.0,0,0,0.39970970153808594,2
6945,242.56415700912476,34.48213948058568,15.000343322753906,0.0,0.0,0,0,0.3976144790649414,2
6946,242.59515714645386,33.333894951004154,15.999794006347656,0.0,0.0,0,0,0.3996701240539551,2
6947,242.62415647506714,33.33336512250753,15.999794006347656,0.0,0.0,0,0,0.3976144790649414,2
6948,242.65515613555908,32.25841780621741,17.999887466430664,0.0,0.0,0,0,0.3998708724975586,2
6949,242.68915629386902,29.411627760208123,16.99995994567871,0.0,0.0,0,0,0.3976144790649414,2
6950,242.72416257858276,28.56629911392319,19.005775451660156,0.0,0.0,0,0,0.3996295928955078,2
6951,242.7551567554474,33.3389291618975,16.000747680664062,0.0,0.0,0,0,0.3976144790649414,2
6952,242.7891583442688,28.570774638293233,20.001888275146484,0.0,0.0,0,0,0.4001126289367676,2
6953,242.82315611839294,29.413690330091097,15.998601913452148,0.0,0.0,0,0,0.3976144790649414,2
6954,242.85615611076355,30.303037308903853,17.999649047851562,0.0,0.0,0,0,0.3996701240539551,2
6955,242.88615775108337,33.33151085539909,14.999628067016602,0.0,0.0,0,0,0.3976144790649414,2
6956,242.9181571006775,32.2581697084362,17.000675201416016,0.0,0.0,0,0,0.39946794509887695,2
6957,242.94915676116943,32.25841780621741,15.995979309082031,0.0,0.0,0,0,0.3976144790649414,2
6958,242.97815656661987,33.33415987156867,16.000032424926758,0.0,0.0,0,0,0.3996701240539551,2
6959,243.0071563720703,34.482989953466955,15.000104904174805,0.0,0.0,0,0,0.3976144790649414,2
6960,243.03615617752075,34.482989953466955,14.999866485595703,0.0,0.0,0,0,0.39946794509887695,2
6961,243.06915760040283,31.249005379147977,14.994144439697266,0.0,0.0,0,0,0.3976144790649414,2
6962,243.1021625995636,29.407091124525866,17.989397048950195,0.0,0.0,0,0,0.39958953857421875,2
6963,243.13115644454956,34.490078859294954,14.999628067016602,0.0,0.0,0,0,0.3976144790649414,2
6964,243.1611566543579,33.33310021457522,16.00027084350586,0.0,0.0,0,0,0.3996295928955078,2
6965,243.1891574859619,35.713225026395556,14.001131057739258,0.0,0.0,0,0,0.3976144790649414,2
6966,243.21816658973694,34.471937077248036,14.996528625488281,0.0,0.0,0,0,0.3996701240539551,2
6967,243.24715638160706,34.49490098032765,14.9993896484375,0.0,0.0,0,0,0.3976144790649414,2
6968,243.2771565914154,33.33310021457522,17.000198364257812,0.0,0.0,0,0,0.3996701240539551,2
6969,243.30715823173523,33.33151085539909,16.001462936401367,0.0,0.0,0,0,0.3976144790649414,2
6970,243.3371570110321,33.33468972533062,15.000581741333008,0.0,0.0,0,0,0.3996701240539551,2
6971,243.36659455299377,33.97022758564834,15.431880950927734,0.0,0.0,0,0,0.3976144790649414,2
6972,243.39659428596497,33.333630034650476,15.999794006347656,0.0,0.0,0,0,0.39946794509887695,2
6973,243.42859649658203,32.256185063561766,13.999700546264648,0.0,0.0,0,0,0.3976144790649414,2
6974,243.45959424972534,31.25179941882125,16.99995994567871,0.0,0.0,0,0,0.39970970153808594,2
6975,243.4885950088501,34.481855998947694,15.000581741333008,0.0,0.0,0,0,0.3976144790649414,2
6976,243.51859426498413,33.33415987156867,16.99972152709961,0.0,0.0,0,0,0.39970970153808594,2
6977,243.5475950241089,35.71109654238789,15.002250671386719,0.0,0.0,0,0,0.3976144790649414,2
6978,243.57759428024292,32.26065085799112,16.99995994567871,0.0,0.0,0,0,0.399630069732666,2
6979,243.60759472846985,34.48100558199949,15.998601913452148,0.0,0.0,0,0,0.3976144790649414,2
6980,243.63759398460388,32.25990647304947,16.99352264404297,0.0,0.0,0,0,0.3996291160583496,2
6981,243.6675946712494,33.332570411342104,16.00027084350586,0.0,0.0,0,0,0.3976144790649414,2
6982,243.69959425926208,31.250402336532158,17.998695373535156,0.0,0.0,0,0,0.39979076385498047,2
6983,243.73159456253052,31.249703842228,16.99995994567871,0.0,0.0,0,0,0.3976144790649414,2
6984,243.7635941505432,31.250402336532158,17.999649047851562,0.0,0.0,0,0,0.3996291160583496,2
6985,243.7995948791504,28.57116388060108,17.99297332763672,0.0,0.0,0,0,0.3976144790649414,2
6986,243.83359456062317,29.411421519129362,17.000436782836914,0.0,0.0,0,0,0.39979076385498047,2
6987,243.86459469795227,31.250169501627962,16.99995994567871,0.0,0.0,0,0,0.3976144790649414,2
6988,243.8945939540863,33.33415987156867,15.999317169189453,0.0,0.0,0,0,0.3995485305786133,2
6989,243.92459440231323,33.33283531085345,14.999866485595703,0.0,0.0,0,0,0.3976144790649414,2
6990,243.954594373703,33.33336512250753,15.999794006347656,0.0,0.0,0,0,0.39971017837524414,2
6991,243.9835946559906,34.482422966884805,15.000104904174805,0.0,0.0,0,0,0.3976144790649414,2
6992,244.01459455490112,32.2581697084362,16.000032424926758,0.0,0.0,0,0,0.39946794509887695,2
6993,244.04259419441223,35.714745527465325,13.999462127685547,0.0,0.0,0,0,0.3976144790649414,2
6994,244.07260179519653,33.32489015660133,16.007423400878906,0.0,0.0,0,0,0.40003204345703125,2
6995,244.1005938053131,35.72447980103401,14.999151229858398,0.0,0.0,0,0,0.3976144790649414,2
6996,244.1305980682373,34.48213948058568,15.000104904174805,0.0,0.0,0,0,0.3996100425720215,2
6997,244.1635947227478,30.30216159981505,15.000343322753906,0.0,0.0,0,0,0.3976144790649414,2
6998,244.19359469413757,32.258665907814894,16.00027084350586,0.0,0.0,0,0,0.39946794509887695,2
6999,244.22259426116943,34.483273453750215,14.999866485595703,0.0,0.0,0,0,0.3976144790649414,2
7000,244.25159430503845,34.48270645784519,15.999794006347656,0.0,0.0,0,0,0.3998708724975586,2
7001,244.28060960769653,34.46457242869703,15.015125274658203,0.0,0.0,0,0,0.3976144790649414,2
7002,244.31059503555298,34.50029200562625,14.998197555541992,0.0,0.0,0,0,0.39970970153808594,2
7003,244.33959460258484,33.333630034650476,15.999794006347656,0.0,0.0,0,0,0.3976144790649414,2
7004,244.3695948123932,34.48270645784519,15.000104904174805,0.0,0.0,0,0,0.39946794509887695,2
7005,244.39759469032288,34.48270645784519,15.000343322753906,0.0,0.0,0,0,0.3976144790649414,2
7006,244.42759609222412,34.48100558199949,16.00193977355957,0.0,0.0,0,0,0.39958953857421875,2
7007,244.457594871521,33.33521959593712,14.999628067016602,0.0,0.0,0,0,0.3976144790649414,2
7008,244.48759412765503,32.25841780621741,16.999244689941406,0.0,0.0,0,0,0.40003204345703125,2
7009,244.5205943584442,30.302818376886563,15.999794006347656,0.0,0.0,0,0,0.3976144790649414,2
7010,244.55359411239624,30.303256244084647,16.99972152709961,0.0,0.0,0,0,0.3995485305786133,2
7011,244.58259391784668,34.482989953466955,14.9993896484375,0.0,0.0,0,0,0.3976144790649414,2
7012,244.61359453201294,33.332570411342104,16.00027084350586,0.0,0.0,0,0,0.40003204345703125,2
7013,244.64159536361694,34.481855998947694,15.001058578491211,0.0,0.0,0,0,0.3976144790649414,2
7014,244.67459392547607,30.304350967443607,18.998146057128906,0.0,0.0,0,0,0.40003204345703125,2
7015,244.72359704971313,20.406862125001215,35.002708435058594,0.0,0.0,0,0,0.3976144790649414,2
7016,244.75459456443787,32.26065085799112,17.000198364257812,0.0,0.0,0,0,0.3996295928955078,2
7017,244.78659415245056,32.257425437989326,16.00050926208496,0.0,0.0,0,0,0.3976144790649414,2
7018,244.81859397888184,30.304132016444257,16.999483108520508,0.0,0.0,0,0,0.39946794509887695,2
7019,244.84860134124756,33.325154934053714,16.006946563720703,0.0,0.0,0,0,0.3976144790649414,2
7020,244.87859463691711,33.34078425449718,16.000032424926758,0.0,0.0,0,0,0.3996295928955078,2
7021,244.9115948677063,30.302818376886563,16.00050926208496,0.0,0.0,0,0,0.3976144790649414,2
7022,244.94159507751465,33.33310021457522,15.000581741333008,0.0,0.0,0,0,0.399569034576416,2
7023,244.97159481048584,34.483840468301665,13.999700546264648,0.0,0.0,0,0,0.3976144790649414,2
7024,245.0005943775177,33.33310021457522,15.995979309082031,0.0,0.0,0,0,0.4005155563354492,2
7025,245.03113222122192,32.74625444041067,16.53766632080078,0.0,0.0,0,0,0.3976144790649414,2
7026,245.0606427192688,33.88624612202689,15.999317169189453,0.0,0.0,0,0,0.39958953857421875,2
7027,245.08964467048645,34.48043866067098,15.001535415649414,0.0,0.0,0,0,0.3976144790649414,2
7028,245.119642496109,33.335749483388966,16.988754272460938,0.0,0.0,0,0,0.3996295928955078,2
7029,245.14764404296875,35.71231278789582,15.001296997070312,0.0,0.0,0,0,0.3976144790649414,2
7030,245.1776430606842,33.33442479634413,15.999794006347656,0.0,0.0,0,0,0.39971017837524414,2
7031,245.2056429386139,35.714441416893735,15.000104904174805,0.0,0.0,0,0,0.3976144790649414,2
7032,245.23464441299438,34.48100558199949,15.001058578491211,0.0,0.0,0,0,0.39946794509887695,2
7033,245.2666518688202,31.242720616168462,15.008687973022461,0.0,0.0,0,0,0.3976144790649414,2
7034,245.29664301872253,33.34316967692699,16.000032424926758,0.0,0.0,0,0,0.39970970153808594,2
7035,245.32464385032654,35.713225026395556,15.000581741333008,0.0,0.0,0,0,0.3976144790649414,2
7036,245.35464358329773,33.333630034650476,16.99376106262207,0.0,0.0,0,0,0.3995490074157715,2
7037,245.38264417648315,35.71352911625214,14.000177383422852,0.0,0.0,0,0,0.3976144790649414,2
7038,245.41464281082153,31.25133371084553,15.999555587768555,0.0,0.0,0,0,0.40003204345703125,2
7039,245.44464302062988,34.481855998947694,15.000581741333008,0.0,0.0,0,0,0.3976144790649414,2
7040,245.47564339637756,32.258665907814894,16.99995994567871,0.0,0.0,0,0,0.39970970153808594,2
7041,245.50364351272583,34.48213948058568,14.999866485595703,0.0,0.0,0,0,0.3976144790649414,2
7042,245.5346429347992,32.258665907814894,15.999555587768555,0.0,0.0,0,0,0.40003204345703125,2
7043,245.5636432170868,34.482422966884805,16.000032424926758,0.0,0.0,0,0,0.3976144790649414,2
7044,245.59464287757874,32.25841780621741,16.99995994567871,0.0,0.0,0,0,0.39946794509887695,2
7045,245.62664484977722,31.24807414360854,16.00050926208496,0.0,0.0,0,0,0.3976144790649414,2
7046,245.65864419937134,31.250635174905934,17.999649047851562,0.0,0.0,0,0,0.399569034576416,2
7047,245.68864274024963,33.33495465852825,15.000104904174805,0.0,0.0,0,0,0.3976144790649414,2
7048,245.71964311599731,32.25767352432224,17.000198364257812,0.0,0.0,0,0,0.39979076385498047,2
7049,245.74964308738708,34.48213948058568,15.000581741333008,0.0,0.0,0,0,0.3976144790649414,2
7050,245.78064274787903,31.25086801674937,16.99995994567871,0.0,0.0,0,0,0.3996100425720215,2
7051,245.8116431236267,32.25767352432224,16.99995994567871,0.0,0.0,0,0,0.3976144790649414,2
7052,245.84364318847656,31.249936670193268,17.999887466430664,0.0,0.0,0,0,0.3996100425720215,2
7053,245.87464308738708,32.2581697084362,17.000436782836914,0.0,0.0,0,0,0.3976144790649414,2
7054,245.90364956855774,34.47505383768144,15.006303787231445,0.0,0.0,0,0,0.39958906173706055,2
7055,245.9336438179016,34.48781009233907,14.002084732055664,0.0,0.0,0,0,0.3976144790649414,2
7056,245.9636435508728,33.33495465852825,15.000581741333008,0.0,0.0,0,0,0.3996295928955078,2
7057,245.99564337730408,31.24877256505964,14.002084732055664,0.0,0.0,0,0,0.3976144790649414,2
7058,246.02664947509766,31.245746297565482,17.006397247314453,0.0,0.0,0,0,0.39946794509887695,2
7059,246.05564284324646,34.490646097675295,15.000104904174805,0.0,0.0,0,0,0.3976144790649414,2
7060,246.08464312553406,34.482422966884805,14.999866485595703,0.0,0.0,0,0,0.39970970153808594,2
7061,246.11264276504517,35.714745527465325,13.996124267578125,0.0,0.0,0,0,0.3976144790649414,2
7062,246.14164304733276,34.482422966884805,14.999866485595703,0.0,0.0,0,0,0.39970970153808594,2
7063,246.16964292526245,35.714441416893735,14.997005462646484,0.0,0.0,0,0,0.3976144790649414,2
7064,246.19964289665222,33.33336512250753,16.99995994567871,0.0,0.0,0,0,0.39946794509887695,2
7065,246.22864365577698,34.481855998947694,15.000581741333008,0.0,0.0,0,0,0.3976144790649414,2
7066,246.25864267349243,33.33442479634413,15.999794006347656,0.0,0.0,0,0,0.39970970153808594,2
7067,246.28864431381226,34.48213948058568,15.000343322753906,0.0,0.0,0,0,0.3976144790649414,2
7068,246.3176429271698,33.333630034650476,16.000032424926758,0.0,0.0,0,0,0.40003204345703125,2
7069,246.34865379333496,32.24676133436868,15.010833740234375,0.0,0.0,0,0,0.3976144790649414,2
7070,246.37764406204224,34.49433360198694,15.00082015991211,0.0,0.0,0,0,0.3996295928955078,2
7071,246.4076452255249,33.33204062495033,15.002012252807617,0.0,0.0,0,0,0.3976144790649414,2
7072,246.43965315818787,31.242255178732375,17.003536224365234,0.0,0.0,0,0,0.39981698989868164,2
7073,246.46864366531372,34.49404991981578,15.000581741333008,0.0,0.0,0,0,0.3976144790649414,2
7074,246.49964308738708,33.33415987156867,16.000032424926758,0.0,0.0,0,0,0.39958953857421875,2
7075,246.5296437740326,33.33204062495033,15.001058578491211,0.0,0.0,0,0,0.3976144790649414,2
7076,246.5676429271698,25.6417868474626,25.00009536743164,0.0,0.0,0,0,0.39946794509887695,2
7077,246.59764337539673,33.33283531085345,15.000581741333008,0.0,0.0,0,0,0.3976144790649414,2
7078,246.62764310836792,33.333630034650476,15.999794006347656,0.0,0.0,0,0,0.39970970153808594,2
7079,246.65764451026917,33.331775738069695,15.001535415649414,0.0,0.0,0,0,0.3976144790649414,2
7080,246.68464398384094,37.03775917487902,12.00103759765625,0.0,0.0,0,0,0.3980979919433594,1
7081,246.71264338493347,35.715049643216,11.000633239746094,0.0,0.0,0,0,0.3990516662597656,1
7082,246.73664379119873,43.47645455205083,7.994890213012695,0.0,0.0,1,0,0.3976144790649414,0
7083,246.7576460838318,45.45094384603715,5.990266799926758,0.0,0.0,0,0,0.4006233215332031,0
7084,246.77964401245117,47.62141786638812,6.001710891723633,0.0,0.0,1,0,0.3976144790649414,0
7085,246.80164337158203,43.48141236963779,5.995988845825195,0.0,0.0,0,0,0.3990449905395508,0
7086,246.82365012168884,47.6008806773044,5.997180938720703,0.0,0.0,1,0,0.3976144790649414,0
7087,246.84464383125305,45.47016033736978,5.000591278076172,0.0,0.0,0,0,0.3990449905395508,0
7088,246.8676438331604,45.45488436612697,6.999969482421875,0.0,0.0,1,0,0.3976144790649414,0
7089,246.88764309883118,47.620336519902814,4.999399185180664,0.0,0.0,0,0,0.4006233215332031,0
7090,246.9086492061615,47.605202823871245,5.997896194458008,0.0,0.0,1,0,0.3976144790649414,0
7091,246.928649187088,52.63209145323813,4.00543212890625,0.0,0.0,0,0,0.4014768600463867,0
7092,246.9496443271637,45.46424584033386,7.001399993896484,0.0,0.0,1,0,0.3976144790649414,0
7093,246.97364401817322,43.47600389742314,5.002260208129883,0.0,0.0,0,0,0.3990449905395508,0
7094,246.99664425849915,43.477806571991295,7.002115249633789,0.0,0.0,1,0,0.3976144790649414,0
7095,247.01864576339722,43.478257263991544,6.001949310302734,0.0,0.0,0,0,0.3990449905395508,0
7096,247.04064917564392,45.447496451364735,6.999731063842773,0.0,0.0,1,0,0.3976144790649414,0
7097,247.06164288520813,47.6333159197765,4.999637603759766,0.0,0.0,0,0,0.3990449905395508,0
7098,247.0836443901062,45.45143637368472,7.001161575317383,0.0,0.0,1,0,0.3976144790649414,0
7099,247.10465145111084,47.60304165247985,5.00798225402832,0.0,0.0,0,0,0.4006013870239258,0
7100,247.12764477729797,43.490880434669904,7.001399993896484,0.0,0.0,1,0,0.3976144790649414,0
7101,247.1486439704895,47.620877187006826,5.000829696655273,0.0,0.0,0,0,0.4006819725036621,0
7102,247.1726472377777,43.47330016583748,6.00123405456543,0.0,0.0,1,0,0.3976144790649414,0
7103,247.2036805152893,31.21690979458172,7.032155990600586,0.0,0.0,0,0,0.3976144790649414,0
7104,247.23064351081848,37.08786729271118,11.000633239746094,0.0,0.0,0,0,0.3980979919433594,1
7105,247.2596435546875,34.48270645784519,9.999990463256836,0.0,0.0,0,0,0.3976144790649414,1
7106,247.2886438369751,35.713225026395556,11.99960708618164,0.0,0.0,0,0,0.3980979919433594,1
7107,247.31464409828186,37.03743211620822,11.000633239746094,0.0,0.0,0,0,0.3990459442138672,1
7108,247.34064841270447,38.455157238470704,11.005401611328125,0.0,0.0,0,0,0.3980979919433594,1
7109,247.36664366722107,40.007478204467844,9.999752044677734,0.0,0.0,0,0,0.39905309677124023,1
7110,247.39275217056274,36.88889279777663,11.000633239746094,0.0,0.0,0,0,0.3980979919433594,1
7111,247.42275381088257,33.33151085539909,12.007951736450195,0.0,0.0,0,0,0.3976144790649414,1
7112,247.44974660873413,37.04691916336913,10.994672775268555,0.0,0.0,0,0,0.3980979919433594,1
7113,247.47574543952942,38.46326813208983,10.999441146850586,0.0,0.0,0,0,0.39905309677124023,1
7114,247.50475525856018,34.47108714947895,12.009620666503906,0.0,0.0,0,0,0.39766359329223633,1
7115,247.5447461605072,25.00568757675844,14.000177383422852,0.0,0.0,0,0,0.3977799415588379,1
7116,247.57174634933472,37.03677801619469,12.000560760498047,0.0,0.0,0,0,0.3995037078857422,1
7117,247.60074615478516,34.482989953466955,11.000633239746094,0.0,0.0,0,0,0.4004802703857422,1
7118,247.63075470924377,33.323831088865056,13.998985290527344,0.0,0.0,1,0,0.3990797996520996,1
7119,247.65775227546692,38.45797803084484,11.011600494384766,0.0,0.0,0,0,0.40102386474609375,1
7120,247.68674635887146,34.49575208283644,13.000249862670898,0.0,0.0,1,0,0.4005718231201172,1
7121,247.7137463092804,35.71413731150109,11.997461318969727,0.0,0.0,1,0,0.39917850494384766,1
7122,247.75074553489685,27.02759269521735,15.998601913452148,0.0,0.0,1,0,0.39923095703125,1
7123,247.781751871109,32.25147251057286,14.006376266479492,0.0,0.0,0,0,0.3976144790649414,1
7124,247.8117516040802,33.333630034650476,13.99850845336914,0.0,0.0,0,0,0.3998708724975586,1
7125,247.840806722641,35.61618151557352,11.071205139160156,0.0,0.0,0,0,0.3976144790649414,1
7126,247.86974596977234,34.58107495321092,12.000322341918945,0.0,0.0,0,0,0.3980979919433594,1
7127,247.89674615859985,37.03579690949228,10.001182556152344,0.0,0.0,0,0,0.3976144790649414,1
7128,247.92374849319458,35.71261686221753,10.998725891113281,0.0,0.0,0,0,0.3990650177001953,1
7129,247.95574617385864,31.252265140677157,11.99650764465332,0.0,0.0,0,0,0.3976144790649414,1
7130,247.98574542999268,33.33415987156867,13.000011444091797,0.0,0.0,0,0,0.3980979919433594,1
7131,248.0127468109131,37.035142867234136,11.001110076904297,0.0,0.0,0,0,0.39780282974243164,1
7132,248.04174613952637,35.71535376414588,10.998010635375977,0.0,0.0,0,0,0.3996772766113281,1
7133,248.06774616241455,37.03677801619469,10.99395751953125,0.0,0.0,0,0,0.39926815032958984,1
7134,248.0957465171814,37.03481585476764,11.0015869140625,0.0,0.0,0,0,0.39982032775878906,1
7135,248.12274599075317,37.0387403855494,11.000871658325195,0.0,0.0,0,0,0.3994107246398926,1
7136,248.14974689483643,35.71383321128727,11.001110076904297,0.0,0.0,0,0,0.39998817443847656,1
7137,248.1847517490387,28.567466506834855,15.006303787231445,0.0,0.0,0,0,0.3976144790649414,2
7138,248.21975135803223,28.571747763949347,19.91128921508789,0.0,0.0,0,0,0.3996701240539551,2
7139,248.2577474117279,26.318522655254853,17.999649047851562,0.0,0.0,0,0,0.3976144790649414,2
7140,248.29274559020996,28.572915602242613,17.991065979003906,0.0,0.0,0,0,0.39970970153808594,2
7141,248.32974529266357,27.027244374565043,16.993284225463867,0.0,0.0,0,0,0.3976144790649414,2
7142,248.36474585533142,28.570969258121426,17.988920211791992,0.0,0.0,0,0,0.39958953857421875,2
7143,248.39574790000916,32.25593700012305,15.002250671386719,0.0,0.0,0,0,0.3976144790649414,2
7144,248.42974591255188,29.413484060084993,18.994808197021484,0.0,0.0,0,0,0.3997359275817871,2
7145,248.4597463607788,33.33283531085345,15.000581741333008,0.0,0.0,0,0,0.3976144790649414,2
7146,248.49774646759033,26.315715504693067,23.991823196411133,0.0,0.0,0,0,0.3996100425720215,2
7147,248.5277464389801,33.33336512250753,15.00082015991211,0.0,0.0,0,0,0.3976144790649414,2
7148,248.5587513446808,32.252960536433825,18.005847930908203,0.0,0.0,0,0,0.39971017837524414,2
7149,248.5887463092804,34.489228036706905,15.000104904174805,0.0,0.0,0,0,0.3976144790649414,2
7150,248.618745803833,32.2581697084362,15.999317169189453,0.0,0.0,0,0,0.3996291160583496,2
7151,248.64774680137634,34.48157252197075,15.001535415649414,0.0,0.0,0,0,0.3976144790649414,2
7152,248.6797456741333,31.251100862062543,17.993927001953125,0.0,0.0,0,0,0.3998575210571289,2
7153,248.71482157707214,29.33961960589548,16.081571578979492,0.0,0.0,0,0,0.3976144790649414,2
7154,248.76674580574036,18.897687746679402,34.99317169189453,0.0,0.0,0,0,0.3995084762573242,2
7155,248.79675364494324,33.32462538335638,14.945268630981445,0.0,0.0,0,0,0.3976144790649414,2
7156,248.8287456035614,31.257854885828415,16.993045806884766,0.0,0.0,0,0,0.399630069732666,2
7157,248.857745885849,35.71261686221753,14.001607894897461,0.0,0.0,0,0,0.3976144790649414,2
7158,248.8907458782196,30.302818376886563,15.001058578491211,0.0,0.0,0,0,0.3996305465698242,2
7159,248.91974568367004,33.33495465852825,15.000104904174805,0.0,0.0,0,0,0.3976144790649414,2
7160,248.94974565505981,33.33336512250753,16.000032424926758,0.0,0.0,0,0,0.39971017837524414,2
7161,248.97974586486816,33.33310021457522,16.00027084350586,0.0,0.0,0,0,0.3976144790649414,2
7162,249.00874662399292,35.714745527465325,14.995813369750977,0.0,0.0,0,0,0.39958953857421875,2
7163,249.0367467403412,34.48128904965472,14.00136947631836,0.0,0.0,0,0,0.3976144790649414,2
7164,249.0657458305359,34.483840468301665,15.000104904174805,0.0,0.0,0,0,0.3996295928955078,2
7165,249.10375332832336,26.31059812439231,20.999431610107422,0.0,0.0,0,0,0.3976144790649414,2
7166,249.13274550437927,34.49206427525863,15.000104904174805,0.0,0.0,0,0,0.3996100425720215,2
7167,249.16075110435486,35.707144316556565,14.005422592163086,0.0,0.0,0,0,0.3976144790649414,2
7168,249.18874549865723,35.721437270582626,15.000104904174805,0.0,0.0,0,0,0.399871826171875,2
7169,249.21674704551697,35.71231278789582,15.001773834228516,0.0,0.0,0,0,0.3976144790649414,2
7170,249.24874544143677,31.251566563098404,17.992019653320312,0.0,0.0,0,0,0.3998427391052246,2
7171,249.27674651145935,35.7129209417174,14.000892639160156,0.0,0.0,0,0,0.3976144790649414,2
7172,249.30574536323547,34.48412398257009,15.994071960449219,0.0,0.0,0,0,0.3998575210571289,2
7173,249.3347475528717,34.480155206997466,15.002250671386719,0.0,0.0,0,0,0.3976144790649414,2
7174,249.36374616622925,34.48440750150046,15.000581741333008,0.0,0.0,0,0,0.3996295928955078,2
7175,249.3927459716797,34.482989953466955,14.994144439697266,0.0,0.0,0,0,0.3976144790649414,2
7176,249.4237461090088,32.25792161447117,18.000364303588867,0.0,0.0,0,0,0.3995084762573242,2
7177,249.45574641227722,31.249703842228,15.001058578491211,0.0,0.0,0,0,0.3976144790649414,2
7178,249.49074530601501,28.5723316711627,20.999908447265625,0.0,0.0,0,0,0.40035533905029297,2
7179,249.51975226402283,34.47448711204629,16.00027084350586,0.0,0.0,0,0,0.3976144790649414,2
7180,249.5497453212738,33.341049284578695,15.933990478515625,0.0,0.0,0,0,0.3998427391052246,2
7181,249.57877278327942,34.450135523613966,15.027284622192383,0.0,0.0,0,0,0.3976144790649414,2
7182,249.6077778339386,34.47675412638916,15.935420989990234,0.0,0.0,0,0,0.3995485305786133,2
7183,249.63477683067322,37.03841330954946,13.996362686157227,0.0,0.0,0,0,0.3976144790649414,2
7184,249.66577005386353,32.265117889149586,16.99995994567871,0.0,0.0,0,0,0.399871826171875,2
7185,249.69477033615112,34.482422966884805,16.000032424926758,0.0,0.0,0,0,0.3976144790649414,2
7186,249.7277762889862,30.29756495734522,19.005537033081055,0.0,0.0,0,0,0.3995084762573242,2
7187,249.75877690315247,32.257425437989326,16.002655029296875,0.0,0.0,0,0,0.3976144790649414,2
7188,249.7907702922821,32.26387692307692,16.996383666992188,0.0,0.0,0,0,0.3996100425720215,2
7189,249.82277131080627,30.303037308903853,14.991283416748047,0.0,0.0,0,0,0.3976144790649414,2
7190,249.85577011108398,31.250169501627962,17.000436782836914,0.0,0.0,0,0,0.3996305465698242,2
7191,249.88676977157593,31.25133371084553,15.999555587768555,0.0,0.0,0,0,0.3976144790649414,2
7192,249.9177701473236,32.25767352432224,17.926931381225586,0.0,0.0,0,0,0.40035438537597656,2
7193,249.94677209854126,34.48043866067098,14.002084732055664,0.0,0.0,0,0,0.3976144790649414,2
7194,249.9767713546753,34.482422966884805,15.002250671386719,0.0,0.0,0,0,0.3996100425720215,2
7195,250.00477051734924,34.48497455334753,13.994693756103516,0.0,0.0,0,0,0.3976144790649414,2
7196,250.0347707271576,34.48270645784519,16.000032424926758,0.0,0.0,0,0,0.39958953857421875,2
7197,250.06276988983154,35.71383321128727,14.000892639160156,0.0,0.0,0,0,0.3976144790649414,2
7198,250.09277057647705,33.331775738069695,16.002416610717773,0.0,0.0,0,0,0.39958953857421875,2
7199,250.11977124214172,35.715657890255116,14.00136947631836,0.0,0.0,0,0,0.3976144790649414,2
7200,250.14877009391785,34.48412398257009,14.993667602539062,0.0,0.0,0,0,0.3995490074157715,2
7201,250.1797697544098,32.25841780621741,14.9993896484375,0.0,0.0,0,0,0.3976144790649414,2
7202,250.2097704410553,33.332570411342104,15.999317169189453,0.0,0.0,0,0,0.3996305465698242,2
7203,250.2387773990631,35.71352911625214,13.993024826049805,0.0,0.0,0,0,0.3976144790649414,2
7204,250.26777601242065,34.482989953466955,14.999628067016602,0.0,0.0,0,0,0.3996100425720215,2
7205,250.29484343528748,35.62192874432035,14.066934585571289,0.0,0.0,0,0,0.3976144790649414,2
7206,250.32477021217346,33.414891413457404,16.00027084350586,0.0,0.0,0,0,0.399871826171875,2
7207,250.35177063941956,37.036450974851654,14.000415802001953,0.0,0.0,0,0,0.3976144790649414,2
7208,250.38177585601807,33.3275381204758,16.005992889404297,0.0,0.0,0,0,0.39946794509887695,2
7209,250.40976977348328,35.72204573521271,14.99319076538086,0.0,0.0,0,0,0.3976144790649414,2
7210,250.44277834892273,30.295157748757656,20.008563995361328,0.0,0.0,0,0,0.40003204345703125,2
7211,250.47177624702454,34.48525808626445,15.006303787231445,0.0,0.0,0,0,0.3976144790649414,2
7212,250.50977087020874,26.319513557269346,17.000675201416016,0.0,0.0,0,0,0.39958953857421875,2
7213,250.54077982902527,32.248744819738434,14.009714126586914,0.0,0.0,0,0,0.3976144790649414,2
7214,250.58476996421814,23.261240176803668,27.9998779296875,0.0,0.0,0,0,0.3996100425720215,2
7215,250.61277318000793,34.478738008532744,16.003131866455078,0.0,0.0,0,0,0.3976144790649414,2
7216,250.641770362854,34.486108712990145,16.00050926208496,0.0,0.0,0,0,0.3998427391052246,2
7217,250.67077088356018,34.48213948058568,15.000343322753906,0.0,0.0,0,0,0.3976144790649414,2
7218,250.70177030563354,32.258665907814894,17.000198364257812,0.0,0.0,0,0,0.3996291160583496,2
7219,250.73177695274353,34.475903961071516,14.999866485595703,0.0,0.0,0,0,0.3976144790649414,2
7220,250.76277947425842,31.246677394362,18.007755279541016,0.0,0.0,0,0,0.3995490074157715,2
7221,250.79276967048645,33.344229974242374,15.999317169189453,0.0,0.0,0,0,0.3976144790649414,2
7222,250.82377004623413,32.25767352432224,17.000198364257812,0.0,0.0,0,0,0.3996305465698242,2
7223,250.85377049446106,33.33283531085345,16.00027084350586,0.0,0.0,0,0,0.3976144790649414,2
7224,250.88376998901367,33.333894951004154,15.999794006347656,0.0,0.0,0,0,0.3995485305786133,2
7225,250.91576981544495,31.250169501627962,14.999866485595703,0.0,0.0,0,0,0.3976144790649414,2
7226,250.94677090644836,32.25692927677116,15.994548797607422,0.0,0.0,0,0,0.39958953857421875,2
7227,250.97477054595947,35.714745527465325,13.982534408569336,0.0,0.0,0,0,0.3976144790649414,2
7228,251.00477051734924,33.33336512250753,16.00050926208496,0.0,0.0,0,0,0.39958953857421875,2
7229,251.03378081321716,34.47052055424974,14.01066780090332,0.0,0.0,0,0,0.3976144790649414,2
7230,251.06277060508728,34.49490098032765,16.000747680664062,0.0,0.0,0,0,0.3996305465698242,2
7231,251.09077072143555,37.0371050633135,14.000415802001953,0.0,0.0,0,0,0.3976144790649414,2
7232,251.12478137016296,28.56260299906024,20.009517669677734,0.0,0.0,0,0,0.40015316009521484,2
7233,251.15276980400085,35.72904456862478,13.99993896484375,0.0,0.0,0,0,0.3976144790649414,2
7234,251.18176937103271,34.483273453750215,15.993833541870117,0.0,0.0,0,0,0.39958953857421875,2
7235,251.21077013015747,35.71261686221753,14.000654220581055,0.0,0.0,0,0,0.3976144790649414,2
7236,251.23977065086365,34.483840468301665,14.999628067016602,0.0,0.0,0,0,0.3996295928955078,2
7237,251.26977038383484,32.257425437989326,14.000415802001953,0.0,0.0,0,0,0.3976144790649414,2
7238,251.30077028274536,32.2581697084362,16.00050926208496,0.0,0.0,0,0,0.3996701240539551,2
7239,251.32978129386902,35.71352911625214,13.999223709106445,0.0,0.0,0,0,0.3976144790649414,2
7240,251.35876989364624,33.33442479634413,15.000104904174805,0.0,0.0,0,0,0.3996701240539551,2
7241,251.38777017593384,34.482422966884805,15.000343322753906,0.0,0.0,0,0,0.3976144790649414,2
7242,251.41777062416077,33.33283531085345,16.00050926208496,0.0,0.0,0,0,0.3996701240539551,2
7243,251.44777035713196,34.48213948058568,15.001058578491211,0.0,0.0,0,0,0.3976144790649414,2
7244,251.47676992416382,33.33468972533062,15.993595123291016,0.0,0.0,0,0,0.39971065521240234,2
7245,251.50477075576782,35.713225026395556,15.000581741333008,0.0,0.0,0,0,0.3976144790649414,2
7246,251.57477140426636,14.28558194030054,16.001462936401367,0.0,0.0,0,0,0.3996701240539551,2
7247,251.6027705669403,35.71535376414588,15.000581741333008,0.0,0.0,0,0,0.3976144790649414,2
7248,251.63277125358582,33.332570411342104,16.001224517822266,0.0,0.0,0,0,0.3996305465698242,2
7249,251.66676998138428,29.412865267424493,16.99995994567871,0.0,0.0,0,0,0.3976144790649414,2
7250,251.6987702846527,32.25792161447117,17.000198364257812,0.0,0.0,0,0,0.3996100425720215,2
7251,251.72877025604248,32.25792161447117,17.000198364257812,0.0,0.0,0,0,0.3976144790649414,2
7252,251.76177668571472,31.235507893952935,17.014741897583008,0.0,0.0,0,0,0.3996295928955078,2
7253,251.79276990890503,32.26288421894711,16.010284423828125,0.0,0.0,0,0,0.3976144790649414,2
7254,251.8242838382721,31.742806544871115,16.513824462890625,0.0,0.0,0,0,0.40003204345703125,2
7255,251.85379719734192,32.77235257807678,15.97905158996582,0.0,0.0,0,0,0.3976144790649414,2
7256,251.88379764556885,33.33283531085345,16.00050926208496,0.0,0.0,0,0,0.39958953857421875,2
7257,251.9127972126007,35.71352911625214,14.00136947631836,0.0,0.0,0,0,0.3976144790649414,2
7258,251.9417974948883,33.33415987156867,15.994071960449219,0.0,0.0,0,0,0.3996295928955078,2
7259,251.97079706192017,34.483273453750215,14.999866485595703,0.0,0.0,0,0,0.3976144790649414,2
7260,251.99979758262634,35.714441416893735,14.999866485595703,0.0,0.0,0,0,0.3996701240539551,2
7261,252.0317986011505,30.301504851212623,16.00170135498047,0.0,0.0,0,0,0.3976144790649414,2
7262,252.06679725646973,28.572526312204094,16.000032424926758,0.0,0.0,0,0,0.39958906173706055,2
7263,252.09579730033875,34.48270645784519,14.999866485595703,0.0,0.0,0,0,0.3976144790649414,2
7264,252.12479734420776,34.48270645784519,16.00027084350586,0.0,0.0,0,0,0.3996701240539551,2
7265,252.15279912948608,35.71200871875213,15.002250671386719,0.0,0.0,0,0,0.3976144790649414,2
7266,252.18180394172668,34.47703752414615,15.006780624389648,0.0,0.0,0,0,0.3996701240539551,2
7267,252.21079850196838,34.489228036706905,14.995336532592773,0.0,0.0,0,0,0.3976144790649414,2
7268,252.23979711532593,34.48440750150046,14.999866485595703,0.0,0.0,0,0,0.3996295928955078,2
7269,252.26779747009277,35.71383321128727,14.000415802001953,0.0,0.0,0,0,0.3976144790649414,2
7270,252.29679775238037,34.482422966884805,15.000581741333008,0.0,0.0,0,0,0.3996305465698242,2
7271,252.3247971534729,35.715049643216,14.999866485595703,0.0,0.0,0,0,0.3976144790649414,2
7272,252.35379648208618,34.48355695869508,15.999555587768555,0.0,0.0,0,0,0.3996701240539551,2
7273,252.3858072757721,31.239462845311067,15.010356903076172,0.0,0.0,0,0,0.3976144790649414,2
7274,252.41579675674438,33.345025241483484,15.999555587768555,0.0,0.0,0,0,0.39971017837524414,2
7275,252.44379687309265,35.71413731150109,14.999628067016602,0.0,0.0,0,0,0.3976144790649414,2
7276,252.47379732131958,33.33283531085345,16.00027084350586,0.0,0.0,0,0,0.39971065521240234,2
7277,252.50980353355408,28.565910004154492,15.000581741333008,0.0,0.0,0,0,0.3976144790649414,2
7278,252.54379725456238,29.417403684974644,16.92485809326172,0.0,0.0,0,0,0.3997359275817871,2
7279,252.57079672813416,37.036450974851654,14.000892639160156,0.0,0.0,0,0,0.3976144790649414,2
7280,252.60079741477966,32.258665907814894,17.000198364257812,0.0,0.0,0,0,0.3996701240539551,2
7281,252.63079738616943,34.48100558199949,14.996767044067383,0.0,0.0,0,0,0.3976144790649414,2
7282,252.66979837417603,25.638495299338608,23.000478744506836,0.0,0.0,0,0,0.3995490074157715,2
7283,252.70779943466187,25.64319776968037,19.000530242919922,0.0,0.0,0,0,0.3976144790649414,2
7284,252.74679946899414,26.315385291054422,20.000219345092773,0.0,0.0,0,0,0.3996100425720215,2
7285,252.7907977104187,22.223361980353303,19.994020462036133,0.0,0.0,0,0,0.3976144790649414,2
7286,252.82979822158813,25.64068957085218,20.993709564208984,0.0,0.0,0,0,0.3996701240539551,2
7287,252.8647973537445,28.57213703277315,16.99972152709961,0.0,0.0,0,0,0.3976144790649414,2
7288,252.89787340164185,30.23335808146701,17.07601547241211,0.0,0.0,0,0,0.3996701240539551,2
7289,252.92979764938354,32.336509698707864,15.000104904174805,0.0,0.0,0,0,0.3976144790649414,2
7290,252.96180272102356,30.298878141456754,17.00568199157715,0.0,0.0,0,0,0.3996295928955078,2
7291,252.99279737472534,32.263628741317376,16.000032424926758,0.0,0.0,0,0,0.3976144790649414,2
7292,253.02479815483093,31.249238196705434,17.000913619995117,0.0,0.0,0,0,0.3996701240539551,2
7293,253.05479788780212,33.333630034650476,15.000104904174805,0.0,0.0,0,0,0.3976144790649414,2
7294,253.0857970714569,32.25891401322873,15.999794006347656,0.0,0.0,0,0,0.3996701240539551,2
7295,253.1147973537445,34.482422966884805,15.000343322753906,0.0,0.0,0,0,0.3976144790649414,2
7296,253.1447970867157,33.333630034650476,15.991449356079102,0.0,0.0,0,0,0.3996701240539551,2
7297,253.17679810523987,31.249005379147977,14.99795913696289,0.0,0.0,0,0,0.3976144790649414,2
7298,253.2077977657318,32.25841780621741,16.00050926208496,0.0,0.0,0,0,0.3996701240539551,2
7299,253.23779702186584,33.33415987156867,15.000343322753906,0.0,0.0,0,0,0.3976144790649414,2
7300,253.2677972316742,33.33310021457522,17.000198364257812,0.0,0.0,0,0,0.39971065521240234,2
7301,253.29579710960388,35.714441416893735,14.999866485595703,0.0,0.0,0,0,0.3976144790649414,2
7302,253.3257975578308,34.478171161766035,15.00391960144043,0.0,0.0,0,0,0.39971065521240234,2
7303,253.35379791259766,34.4863922645574,15.000581741333008,0.0,0.0,0,0,0.3976144790649414,2
7304,253.38379764556885,33.333630034650476,16.00050926208496,0.0,0.0,0,0,0.3996701240539551,2
7305,253.4127984046936,34.481855998947694,15.001773834228516,0.0,0.0,0,0,0.3976144790649414,2
7306,253.4427969455719,33.33495465852825,16.000032424926758,0.0,0.0,0,0,0.3996295928955078,2
7307,253.47179794311523,34.48157252197075,15.00082015991211,0.0,0.0,0,0,0.3976144790649414,2
7308,253.5017967224121,33.33468972533062,15.999317169189453,0.0,0.0,0,0,0.3996701240539551,2
7309,253.5347979068756,30.301942680451102,16.000986099243164,0.0,0.0,0,0,0.3976144790649414,2
7310,253.56579852104187,32.257425437989326,17.00139045715332,0.0,0.0,0,0,0.39971065521240234,2
7311,253.5957977771759,33.33415987156867,16.000747680664062,0.0,0.0,0,0,0.3976144790649414,2
7312,253.62679719924927,33.33415987156867,15.999794006347656,0.0,0.0,0,0,0.3996295928955078,2
7313,253.65580582618713,34.48128904965472,15.001058578491211,0.0,0.0,0,0,0.3976144790649414,2
7314,253.68679857254028,32.25692927677116,16.002416610717773,0.0,0.0,0,0,0.39970970153808594,2
7315,253.71679735183716,32.26015459754644,15.993595123291016,0.0,0.0,0,0,0.3976144790649414,2
7316,253.7517969608307,29.41204025104309,19.99950408935547,0.0,0.0,0,0,0.39958953857421875,2
7317,253.78179788589478,32.25717735547232,16.000747680664062,0.0,0.0,0,0,0.3976144790649414,2
7318,253.8137969970703,31.25086801674937,16.99995994567871,0.0,0.0,0,0,0.3996701240539551,2
7319,253.84279775619507,34.481855998947694,14.997243881225586,0.0,0.0,0,0,0.3976144790649414,2
7320,253.873797416687,33.333894951004154,14.996051788330078,0.0,0.0,0,0,0.40003204345703125,2
7321,253.90479826927185,31.249005379147977,14.001131057739258,0.0,0.0,0,0,0.3976144790649414,2
7322,253.9367971420288,32.259410235505854,16.000032424926758,0.0,0.0,0,0,0.40003204345703125,2
7323,253.96580338478088,33.32621408593948,15.006303787231445,0.0,0.0,0,0,0.3976144790649414,2
7324,253.99480438232422,35.71231278789582,15.001535415649414,0.0,0.0,0,0,0.3996295928955078,2
7325,254.02379775047302,33.341314318873756,15.000343322753906,0.0,0.0,0,0,0.3976144790649414,2
7326,254.0537974834442,33.333630034650476,16.00050926208496,0.0,0.0,0,0,0.39971017837524414,2
7327,254.0837972164154,33.333630034650476,16.00027084350586,0.0,0.0,0,0,0.3976144790649414,2
7328,254.11479687690735,32.25841780621741,16.98923110961914,0.0,0.0,0,0,0.39971065521240234,2
7329,254.1427972316742,35.71383321128727,15.000104904174805,0.0,0.0,0,0,0.3976144790649414,2
7330,254.17180585861206,34.472503719045626,16.008615493774414,0.0,0.0,0,0,0.40003204345703125,2
7331,254.19979786872864,35.72447980103401,15.00082015991211,0.0,0.0,0,0,0.3976144790649414,2
7332,254.22880339622498,34.476187344851965,16.0064697265625,0.0,0.0,0,0,0.3996295928955078,2
7333,254.26080298423767,31.250402336532158,16.005754470825195,0.0,0.0,0,0,0.3976144790649414,2
7334,254.29180335998535,33.3397241763046,16.00027084350586,0.0,0.0,0,0,0.3996701240539551,2
7335,254.31979703903198,34.482989953466955,13.99993896484375,0.0,0.0,0,0,0.3976144790649414,2
7336,254.34979701042175,33.33336512250753,15.999317169189453,0.0,0.0,0,0,0.39946794509887695,2
7337,254.37779784202576,35.713225026395556,15.001058578491211,0.0,0.0,0,0,0.3976144790649414,2
7338,254.4077968597412,33.33442479634413,15.999317169189453,0.0,0.0,0,0,0.3995485305786133,2
7339,254.43780040740967,33.329391945583424,16.00337028503418,0.0,0.0,0,0,0.3976144790649414,2
7340,254.46680092811584,34.48213948058568,16.002655029296875,0.0,0.0,0,0,0.39970970153808594,2
7341,254.49679732322693,34.487242947236865,14.995098114013672,0.0,0.0,0,0,0.3976144790649414,2
7342,254.52679705619812,33.33336512250753,15.98501205444336,0.0,0.0,0,0,0.399569034576416,2
7343,254.55579781532288,33.332570411342104,15.999317169189453,0.0,0.0,0,0,0.3976144790649414,2
7344,254.58579993247986,33.33098110268758,17.00282096862793,0.0,0.0,0,0,0.3996305465698242,2
7345,254.6187973022461,30.305445769900505,16.00027084350586,0.0,0.0,0,0,0.3976144790649414,2
7346,254.6488025188446,33.3275381204758,16.005277633666992,0.0,0.0,0,0,0.39970970153808594,2
7347,254.68179774284363,31.25389527648825,16.99542999267578,0.0,0.0,0,0,0.3976144790649414,2
7348,254.7127969264984,31.251566563098404,17.999649047851562,0.0,0.0,0,0,0.3996295928955078,2
7349,254.74479818344116,31.24877256505964,15.990257263183594,0.0,0.0,0,0,0.3976144790649414,2
7350,254.77779746055603,31.25086801674937,17.000198364257812,0.0,0.0,0,0,0.3996100425720215,2
7351,254.80879759788513,31.249703842228,17.000675201416016,0.0,0.0,0,0,0.3976144790649414,2
7352,254.83980059623718,32.25494478452121,17.003536224365234,0.0,0.0,0,0,0.3996305465698242,2
7353,254.86979818344116,33.336014433432155,16.000986099243164,0.0,0.0,0,0,0.3976144790649414,2
7354,254.89979720115662,33.33442479634413,15.989303588867188,0.0,0.0,0,0,0.39970970153808594,2
7355,254.92879796028137,34.481855998947694,15.00082015991211,0.0,0.0,0,0,0.3976144790649414,2
7356,254.95979690551758,32.259162122459024,16.99995994567871,0.0,0.0,0,0,0.39970970153808594,2
7357,254.99280643463135,30.294282495016322,15.009641647338867,0.0,0.0,0,0,0.3976144790649414,2
7358,255.02179861068726,34.49206427525863,15.001535415649414,0.0,0.0,0,0,0.39971017837524414,2
7359,255.05279803276062,33.329391945583424,16.005277633666992,0.0,0.0,0,0,0.3976144790649414,2
7360,255.08379673957825,31.255292671112933,15.999555587768555,0.0,0.0,0,0,0.39970970153808594,2
7361,255.11280369758606,34.47448711204629,15.006542205810547,0.0,0.0,0,0,0.3976144790649414,2
7362,255.14279770851135,33.33998918953292,16.000747680664062,0.0,0.0,0,0,0.39971065521240234,2
7363,255.17279696464539,33.33415987156867,15.999794006347656,0.0,0.0,0,0,0.3976144790649414,2
7364,255.20179796218872,34.48157252197075,16.000986099243164,0.0,0.0,0,0,0.3996295928955078,2
7365,255.22979879379272,35.713225026395556,13.992547988891602,0.0,0.0,0,0,0.3976144790649414,2
7366,255.25979828834534,34.483273453750215,15.001058578491211,0.0,0.0,0,0,0.39971017837524414,2
7367,255.28780341148376,35.7129209417174,14.002323150634766,0.0,0.0,0,0,0.3976144790649414,2
7368,255.3167974948883,34.48412398257009,14.995336532592773,0.0,0.0,0,0,0.3996295928955078,2
7369,255.34879732131958,31.25086801674937,14.000415802001953,0.0,0.0,0,0,0.3976144790649414,2
7370,255.37879753112793,33.33336512250753,15.000343322753906,0.0,0.0,0,0,0.39970970153808594,2
7371,255.4077968597412,33.333894951004154,14.999866485595703,0.0,0.0,0,0,0.3976144790649414,2
7372,255.4377965927124,33.333630034650476,15.999555587768555,0.0,0.0,0,0,0.40003204345703125,2
7373,255.46679759025574,34.48157252197075,15.000581741333008,0.0,0.0,0,0,0.3976144790649414,2
7374,255.49779796600342,33.333630034650476,16.00027084350586,0.0,0.0,0,0,0.3996295928955078,2
7375,255.5277976989746,32.25767352432224,17.000675201416016,0.0,0.0,0,0,0.3976144790649414,2
7376,255.55879831314087,33.33283531085345,16.000986099243164,0.0,0.0,0,0,0.39946794509887695,2
7377,255.58779740333557,33.33415987156867,16.00050926208496,0.0,0.0,0,0,0.3976144790649414,2
7378,255.61779689788818,33.333894951004154,16.999483108520508,0.0,0.0,0,0,0.3996295928955078,2
7379,255.64679861068726,34.48072211900495,15.999794006347656,0.0,0.0,0,0,0.3976144790649414,2
7380,255.6777970790863,32.25965835236931,16.991376876831055,0.0,0.0,0,0,0.39946794509887695,2
7381,255.71179795265198,29.411009045648974,17.000675201416016,0.0,0.0,0,0,0.3976144790649414,2
7382,255.74479722976685,30.303694123937028,17.999887466430664,0.0,0.0,0,0,0.3996295928955078,2
7383,255.77580308914185,32.25196850393701,16.000986099243164,0.0,0.0,0,0,0.3976144790649414,2
7384,255.80779719352722,31.255758497090014,17.993927001953125,0.0,0.0,0,0,0.39971017837524414,2
7385,255.83879709243774,32.2581697084362,16.99995994567871,0.0,0.0,0,0,0.3976144790649414,2
7386,255.8687973022461,33.33310021457522,16.00050926208496,0.0,0.0,0,0,0.3996295928955078,2
7387,255.89779829978943,34.48157252197075,14.00136947631836,0.0,0.0,0,0,0.3976144790649414,2
7388,255.92779779434204,33.333894951004154,16.00050926208496,0.0,0.0,0,0,0.3996295928955078,2
7389,255.95679688453674,34.483840468301665,14.9993896484375,0.0,0.0,0,0,0.3976144790649414,2
7390,255.98579716682434,34.482422966884805,16.000032424926758,0.0,0.0,0,0,0.39971065521240234,2
7391,256.0147976875305,35.71413731150109,15.000104904174805,0.0,0.0,0,0,0.3976144790649414,2
7392,256.0437972545624,33.33336512250753,15.000343322753906,0.0,0.0,0,0,0.39971065521240234,2
7393,256.0757968425751,31.250402336532158,14.999628067016602,0.0,0.0,0,0,0.3976144790649414,2
7394,256.10479712486267,34.482422966884805,14.999866485595703,0.0,0.0,0,0,0.3996295928955078,2
7395,256.1337993144989,35.714441416893735,14.000177383422852,0.0,0.0,0,0,0.3976144790649414,2
7396,256.16379737854004,32.25767352432224,15.999794006347656,0.0,0.0,0,0,0.40003204345703125,2
7397,256.19279742240906,34.48270645784519,14.998912811279297,0.0,0.0,0,0,0.3976144790649414,2
7398,256.22579765319824,31.250402336532158,14.999866485595703,0.0,0.0,0,0,0.3996701240539551,2
7399,256.25480222702026,33.3275381204758,14.995813369750977,0.0,0.0,0,0,0.3976144790649414,2
7400,256.2847969532013,33.33919416248698,15.999794006347656,0.0,0.0,0,0,0.3996701240539551,2
7401,256.31379675865173,34.482989953466955,14.998435974121094,0.0,0.0,0,0,0.3976144790649414,2
7402,256.34379720687866,33.33283531085345,16.00027084350586,0.0,0.0,0,0,0.40003204345703125,2
7403,256.3727970123291,34.482989953466955,15.000104904174805,0.0,0.0,0,0,0.3976144790649414,2
7404,256.4027969837189,33.33336512250753,16.000032424926758,0.0,0.0,0,0,0.40003204345703125,2
7405,256.43480825424194,31.23899750493427,15.011072158813477,0.0,0.0,0,0,0.3976144790649414,2
7406,256.4657971858978,32.269586157550954,16.99352264404297,0.0,0.0,0,0,0.40003204345703125,2
7407,256.4948046207428,35.71231278789582,13.926506042480469,0.0,0.0,0,0,0.3976144790649414,2
7408,256.5238049030304,33.32647888443049,16.00050926208496,0.0,0.0,0,0,0.3998708724975586,2
7409,256.5527973175049,34.49178063041208,15.000581741333008,0.0,0.0,0,0,0.3976144790649414,2
7410,256.5827970504761,33.333630034650476,15.995502471923828,0.0,0.0,0,0,0.40003204345703125,2
7411,256.61279678344727,33.333630034650476,17.000198364257812,0.0,0.0,0,0,0.3976144790649414,2
7412,256.64479756355286,31.249238196705434,19.000530242919922,0.0,0.0,0,0,0.39979076385498047,2
7413,256.67579770088196,32.25792161447117,16.992807388305664,0.0,0.0,0,0,0.3976144790649414,2
7414,256.7087969779968,30.303694123937028,18.999576568603516,0.0,0.0,0,0,0.39958953857421875,2
7415,256.73980021476746,33.331775738069695,16.001462936401367,0.0,0.0,0,0,0.3976144790649414,2
7416,256.77280354499817,30.30391306860875,18.000364303588867,0.0,0.0,0,0,0.3996701240539551,2
7417,256.8077974319458,27.77776747574423,17.000198364257812,0.0,0.0,0,0,0.3976144790649414,2
7418,256.84081196784973,30.28968824247326,18.014907836914062,0.0,0.0,0,0,0.39971065521240234,2
7419,256.8707983493805,33.34847183792895,15.001058578491211,0.0,0.0,0,0,0.3976144790649414,2
7420,256.9017975330353,33.33442479634413,15.000343322753906,0.0,0.0,0,0,0.39971065521240234,2
7421,256.93079710006714,33.333630034650476,14.999628067016602,0.0,0.0,0,0,0.3976144790649414,2
7422,256.9607970714569,33.33336512250753,15.994548797607422,0.0,0.0,0,0,0.3996701240539551,2
7423,256.9887981414795,35.7129209417174,14.001131057739258,0.0,0.0,0,0,0.3976144790649414,2
7424,257.01979804039,33.333630034650476,16.000747680664062,0.0,0.0,0,0,0.39971065521240234,2
7425,257.0487973690033,34.48355695869508,15.000343322753906,0.0,0.0,0,0,0.3976144790649414,2
7426,257.0777974128723,33.33310021457522,16.000032424926758,0.0,0.0,0,0,0.39946794509887695,2
7427,257.1057996749878,35.7114005959983,14.002323150634766,0.0,0.0,0,0,0.3976144790649414,2
7428,257.1357972621918,33.336014433432155,16.000032424926758,0.0,0.0,0,0,0.3996295928955078,2
7429,257.16779828071594,31.249005379147977,15.00082015991211,0.0,0.0,0,0,0.3976144790649414,2
7430,257.1977970600128,33.33468972533062,16.000032424926758,0.0,0.0,0,0,0.39971017837524414,2
7431,257.22679805755615,34.48157252197075,14.994621276855469,0.0,0.0,0,0,0.3976144790649414,2
7432,257.25579738616943,34.48355695869508,14.994621276855469,0.0,0.0,0,0,0.40003204345703125,2
7433,257.28479766845703,34.482422966884805,15.000581741333008,0.0,0.0,0,0,0.3976144790649414,2
7434,257.313800573349,34.479304873938524,15.003204345703125,0.0,0.0,0,0,0.39946794509887695,2
7435,257.34279680252075,34.487242947236865,14.9993896484375,0.0,0.0,0,0,0.3976144790649414,2
7436,257.3729839324951,33.12670004896773,16.18671417236328,0.0,0.0,0,0,0.3996295928955078,2
7437,257.4019844532013,34.48213948058568,15.001058578491211,0.0,0.0,0,0,0.3976144790649414,2
7438,257.4319841861725,33.333630034650476,16.000032424926758,0.0,0.0,0,0,0.39946794509887695,2
7439,257.46198439598083,34.48128904965472,15.001773834228516,0.0,0.0,0,0,0.3976144790649414,2
7440,257.49198389053345,33.33521959593712,15.998363494873047,0.0,0.0,0,0,0.3995485305786133,2
7441,257.52398443222046,30.302380522342233,15.00082015991211,0.0,0.0,0,0,0.3976144790649414,2
7442,257.55598306655884,31.25133371084553,16.99972152709961,0.0,0.0,0,0,0.39970970153808594,2
7443,257.5859839916229,34.480155206997466,15.001535415649414,0.0,0.0,0,0,0.3976144790649414,2
7444,257.61598944664,33.33415987156867,16.001224517822266,0.0,0.0,0,0,0.39970970153808594,2
7445,257.64398407936096,34.483273453750215,15.000343322753906,0.0,0.0,0,0,0.3976144790649414,2
7446,257.67598485946655,31.249238196705434,17.00115203857422,0.0,0.0,0,0,0.39958953857421875,2
7447,257.7059836387634,34.48440750150046,15.999794006347656,0.0,0.0,0,0,0.3976144790649414,2
7448,257.7379834651947,30.303037308903853,18.999576568603516,0.0,0.0,0,0,0.39971017837524414,2
7449,257.76798391342163,33.33283531085345,16.00027084350586,0.0,0.0,0,0,0.3976144790649414,2
7450,257.7999839782715,31.249936670193268,17.000436782836914,0.0,0.0,0,0,0.39971065521240234,2
7451,257.8299894332886,33.32727330515208,15.005826950073242,0.0,0.0,0,0,0.3976144790649414,2
7452,257.8599841594696,34.486108712990145,14.993906021118164,0.0,0.0,0,0,0.39946794509887695,2
7453,257.89198446273804,30.305007839425446,15.000581741333008,0.0,0.0,0,0,0.3976144790649414,2
7454,257.92398476600647,31.249703842228,16.001224517822266,0.0,0.0,0,0,0.3996295928955078,2
7455,257.95198369026184,35.715657890255116,14.992237091064453,0.0,0.0,0,0,0.3976144790649414,2
7456,257.9819836616516,33.33336512250753,16.000032424926758,0.0,0.0,0,0,0.3996295928955078,2
7457,258.0109839439392,35.708056291024256,14.004945755004883,0.0,0.0,0,0,0.3976144790649414,2
7458,258.03998351097107,33.3389291618975,15.999317169189453,0.0,0.0,0,0,0.39971017837524414,2
7459,258.0709855556488,33.32965679457737,15.997648239135742,0.0,0.0,0,0,0.3976144790649414,2
7460,258.10098361968994,32.26139527728636,16.99995994567871,0.0,0.0,0,0,0.3996701240539551,2
7461,258.12998366355896,34.48270645784519,15.000104904174805,0.0,0.0,0,0,0.3976144790649414,2
7462,258.158983707428,34.48270645784519,14.999866485595703,0.0,0.0,0,0,0.3996701240539551,2
7463,258.1879835128784,35.68891460467649,14.020204544067383,0.0,0.0,0,0,0.3976144790649414,2
7464,258.216983795166,33.355367168736976,15.000343322753906,0.0,0.0,0,0,0.3996100425720215,2
7465,258.24998450279236,30.302380522342233,16.00050926208496,0.0,0.0,0,0,0.3976144790649414,2
7466,258.2819895744324,32.25891401322873,15.000343322753906,0.0,0.0,0,0,0.3996100425720215,2
7467,258.3109836578369,33.33336512250753,15.000343322753906,0.0,0.0,0,0,0.3976144790649414,2
7468,258.340984582901,33.3323055160411,15.001058578491211,0.0,0.0,0,0,0.39970970153808594,2
7469,258.3699860572815,34.48100558199949,15.002012252807617,0.0,0.0,0,0,0.3976144790649414,2
7470,258.40198850631714,32.25792161447117,15.00248908996582,0.0,0.0,0,0,0.3996295928955078,2
7471,258.4319839477539,32.260402725860295,15.999794006347656,0.0,0.0,0,0,0.3976144790649414,2
7472,258.4629843235016,32.25767352432224,16.00050926208496,0.0,0.0,0,0,0.39946794509887695,2
7473,258.4929835796356,33.33415987156867,14.999866485595703,0.0,0.0,0,0,0.3976144790649414,2
7474,258.51498651504517,45.44848136790664,7.002353668212891,0.0,0.0,1,0,0.3976144790649414,0
7475,258.53498339653015,52.64001807251597,4.999876022338867,0.0,0.0,0,0,0.40064430236816406,0
7476,258.55598425865173,47.617633368527414,6.000757217407227,0.0,0.0,1,0,0.3976144790649414,0
7477,258.5809848308563,40.00099184588241,6.000041961669922,0.0,0.0,0,0,0.3990449905395508,0
7478,258.60199308395386,45.43469641986676,6.999969482421875,0.0,0.0,1,0,0.3976144790649414,0
7479,258.6219844818115,50.02151460942159,5.001068115234375,0.0,0.0,0,0,0.40064382553100586,0
7480,258.6439836025238,47.617633368527414,7.001638412475586,0.0,0.0,1,0,0.3976144790649414,0
7481,258.667986869812,41.66637526821903,6.001710891723633,0.0,0.0,0,0,0.4006819725036621,0
7482,258.68998432159424,43.48006012543409,7.00068473815918,0.0,0.0,1,0,0.3976144790649414,0
7483,258.71298384666443,43.47915867602393,7.000207901000977,0.0,0.0,0,0,0.3990449905395508,0
7484,258.73698592185974,41.663064208518755,7.002115249633789,0.0,0.0,1,0,0.3976144790649414,0
7485,258.75998401641846,43.481863136397095,6.000041961669922,0.0,0.0,0,0,0.3990449905395508,0
7486,258.7839846611023,41.66554745395665,8.000850677490234,0.0,0.0,1,0,0.3976144790649414,0
7487,258.8079845905304,43.47690521602123,6.001710891723633,0.0,0.0,0,0,0.3990449905395508,0
7488,258.8319842815399,41.66720311537621,7.000923156738281,0.0,0.0,1,0,0.3976144790649414,0
7489,258.8579845428467,37.03775917487902,6.000280380249023,0.0,0.0,0,0,0.39911460876464844,0
7490,258.8879837989807,33.33415987156867,11.999845504760742,0.0,0.0,0,0,0.3980979919433594,1
7491,258.91398429870605,38.46079923707521,10.00070571899414,0.0,0.0,0,0,0.3990516662597656,1
7492,258.940984249115,37.0371050633135,12.000560760498047,0.0,0.0,0,0,0.3980979919433594,1
7493,258.966983795166,38.462209995414945,11.00015640258789,0.0,0.0,0,0,0.3990516662597656,1
7494,258.99298453330994,38.46044656366054,10.99848747253418,0.0,0.0,0,0,0.3980979919433594,1
7495,259.01998353004456,37.03841330954946,11.999368667602539,0.0,0.0,0,0,0.3990459442138672,1
7496,259.04698419570923,38.46044656366054,11.000394821166992,0.0,0.0,0,0,0.3980979919433594,1
7497,259.07299065589905,38.4526893845632,10.006427764892578,0.0,0.0,0,0,0.3990516662597656,1
7498,259.09998416900635,35.72204573521271,12.000322341918945,0.0,0.0,0,0,0.3980979919433594,1
7499,259.1249887943268,39.99260085624112,10.00070571899414,0.0,0.0,0,0,0.39905309677124023,1
7500,259.151983499527,38.46891251112069,10.993480682373047,0.0,0.0,0,0,0.3980979919433594,1
7501,259.1830487251282,32.19379351104902,11.062145233154297,0.0,0.0,0,0,0.3976144790649414,1
7502,259.21198439598083,33.401586340904025,11.000633239746094,0.0,0.0,0,0,0.3981490135192871,1
7503,259.23898363113403,37.03808623932605,10.999679565429688,0.0,0.0,0,0,0.3992791175842285,1
7504,259.2669847011566,35.7129209417174,13.000965118408203,0.0,0.0,1,0,0.3990321159362793,1
7505,259.2939841747284,37.03775917487902,10.992765426635742,0.0,0.0,0,0,0.4004783630371094,1
7506,259.32098412513733,37.0371050633135,12.000322341918945,0.0,0.0,1,0,0.3990774154663086,1
7507,259.34698390960693,39.99984741269145,10.00070571899414,0.0,0.0,0,0,0.40050220489501953,1
7508,259.3749837875366,34.483273453750215,12.999773025512695,0.0,0.0,0,0,0.39911937713623047,1
7509,259.40098428726196,38.46079923707521,10.999917984008789,0.0,0.0,0,0,0.4005579948425293,1
7510,259.42798376083374,37.03775917487902,11.999845504760742,0.0,0.0,0,0,0.3991560935974121,1
7511,259.45399141311646,38.450221847383666,11.006832122802734,0.0,0.0,0,0,0.4009404182434082,1
7512,259.4809846878052,37.04626472822343,12.000799179077148,0.0,0.0,0,0,0.39969635009765625,1
7513,259.5109839439392,34.483273453750215,10.000467300415039,0.0,0.0,0,0,0.3992757797241211,1
7514,259.54498386383057,28.571747763949347,18.000125885009766,0.0,0.0,0,0,0.3996295928955078,2
7515,259.57698345184326,31.250402336532158,16.99972152709961,0.0,0.0,0,0,0.3976144790649414,2
7516,259.6109836101532,29.411627760208123,19.00005340576172,0.0,0.0,0,0,0.3995485305786133,2
7517,259.64098358154297,33.33336512250753,16.000032424926758,0.0,0.0,0,0,0.3976144790649414,2
7518,259.67798352241516,27.774456503744712,18.003463745117188,0.0,0.0,0,0,0.39946794509887695,2
7519,259.7089898586273,31.24807414360854,16.997575759887695,0.0,0.0,0,0,0.3976144790649414,2
7520,259.7419834136963,30.308949669400587,18.988609313964844,0.0,0.0,0,0,0.399871826171875,2
7521,259.77298378944397,33.33310021457522,16.000032424926758,0.0,0.0,0,0,0.3976144790649414,2
7522,259.80498361587524,30.303037308903853,17.999887466430664,0.0,0.0,0,0,0.39958953857421875,2
7523,259.83598375320435,32.25792161447117,17.000198364257812,0.0,0.0,0,0,0.3976144790649414,2
7524,259.866984128952,33.33204062495033,16.001462936401367,0.0,0.0,0,0,0.3996100425720215,2
7525,259.9009852409363,28.57116388060108,16.9985294342041,0.0,0.0,0,0,0.3976144790649414,2
7526,259.93298411369324,31.251100862062543,16.00050926208496,0.0,0.0,0,0,0.39958953857421875,2
7527,259.962495803833,33.884877323660334,15.512228012084961,0.0,0.0,0,0,0.3976144790649414,2
7528,259.9924952983856,33.333894951004154,15.999794006347656,0.0,0.0,0,0,0.39958953857421875,2
7529,260.0214958190918,35.70957635199564,14.00303840637207,0.0,0.0,0,0,0.3976144790649414,2
7530,260.0510046482086,32.78080500195389,16.00027084350586,0.0,0.0,0,0,0.39958953857421875,2
7531,260.0800051689148,35.7129209417174,14.001131057739258,0.0,0.0,0,0,0.3976144790649414,2
7532,260.1090042591095,33.33495465852825,14.994621276855469,0.0,0.0,0,0,0.39958953857421875,2
7533,260.1370038986206,35.714745527465325,13.999223709106445,0.0,0.0,0,0,0.3976144790649414,2
7534,260.16700434684753,34.482422966884805,14.999866485595703,0.0,0.0,0,0,0.3996100425720215,2
7535,260.19400358200073,35.715049643216,13.998985290527344,0.0,0.0,0,0,0.3976144790649414,2
7536,260.22300386428833,34.482422966884805,15.999794006347656,0.0,0.0,0,0,0.39958953857421875,2
7537,260.2540051937103,32.25668120188573,15.00082015991211,0.0,0.0,0,0,0.3976144790649414,2
7538,260.2840042114258,33.33442479634413,14.999866485595703,0.0,0.0,0,0,0.399569034576416,2
7539,260.31200408935547,35.714441416893735,13.99993896484375,0.0,0.0,0,0,0.3976144790649414,2
7540,260.34100437164307,34.482422966884805,14.990091323852539,0.0,0.0,0,0,0.3995084762573242,2
7541,260.36900424957275,35.714441416893735,13.989448547363281,0.0,0.0,0,0,0.3976144790649414,2
7542,260.3990044593811,33.33310021457522,16.99972152709961,0.0,0.0,0,0,0.39971017837524414,2
7543,260.42801308631897,34.472503719045626,16.002655029296875,0.0,0.0,0,0,0.3976144790649414,2
7544,260.45800399780273,33.34343474493406,16.993045806884766,0.0,0.0,0,0,0.3996291160583496,2
7545,260.4870069026947,35.71261686221753,15.00082015991211,0.0,0.0,0,0,0.3976144790649414,2
7546,260.51700496673584,33.33442479634413,15.999794006347656,0.0,0.0,0,0,0.399630069732666,2
7547,260.54500436782837,34.48270645784519,15.000104904174805,0.0,0.0,0,0,0.3976144790649414,2
7548,260.57400465011597,34.482422966884805,16.00027084350586,0.0,0.0,0,0,0.3996305465698242,2
7549,260.6070046424866,31.248306947289997,16.00193977355957,0.0,0.0,0,0,0.3976144790649414,2
7550,260.6370131969452,33.3291271007986,15.999794006347656,0.0,0.0,0,0,0.3996291160583496,2
7551,260.6680064201355,31.2536623895322,17.995834350585938,0.0,0.0,0,0,0.3976144790649414,2
7552,260.7000045776367,32.259410235505854,18.000364303588867,0.0,0.0,0,0,0.40027379989624023,2
7553,260.73001623153687,32.246513415853,16.001224517822266,0.0,0.0,0,0,0.3976144790649414,2
7554,260.7630047798157,31.261582493590126,17.993927001953125,0.0,0.0,0,0,0.39958953857421875,2
7555,260.7930042743683,32.2581697084362,15.999078750610352,0.0,0.0,0,0,0.3976144790649414,2
7556,260.82500410079956,31.250169501627962,16.999483108520508,0.0,0.0,0,0,0.3995490074157715,2
7557,260.85400390625,34.482989953466955,14.999151229858398,0.0,0.0,0,0,0.3976144790649414,2
7558,260.88600635528564,32.25792161447117,16.999483108520508,0.0,0.0,0,0,0.3996100425720215,2
7559,260.9150114059448,33.325154934053714,15.006780624389648,0.0,0.0,0,0,0.3976144790649414,2
7560,260.950003862381,28.577587910253527,20.990610122680664,0.0,0.0,0,0,0.3996100425720215,2
7561,260.98300433158875,30.302599448032712,16.00027084350586,0.0,0.0,0,0,0.3976144790649414,2
7562,261.01300978660583,33.32727330515208,16.005277633666992,0.0,0.0,0,0,0.3996100425720215,2
7563,261.04200434684753,34.489228036706905,14.999866485595703,0.0,0.0,0,0,0.3976144790649414,2
7564,261.07100534439087,34.48157252197075,16.001224517822266,0.0,0.0,0,0,0.3996100425720215,2
7565,261.09900641441345,35.7129209417174,15.002012252807617,0.0,0.0,0,0,0.3976144790649414,2
7566,261.12801456451416,34.473070379472176,16.010046005249023,0.0,0.0,0,0,0.39958953857421875,2
7567,261.1560044288635,35.72721852161025,15.000104904174805,0.0,0.0,0,0,0.3976144790649414,2
7568,261.1860044002533,34.48270645784519,15.000104904174805,0.0,0.0,0,0,0.3996100425720215,2
7569,261.21300411224365,35.714745527465325,13.99993896484375,0.0,0.0,0,0,0.3976144790649414,2
7570,261.24200415611267,34.48270645784519,16.000032424926758,0.0,0.0,0,0,0.3995490074157715,2
7571,261.27000427246094,35.71413731150109,14.999866485595703,0.0,0.0,0,0,0.3976144790649414,2
7572,261.2990152835846,35.71383321128727,15.000581741333008,0.0,0.0,0,0,0.3996305465698242,2
7573,261.332004070282,29.412246500799416,15.999794006347656,0.0,0.0,0,0,0.3976144790649414,2
7574,261.36200404167175,33.33336512250753,15.999555587768555,0.0,0.0,0,0,0.3996291160583496,2
7575,261.39100432395935,34.482422966884805,14.9993896484375,0.0,0.0,0,0,0.3976144790649414,2
7576,261.42100405693054,33.333630034650476,16.99972152709961,0.0,0.0,0,0,0.39979076385498047,2
7577,261.44900393486023,35.714441416893735,14.9993896484375,0.0,0.0,0,0,0.3976144790649414,2
7578,261.48100447654724,31.24947101773208,18.000364303588867,0.0,0.0,0,0,0.40003204345703125,2
7579,261.52801060676575,21.736199498352025,32.006263732910156,0.0,0.0,0,0,0.3976144790649414,2
7580,261.55800461769104,33.3389291618975,16.001224517822266,0.0,0.0,0,0,0.399569034576416,2
7581,261.58800530433655,33.332570411342104,16.00170135498047,0.0,0.0,0,0,0.3976144790649414,2
7582,261.6180045604706,32.25990647304947,16.99995994567871,0.0,0.0,0,0,0.3996295928955078,2
7583,261.64700412750244,34.483273453750215,15.999794006347656,0.0,0.0,0,0,0.3976144790649414,2
7584,261.67700457572937,33.33283531085345,16.99995994567871,0.0,0.0,0,0,0.3996100425720215,2
7585,261.71100544929504,29.411009045648974,17.000436782836914,0.0,0.0,0,0,0.3976144790649414,2
7586,261.7430040836334,31.25133371084553,16.99972152709961,0.0,0.0,0,0,0.40003204345703125,2
7587,261.775004863739,31.249238196705434,18.000125885009766,0.0,0.0,0,0,0.3976144790649414,2
7588,261.80700421333313,31.250635174905934,16.99995994567871,0.0,0.0,0,0,0.39946794509887695,2
7589,261.83900475502014,31.24947101773208,16.99995994567871,0.0,0.0,0,0,0.3976144790649414,2
7590,261.86900424957275,33.333894951004154,15.999555587768555,0.0,0.0,0,0,0.39970970153808594,2
7591,261.900004863739,32.257425437989326,16.99995994567871,0.0,0.0,0,0,0.3976144790649414,2
7592,261.93001103401184,33.32647888443049,17.006635665893555,0.0,0.0,0,0,0.39971017837524414,2
7593,261.95900416374207,34.49092972386231,14.999628067016602,0.0,0.0,0,0,0.3976144790649414,2
7594,261.9890043735504,33.33310021457522,16.000032424926758,0.0,0.0,0,0,0.39971065521240234,2
7595,262.018004655838,34.482422966884805,15.000104904174805,0.0,0.0,0,0,0.3976144790649414,2
7596,262.0490040779114,32.258665907814894,16.999483108520508,0.0,0.0,0,0,0.3996701240539551,2
7597,262.0800051689148,32.25692927677116,13.993501663208008,0.0,0.0,0,0,0.3976144790649414,2
7598,262.1110050678253,33.33415987156867,15.000104904174805,0.0,0.0,0,0,0.3996295928955078,2
7599,262.1390130519867,34.472503719045626,15.00844955444336,0.0,0.0,0,0,0.3976144790649414,2
7600,262.168004989624,35.72508836931988,14.994144439697266,0.0,0.0,0,0,0.39971065521240234,2
7601,262.1960048675537,34.482422966884805,15.00082015991211,0.0,0.0,0,0,0.3976144790649414,2
7602,262.2270042896271,32.258665907814894,16.999244689941406,0.0,0.0,0,0,0.39971017837524414,2
7603,262.2560043334961,34.48270645784519,14.999866485595703,0.0,0.0,0,0,0.3976144790649414,2
7604,262.28601121902466,34.473070379472176,16.00790023803711,0.0,0.0,0,0,0.3996701240539551,2
7605,262.3140046596527,34.49206427525863,15.000104904174805,0.0,0.0,0,0,0.3976144790649414,2
7606,262.34400486946106,34.482989953466955,15.000104904174805,0.0,0.0,0,0,0.3996701240539551,2
7607,262.3720042705536,34.482989953466955,14.999866485595703,0.0,0.0,0,0,0.3976144790649414,2
7608,262.40300393104553,32.25841780621741,16.999483108520508,0.0,0.0,0,0,0.40003204345703125,2
7609,262.43500447273254,31.24947101773208,16.000032424926758,0.0,0.0,0,0,0.3976144790649414,2
7610,262.4660105705261,32.25172050534798,17.00615882873535,0.0,0.0,0,0,0.39946794509887695,2
7611,262.4960045814514,33.33998918953292,15.999794006347656,0.0,0.0,0,0,0.3976144790649414,2
7612,262.5260045528412,33.33336512250753,17.000198364257812,0.0,0.0,0,0,0.40003204345703125,2
7613,262.5540134906769,35.702889051567105,15.002965927124023,0.0,0.0,0,0,0.3976144790649414,2
7614,262.5850040912628,32.267848350566226,16.999483108520508,0.0,0.0,0,0,0.40003204345703125,2
7615,262.61500430107117,34.48213948058568,15.000343322753906,0.0,0.0,0,0,0.3976144790649414,2
7616,262.6450045108795,32.2581697084362,17.000198364257812,0.0,0.0,0,0,0.3998708724975586,2
7617,262.67553210258484,32.75725152684276,16.527414321899414,0.0,0.0,0,0,0.3976144790649414,2
7618,262.70752477645874,31.257156058336502,19.00029182434082,0.0,0.0,0,0,0.39922618865966797,2
7619,262.7380349636078,33.88624612202689,16.505956649780273,0.0,0.0,0,0,0.3976144790649414,2
7620,262.7800347805023,23.256081129784366,28.0001163482666,0.0,0.0,0,0,0.3996295928955078,2
7621,262.8140459060669,29.402143663294847,16.00337028503418,0.0,0.0,0,0,0.3976144790649414,2
7622,262.84603548049927,32.269586157550954,16.99209213256836,0.0,0.0,0,0,0.3995490074157715,2
7623,262.8760347366333,32.2581697084362,15.999555587768555,0.0,0.0,0,0,0.3976144790649414,2
7624,262.9190344810486,23.25595218292913,28.99956703186035,0.0,0.0,0,0,0.40035438537597656,2
7625,262.94904112815857,34.471653763334814,15.009164810180664,0.0,0.0,0,0,0.3976144790649414,2
7626,262.97903513908386,33.34263955355581,15.00082015991211,0.0,0.0,0,0,0.3996701240539551,2
7627,263.0080349445343,34.483273453750215,14.000415802001953,0.0,0.0,0,0,0.3976144790649414,2
7628,263.03703570365906,33.332570411342104,16.00027084350586,0.0,0.0,0,0,0.3996100425720215,2
7629,263.0680356025696,33.3323055160411,16.00170135498047,0.0,0.0,0,0,0.3976144790649414,2
7630,263.0990345478058,31.25203227801414,16.999006271362305,0.0,0.0,0,0,0.3993873596191406,2
7631,263.13204431533813,31.240160881870995,17.00901985168457,0.0,0.0,0,0,0.3976144790649414,2
7632,263.16403555870056,31.257388997361872,15.987396240234375,0.0,0.0,0,0,0.39970970153808594,2
7633,263.1990349292755,27.77942325778549,15.915632247924805,0.0,0.0,0,0,0.3976144790649414,2
7634,263.2310357093811,31.249238196705434,15.991687774658203,0.0,0.0,0,0,0.39971065521240234,2
7635,263.26003980636597,35.71383321128727,14.001131057739258,0.0,0.0,0,0,0.3976144790649414,2
7636,263.289035320282,33.33415987156867,15.000104904174805,0.0,0.0,0,0,0.3996701240539551,2
7637,263.3190350532532,33.333630034650476,15.991687774658203,0.0,0.0,0,0,0.3976144790649414,2
7638,263.3520348072052,30.303256244084647,16.000032424926758,0.0,0.0,0,0,0.3996295928955078,2
7639,263.38053369522095,35.08908836890231,14.990806579589844,0.0,0.0,0,0,0.3976144790649414,2
7640,263.41153359413147,32.2581697084362,16.99995994567871,0.0,0.0,0,0,0.3996295928955078,2
7641,263.4410433769226,33.887067454129735,15.509605407714844,0.0,0.0,0,0,0.3976144790649414,2
7642,263.4720435142517,32.25792161447117,16.99972152709961,0.0,0.0,0,0,0.3996701240539551,2
7643,263.50105690956116,34.46683813922147,15.006065368652344,0.0,0.0,0,0,0.3976144790649414,2
7644,263.53204345703125,32.2720690636854,16.9985294342041,0.0,0.0,0,0,0.39946794509887695,2
7645,263.56404399871826,31.24947101773208,15.000343322753906,0.0,0.0,0,0,0.3976144790649414,2
7646,263.59604382514954,31.250169501627962,18.000125885009766,0.0,0.0,0,0,0.3995485305786133,2
7647,263.62605381011963,34.475337207486376,15.006303787231445,0.0,0.0,0,0,0.3976144790649414,2
7648,263.6550507545471,33.332570411342104,16.00027084350586,0.0,0.0,0,0,0.39971017837524414,2
7649,263.68704557418823,31.255059763331246,18.001079559326172,0.0,0.0,0,0,0.3976144790649414,2
7650,263.72105145454407,29.406678772496864,17.987728118896484,0.0,0.0,0,0,0.3996305465698242,2
7651,263.7580530643463,27.025851181731486,23.009538650512695,0.0,0.0,0,0,0.3976144790649414,2
7652,263.8000440597534,23.814629548667693,22.997617721557617,0.0,0.0,0,0,0.40003204345703125,2
7653,263.8390443325043,26.315880614620127,18.9969539642334,0.0,0.0,0,0,0.3976144790649414,2
7654,263.8740439414978,27.77776747574423,18.999814987182617,0.0,0.0,0,0,0.3995084762573242,2
7655,263.90604424476624,31.249703842228,16.000032424926758,0.0,0.0,0,0,0.3976144790649414,2
7656,263.93804359436035,31.250635174905934,16.99972152709961,0.0,0.0,0,0,0.3995485305786133,2
7657,263.97304368019104,28.57135850573225,16.000032424926758,0.0,0.0,0,0,0.3976144790649414,2
7658,264.007043838501,30.302599448032712,16.999006271362305,0.0,0.0,0,0,0.39971017837524414,2
7659,264.0360436439514,33.333894951004154,14.999628067016602,0.0,0.0,0,0,0.3976144790649414,2
7660,264.0680446624756,32.25841780621741,16.99376106262207,0.0,0.0,0,0,0.3995490074157715,2
7661,264.0980439186096,33.3323055160411,15.000581741333008,0.0,0.0,0,0,0.3976144790649414,2
7662,264.1280446052551,33.33283531085345,15.995979309082031,0.0,0.0,0,0,0.39971065521240234,2
7663,264.1570439338684,33.33415987156867,14.998435974121094,0.0,0.0,0,0,0.3976144790649414,2
7664,264.18704319000244,33.33415987156867,15.997886657714844,0.0,0.0,0,0,0.39971065521240234,2
7665,264.21604466438293,34.48100558199949,15.001058578491211,0.0,0.0,0,0,0.3976144790649414,2
7666,264.2450439929962,34.48355695869508,15.999794006347656,0.0,0.0,0,0,0.39971065521240234,2
7667,264.27304887771606,35.708056291024256,15.005350112915039,0.0,0.0,0,0,0.3976144790649414,2
7668,264.30304408073425,34.488944438505754,15.000104904174805,0.0,0.0,0,0,0.3996701240539551,2
7669,264.3360435962677,29.411834004179347,16.999483108520508,0.0,0.0,0,0,0.3976144790649414,2
7670,264.36604404449463,34.47760433363748,15.004158020019531,0.0,0.0,0,0,0.39971065521240234,2
7671,264.39504384994507,33.33786920166598,15.993833541870117,0.0,0.0,0,0,0.3976144790649414,2
7672,264.4250452518463,33.331775738069695,16.000032424926758,0.0,0.0,0,0,0.39970970153808594,2
7673,264.45491075515747,33.48344709216461,16.86716079711914,0.0,0.0,0,0,0.3976144790649414,2
7674,264.4858441352844,33.40850365603046,16.995906829833984,0.0,0.0,0,0,0.399569034576416,2
7675,264.5148479938507,33.32806776374862,15.996694564819336,0.0,0.0,0,0,0.3976144790649414,2
7676,264.54485297203064,33.32780294000795,16.0062313079834,0.0,0.0,0,0,0.40003204345703125,2
7677,264.5738437175751,34.4937662423106,15.995025634765625,0.0,0.0,0,0,0.3976144790649414,2
7678,264.6038417816162,33.33548453755732,16.999483108520508,0.0,0.0,0,0,0.39970970153808594,2
7679,264.63284277915955,34.48157252197075,15.00082015991211,0.0,0.0,0,0,0.3976144790649414,2
7680,264.6638448238373,32.25593700012305,17.93527603149414,0.0,0.0,0,0,0.399871826171875,2
7681,264.6988408565521,28.574667538696314,17.998218536376953,0.0,0.0,0,0,0.3976144790649414,2
7682,264.73185682296753,31.249238196705434,17.000913619995117,0.0,0.0,0,0,0.399630069732666,2
7683,264.76184153556824,32.2581697084362,15.984773635864258,0.0,0.0,0,0,0.3976144790649414,2
7684,264.79384088516235,31.250635174905934,17.99941062927246,0.0,0.0,0,0,0.3995084762573242,2
7685,264.82384037971497,34.482989953466955,14.99319076538086,0.0,0.0,0,0,0.3976144790649414,2
7686,264.8548517227173,31.23923017338974,17.01045036315918,0.0,0.0,0,0,0.3996295928955078,2
7687,264.8948481082916,25.00225922018157,26.006698608398438,0.0,0.0,0,0,0.3976144790649414,2
7688,264.92484283447266,33.33919416248698,15.994787216186523,0.0,0.0,0,0,0.39946794509887695,2
7689,264.95290899276733,35.63009905027268,15.067338943481445,0.0,0.0,0,0,0.3976144790649414,2
7690,264.9828450679779,33.40451254768598,15.995979309082031,0.0,0.0,0,0,0.39970970153808594,2
7691,265.011846780777,34.48072211900495,14.986515045166016,0.0,0.0,0,0,0.3976144790649414,2
7692,265.0408489704132,34.480155206997466,15.008211135864258,0.0,0.0,0,0,0.3995485305786133,2
7693,265.0748407840729,30.304569921606877,15.99574089050293,0.0,0.0,0,0,0.3976144790649414,2
7694,265.1058437824249,31.25342950604681,16.99662208557129,0.0,0.0,0,0,0.39946794509887695,2
7695,265.1358468532562,33.32992164778055,15.004396438598633,0.0,0.0,0,0,0.3976144790649414,2
7696,265.16884183883667,30.30763561214241,18.994569778442383,0.0,0.0,0,0,0.3996100425720215,2
7697,265.20184445381165,30.30062923069143,17.988204956054688,0.0,0.0,0,0,0.3976144790649414,2
7698,265.2348430156708,30.304350967443607,18.00084114074707,0.0,0.0,0,0,0.39970970153808594,2
7699,265.2678472995758,30.299097016542657,18.004894256591797,0.0,0.0,0,0,0.3976144790649414,2
7700,265.2988440990448,32.26139527728636,15.99740982055664,0.0,0.0,0,0,0.3996295928955078,2
7701,265.32984590530396,33.32806776374862,15.00558853149414,0.0,0.0,0,0,0.3976144790649414,2
7702,265.3618447780609,30.306759637270133,18.003463745117188,0.0,0.0,0,0,0.40003204345703125,2
7703,265.3948426246643,30.305007839425446,18.000364303588867,0.0,0.0,0,0,0.3976144790649414,2
7704,265.42984414100647,28.570190794716872,20.00260353088379,0.0,0.0,0,0,0.39970970153808594,2
7705,265.46784138679504,27.029334433159768,17.99178123474121,0.0,0.0,0,0,0.3976144790649414,2
7706,265.50284481048584,27.774824350544,19.002437591552734,0.0,0.0,0,0,0.3995485305786133,2
7707,265.53684759140015,29.40935926741365,18.004894256591797,0.0,0.0,0,0,0.3976144790649414,2
7708,265.57084131240845,30.304569921606877,17.000198364257812,0.0,0.0,0,0,0.399569034576416,2
7709,265.6028411388397,31.247608546651964,15.987873077392578,0.0,0.0,0,0,0.3976144790649414,2
7710,265.63484287261963,30.30807361856795,17.993688583374023,0.0,0.0,0,0,0.39958953857421875,2
7711,265.66685032844543,31.242720616168462,17.995834350585938,0.0,0.0,0,0,0.3976144790649414,2
7712,265.6988408565521,31.259252634560063,17.989397048950195,0.0,0.0,0,0,0.399871826171875,2
7713,265.73084235191345,31.248539754440337,16.998767852783203,0.0,0.0,0,0,0.3976144790649414,2
7714,265.7638432979584,30.30216159981505,18.000364303588867,0.0,0.0,0,0,0.39979076385498047,2
7715,265.796906709671,30.244912675406336,17.06218719482422,0.0,0.0,0,0,0.3976144790649414,2
7716,265.82885479927063,31.300776119402986,17.00282096862793,0.0,0.0,0,0,0.3998708724975586,2
7717,265.86385011672974,28.575251565257084,16.008615493774414,0.0,0.0,0,0,0.3976144790649414,2
7718,265.89686346054077,30.290781985729556,17.01664924621582,0.0,0.0,0,0,0.3996100425720215,2
7719,265.9278428554535,33.32171315532322,15.018939971923828,0.0,0.0,0,0,0.3976144790649414,2
7720,265.9578626155853,33.36545009068635,14.99795913696289,0.0,0.0,0,0,0.39979028701782227,2
7721,265.9858412742615,34.487242947236865,13.980388641357422,0.0,0.0,0,0,0.3976144790649414,2
7722,266.01584219932556,33.3323055160411,15.994548797607422,0.0,0.0,0,0,0.3996295928955078,2
7723,266.045912027359,33.25592680103392,16.068696975708008,0.0,0.0,0,0,0.3976144790649414,2
7724,266.0758500099182,33.40238434645494,16.003131866455078,0.0,0.0,0,0,0.3996701240539551,2
7725,266.1038417816162,35.72478408258522,15.000343322753906,0.0,0.0,0,0,0.3976144790649414,2
7726,266.13384532928467,34.476187344851965,14.999628067016602,0.0,0.0,0,0,0.39970970153808594,2
7727,266.16187834739685,34.44589167659015,15.036582946777344,0.0,0.0,0,0,0.3976144790649414,2
7728,266.1918444633484,33.37102484743848,15.996932983398438,0.0,0.0,0,0,0.40003204345703125,2
7729,266.22490191459656,30.25036602165117,16.05081558227539,0.0,0.0,0,0,0.3976144790649414,2
7730,266.2558424472809,32.3200641114553,16.001462936401367,0.0,0.0,0,0,0.399569034576416,2
7731,266.28484749794006,34.47675412638916,14.995098114013672,0.0,0.0,0,0,0.3976144790649414,2
7732,266.31484174728394,34.46882088031294,16.012191772460938,0.0,0.0,0,0,0.3995485305786133,2
7733,266.3438415527344,34.499440679081395,15.003204345703125,0.0,0.0,0,0,0.3976144790649414,2
7734,266.3738441467285,32.259162122459024,16.997098922729492,0.0,0.0,0,0,0.3996696472167969,2
7735,266.40384244918823,33.33521959593712,16.00027084350586,0.0,0.0,0,0,0.3976144790649414,2
7736,266.43584275245667,31.249703842228,18.984079360961914,0.0,0.0,0,0,0.399569034576416,2
7737,266.46484327316284,34.48213948058568,15.997171401977539,0.0,0.0,0,0,0.3976144790649414,2
7738,266.49584197998047,33.330451366815005,16.004562377929688,0.0,0.0,0,0,0.39946794509887695,2
7739,266.52391386032104,34.40209973753281,15.072345733642578,0.0,0.0,0,0,0.3976144790649414,2
7740,266.555881023407,31.282100238663485,18.956899642944336,0.0,0.0,0,0,0.39970970153808594,2
7741,266.5888559818268,31.274402928873414,14.989614486694336,0.0,0.0,0,0,0.3976144790649414,2
7742,266.6208770275116,31.24621183902737,16.994714736938477,0.0,0.0,0,0,0.3995485305786133,2
7743,266.6488628387451,34.479304873938524,15.001058578491211,0.0,0.0,0,0,0.3976144790649414,2
7744,266.6818597316742,30.305883713032607,18.996000289916992,0.0,0.0,0,0,0.3998575210571289,2
7745,266.71393609046936,31.17560837830204,18.079280853271484,0.0,0.0,0,0,0.3976144790649414,2
7746,266.7458600997925,31.324386291159755,17.993450164794922,0.0,0.0,0,0,0.3995485305786133,2
7747,266.78291606903076,26.986205476631664,23.039579391479492,0.0,0.0,0,0,0.3976144790649414,2
7748,266.8138597011566,32.316826800835216,16.997337341308594,0.0,0.0,0,0,0.40003204345703125,2
7749,266.8498589992523,28.552492205475907,15.024185180664062,0.0,0.0,0,0,0.3976144790649414,2
7750,266.87988352775574,32.257425437989326,17.02594757080078,0.0,0.0,0,0,0.3996295928955078,2
7751,266.91185879707336,31.27416973619458,16.00170135498047,0.0,0.0,0,0,0.3976144790649414,2
7752,266.94187808036804,33.31192121356524,16.01433753967285,0.0,0.0,0,0,0.39971065521240234,2
7753,266.9738657474518,31.262048507073327,15.009164810180664,0.0,0.0,0,0,0.3976144790649414,2
7754,267.0048575401306,32.26660717445322,15.994787216186523,0.0,0.0,0,0,0.3995485305786133,2
7755,267.03392696380615,34.400406804127094,15.06948471069336,0.0,0.0,0,0,0.3976144790649414,2
7756,267.0638589859009,34.55173322788981,16.011953353881836,0.0,0.0,0,0,0.3996295928955078,2
7757,267.0918641090393,34.48866084496851,15.005826950073242,0.0,0.0,0,0,0.3976144790649414,2
7758,267.1238594055176,31.254593958181196,16.001462936401367,0.0,0.0,0,0,0.40003204345703125,2
7759,267.1528649330139,34.476187344851965,15.004396438598633,0.0,0.0,0,0,0.3976144790649414,2
7760,267.18285846710205,33.34051922862911,15.99574089050293,0.0,0.0,0,0,0.39970970153808594,2
7761,267.2118628025055,34.47760433363748,15.005350112915039,0.0,0.0,0,0,0.3976144790649414,2
7762,267.2408788204193,34.46372286404496,16.015291213989258,0.0,0.0,0,0,0.39970970153808594,2
7763,267.2688624858856,35.735132740346934,15.004873275756836,0.0,0.0,0,0,0.3976144790649414,2
7764,267.29885721206665,33.33919416248698,15.994071960449219,0.0,0.0,0,0,0.39946794509887695,2
7765,267.3308563232422,32.25172050534798,15.007495880126953,0.0,0.0,0,0,0.3976144790649414,2
7766,267.36285758018494,30.308292626528313,17.995119094848633,0.0,0.0,0,0,0.3995485305786133,2
7767,267.3922712802887,33.99776282726757,15.00082015991211,0.0,0.0,0,0,0.3976144790649414,2
7768,267.4242696762085,32.25196850393701,17.00139045715332,0.0,0.0,0,0,0.3995485305786133,2
7769,267.4522728919983,34.48781009233907,15.003442764282227,0.0,0.0,0,0,0.3976144790649414,2
7770,267.4832706451416,33.332570411342104,15.996456146240234,0.0,0.0,0,0,0.3995485305786133,2
7771,267.5113317966461,34.41367257690004,15.059709548950195,0.0,0.0,0,0,0.3976144790649414,2
7772,267.54327750205994,32.3208112752464,16.994714736938477,0.0,0.0,0,0,0.3995485305786133,2
7773,267.57127046585083,34.48412398257009,14.999151229858398,0.0,0.0,0,0,0.3976144790649414,2
7774,267.6022717952728,32.25668120188573,17.000198364257812,0.0,0.0,0,0,0.39946794509887695,2
7775,267.6323502063751,33.246437007561944,16.079425811767578,0.0,0.0,0,0,0.3976144790649414,2
7776,267.66330218315125,33.39094990924434,15.968084335327148,0.0,0.0,0,0,0.39970970153808594,2
7777,267.69626903533936,30.329551453095284,15.998601913452148,0.0,0.0,0,0,0.3976144790649414,2
7778,267.72926926612854,29.41204025104309,18.999338150024414,0.0,0.0,0,0,0.39958953857421875,2
7779,267.7592701911926,34.48072211900495,14.99629020690918,0.0,0.0,0,0,0.3976144790649414,2
7780,267.79028582572937,31.235507893952935,17.998695373535156,0.0,0.0,0,0,0.39971017837524414,2
7781,267.82127141952515,33.34953247248903,16.00050926208496,0.0,0.0,0,0,0.3976144790649414,2
7782,267.8503131866455,33.28680607912384,16.03984832763672,0.0,0.0,0,0,0.40003204345703125,2
7783,267.88126969337463,33.37474238698845,16.00480079650879,0.0,0.0,0,0,0.3976144790649414,2
7784,267.91127038002014,33.33813418540509,15.994548797607422,0.0,0.0,0,0,0.3995485305786133,2
7785,267.93927001953125,34.48469102509291,14.997005462646484,0.0,0.0,0,0,0.3976144790649414,2
7786,267.96827149391174,34.48100558199949,16.00170135498047,0.0,0.0,0,0,0.40003204345703125,2
7787,267.9962763786316,35.708056291024256,15.005350112915039,0.0,0.0,0,0,0.3976144790649414,2
7788,268.0262699127197,33.34051922862911,15.993595123291016,0.0,0.0,0,0,0.399630069732666,2
7789,268.0583345890045,31.18696696384091,15.065431594848633,0.0,0.0,0,0,0.3976144790649414,2
7790,268.0892698764801,33.40185233851765,14.995574951171875,0.0,0.0,0,0,0.39946794509887695,2
7791,268.11827182769775,34.4139549385451,15.044212341308594,0.0,0.0,0,0,0.3976144790649414,2
7792,268.1472761631012,33.39440600641725,15.999555587768555,0.0,0.0,0,0,0.3995485305786133,2
7793,268.1773397922516,33.267532797157315,17.065048217773438,0.0,0.0,0,0,0.3976144790649414,2
7794,268.207368850708,34.44504303265226,15.987157821655273,0.0,0.0,0,0,0.3996100425720215,2
7795,268.23643946647644,33.25329020391336,16.071796417236328,0.0,0.0,0,0,0.3976144790649414,2
7796,268.2673718929291,32.32853399105904,17.934560775756836,0.0,0.0,0,0,0.40003204345703125,2
7797,268.2964403629303,34.40153540788373,16.07370376586914,0.0,0.0,0,0,0.3976144790649414,2
7798,268.327410697937,32.28896296353321,17.037391662597656,0.0,0.0,0,0,0.39979076385498047,2
7799,268.3564372062683,34.45126739276855,15.07115364074707,0.0,0.0,0,0,0.3976144790649414,2
7800,268.38736867904663,32.3295307393476,16.99542999267578,0.0,0.0,0,0,0.39971017837524414,2
7801,268.4203715324402,30.300410333468186,16.004562377929688,0.0,0.0,0,0,0.3976144790649414,2
7802,268.4544105529785,29.378048609651888,18.036603927612305,0.0,0.0,0,0,0.39946794509887695,2
7803,268.4844307899475,34.454380416478415,15.04659652709961,0.0,0.0,0,0,0.3976144790649414,2
7804,268.5153663158417,32.30985633401379,17.009973526000977,0.0,0.0,0,0,0.39958953857421875,2
7805,268.544367313385,34.495468377333665,14.994621276855469,0.0,0.0,0,0,0.3976144790649414,2
7806,268.57437348365784,32.258665907814894,17.003297805786133,0.0,0.0,0,0,0.399569034576416,2
7807,268.6063725948334,31.25086801674937,17.995834350585938,0.0,0.0,0,0,0.3976144790649414,2
7808,268.6373670101166,33.33839917335665,15.993118286132812,0.0,0.0,0,0,0.39946794509887695,2
7809,268.6693730354309,30.298440400771494,19.005298614501953,0.0,0.0,0,0,0.3976144790649414,2
7810,268.701367855072,31.255059763331246,17.995357513427734,0.0,0.0,0,0,0.40003204345703125,2
7811,268.73236775398254,32.2581697084362,16.99233055114746,0.0,0.0,0,0,0.3976144790649414,2
7812,268.76336669921875,32.259162122459024,16.993045806884766,0.0,0.0,0,0,0.39971017837524414,2
7813,268.80236887931824,25.639592388148202,18.001556396484375,0.0,0.0,0,0,0.3976144790649414,2
7814,268.83436942100525,31.24947101773208,15.942811965942383,0.0,0.0,0,0,0.3993067741394043,2
7815,268.86437249183655,34.48469102509291,14.99032974243164,0.0,0.0,0,0,0.3976144790649414,2
7816,268.89536714553833,32.24254723798103,16.00790023803711,0.0,0.0,0,0,0.39946794509887695,2
7817,268.9243667125702,34.49178063041208,15.002250671386719,0.0,0.0,0,0,0.3976144790649414,2
7818,268.9543673992157,32.266110730742895,16.9985294342041,0.0,0.0,0,0,0.39971017837524414,2
7819,268.9833722114563,34.47703752414615,15.987157821655273,0.0,0.0,0,0,0.3976144790649414,2
7820,269.0133719444275,33.333630034650476,16.005516052246094,0.0,0.0,0,0,0.39946794509887695,2
7821,269.041366815567,35.72082882668052,14.98866081237793,0.0,0.0,0,0,0.3976144790649414,2
7822,269.0713744163513,34.4790214389057,15.002965927124023,0.0,0.0,0,0,0.39970970153808594,2
7823,269.09937381744385,34.478171161766035,15.006303787231445,0.0,0.0,0,0,0.3976144790649414,2
7824,269.12936639785767,34.48866084496851,14.99629020690918,0.0,0.0,0,0,0.3996295928955078,2
7825,269.16238284111023,29.39967055689903,16.00790023803711,0.0,0.0,0,0,0.3976144790649414,2
7826,269.19237303733826,33.344229974242374,15.999794006347656,0.0,0.0,0,0,0.3996295928955078,2
7827,269.2223689556122,33.33786920166598,14.985084533691406,0.0,0.0,0,0,0.3976144790649414,2
7828,269.252384185791,34.48440750150046,14.986991882324219,0.0,0.0,0,0,0.39946794509887695,2
7829,269.2803747653961,34.474203756215836,15.008211135864258,0.0,0.0,0,0,0.3976144790649414,2
7830,269.3103699684143,33.33866416552075,15.99574089050293,0.0,0.0,0,0,0.3995485305786133,2
7831,269.3413681983948,33.332570411342104,16.00360870361328,0.0,0.0,0,0,0.3976144790649414,2
7832,269.37136793136597,32.26089899393902,16.99066162109375,0.0,0.0,0,0,0.3995485305786133,2
7833,269.39944219589233,35.6198111284734,15.072822570800781,0.0,0.0,0,0,0.3976144790649414,2
7834,269.4304096698761,32.2919460762047,16.980409622192383,0.0,0.0,0,0,0.3995485305786133,2
7835,269.4603786468506,33.36783904406558,16.011714935302734,0.0,0.0,0,0,0.3976144790649414,2
7836,269.4913685321808,33.322772088441155,16.01552963256836,0.0,0.0,0,0,0.40003204345703125,2
7837,269.5253665447235,29.423388284812347,17.007827758789062,0.0,0.0,0,0,0.3976144790649414,2
7838,269.5579528808594,29.78126486647685,16.576766967773438,0.0,0.0,0,0,0.39946794509887695,2
7839,269.5889525413513,32.25841780621741,17.001867294311523,0.0,0.0,0,0,0.3976144790649414,2
7840,269.61996603012085,32.2440344403444,17.004966735839844,0.0,0.0,0,0,0.40003204345703125,2
7841,269.6500108242035,33.283636334780226,16.05224609375,0.0,0.0,0,0,0.3976144790649414,2
7842,269.6819522380829,31.30731794703371,17.99321174621582,0.0,0.0,0,0,0.40003204345703125,2
7843,269.71401858329773,31.18534380204616,18.05734634399414,0.0,0.0,0,0,0.3976144790649414,2
7844,269.74595069885254,31.31643433657127,18.001079559326172,0.0,0.0,0,0,0.3996295928955078,2
7845,269.7770206928253,32.185394077518666,17.06981658935547,0.0,0.0,0,0,0.3976144790649414,2
7846,269.80995774269104,31.31783732929133,16.995668411254883,0.0,0.0,0,0,0.39970970153808594,2
7847,269.84000396728516,32.20343355548048,16.04461669921875,0.0,0.0,0,0,0.3976144790649414,2
7848,269.86495089530945,41.75929908403027,9.994745254516602,0.0,0.0,0,0,0.3980979919433594,1
7849,269.8909513950348,37.03612393928423,9.000778198242188,0.0,0.0,0,0,0.3990511894226074,1
7850,269.91796040534973,38.45163182984965,9.998321533203125,0.0,0.0,0,0,0.3980979919433594,1
7851,269.9410140514374,41.56974370155999,10.056018829345703,0.0,0.0,0,0,0.3990516662597656,1
7852,269.9649496078491,41.778849122946816,10.936737060546875,0.0,0.0,0,0,0.3980979919433594,1
7853,269.9879493713379,43.47870796533566,8.999109268188477,0.0,0.0,0,0,0.3990449905395508,1
7854,270.025949716568,26.315550396837846,22.997140884399414,0.0,0.0,0,0,0.3980979919433594,1
7855,270.050009727478,43.38606036783416,9.047985076904297,0.0,0.0,0,0,0.3990516662597656,1
7856,270.0739493370056,40.07896723394903,10.941267013549805,0.0,0.0,0,0,0.3980979919433594,1
7857,270.0969636440277,43.45123227216691,9.008646011352539,0.0,0.0,0,0,0.3990488052368164,1
7858,270.121310710907,41.072709290141894,9.992361068725586,0.0,0.0,0,0,0.3980979919433594,1
7859,270.1443521976471,43.399977235806006,9.039878845214844,0.0,0.0,0,0,0.3991279602050781,1
7860,270.1693148612976,40.059827508810805,10.993719100952148,0.0,0.0,0,0,0.3980979919433594,1
7861,270.19631147384644,37.041684329518155,9.98544692993164,0.0,0.0,0,0,0.39905309677124023,1
7862,270.2223129272461,38.4593885822223,12.000560760498047,0.0,0.0,0,0,0.3976144790649414,1
7863,270.24631094932556,41.670100839501266,9.99593734741211,0.0,0.0,0,0,0.3990449905395508,1
7864,270.27337408065796,36.95063914510488,12.993812561035156,0.0,0.0,0,0,0.3980979919433594,1
7865,270.29839730262756,39.96287932923634,11.085271835327148,0.0,0.0,0,0,0.3990488052368164,1
7866,270.32431197166443,38.58818334038678,10.999679565429688,0.0,0.0,0,0,0.3980979919433594,1
7867,270.3503212928772,38.447754626871145,11.008739471435547,0.0,0.0,0,0,0.3990511894226074,1
7868,270.37731766700745,37.04201146329186,13.000726699829102,0.0,0.0,0,0,0.3980979919433594,1
7869,270.4033179283142,38.46115191695781,12.005090713500977,0.0,0.0,0,0,0.3990511894226074,1
7870,270.4313213825226,35.70988037971989,12.009859085083008,0.0,0.0,0,0,0.3976283073425293,1
7871,270.4573132991791,38.47349978902567,10.989665985107422,0.0,0.0,0,0,0.4026613235473633,1
7872,270.486314535141,34.48128904965472,13.004064559936523,0.0,0.0,1,0,0.40038490295410156,1
7873,270.51632046699524,33.32674368712953,11.002302169799805,0.0,0.0,0,0,0.3999366760253906,1
7874,270.5453107357025,34.49433360198694,13.998270034790039,0.0,0.0,1,0,0.40044593811035156,1
7875,270.5713150501251,38.455157238470704,10.994672775268555,0.0,0.0,1,0,0.39902591705322266,1
7876,270.6013123989105,34.4623070160303,14.018535614013672,0.0,0.0,1,0,0.40099334716796875,1
7877,270.62984704971313,33.881318965377965,12.535333633422852,0.0,0.0,1,0,0.40053749084472656,1
7878,270.66286182403564,30.289469503300257,14.021158218383789,0.0,0.0,1,0,0.4001283645629883,1
7879,270.6948432922363,32.268344847748146,14.00446891784668,0.0,0.0,1,0,0.40058135986328125,1
7880,270.7278411388397,29.421117977567498,16.999483108520508,0.0,0.0,1,0,0.40111780166625977,1
7881,270.7648410797119,27.02707021760563,13.998985290527344,0.0,0.0,0,0,0.40035533905029297,1
7882,270.7978482246399,30.296470724202194,14.007568359375,0.0,0.0,0,0,0.3976144790649414,1
7883,270.8278522491455,33.32886226022281,12.001276016235352,0.0,0.0,0,0,0.3976144790649414,1
7884,270.85784792900085,34.49490098032765,11.991024017333984,0.0,0.0,0,0,0.3980979919433594,1
7885,270.8918516635895,28.563575568131515,12.01009750366211,0.0,0.0,0,0,0.39766740798950195,1
7886,270.9208846092224,34.44362871900996,11.034727096557617,0.0,0.0,0,0,0.3996295928955078,1
7887,270.9478554725647,37.077048194901174,11.013269424438477,0.0,0.0,0,0,0.3991556167602539,1
7888,270.97584199905396,35.73147958835957,11.000394821166992,0.0,0.0,0,0,0.3997373580932617,1
7889,271.00284481048584,37.0331808790549,9.999990463256836,0.0,0.0,0,0,0.3992953300476074,1
7890,271.0318510532379,35.71535376414588,10.99085807800293,0.0,0.0,0,0,0.3997993469238281,1
7891,271.0588479042053,35.709272329448225,11.997461318969727,0.0,0.0,0,0,0.3993806838989258,1
7892,271.0868446826935,35.71839525833071,11.99793815612793,0.0,0.0,0,0,0.4009256362915039,1
7893,271.11284351348877,38.46326813208983,10.999441146850586,0.0,0.0,0,0,0.3993649482727051,1
7894,271.14084339141846,35.714441416893735,11.995077133178711,0.0,0.0,0,0,0.40006065368652344,1
7895,271.16684436798096,38.460093896713616,11.00015640258789,0.0,0.0,0,0,0.39962244033813477,1
7896,271.1938428878784,37.039067467326035,11.000394821166992,0.0,0.0,0,0,0.40007591247558594,1
7897,271.23184871673584,26.31175348790525,18.005847930908203,0.0,0.0,0,0,0.3976144790649414,2
7898,271.26491260528564,30.24447649264494,17.065048217773438,0.0,0.0,0,0,0.3996291160583496,2
7899,271.2958471775055,32.326291532112,15.94090461730957,0.0,0.0,0,0,0.3976144790649414,2
7900,271.3268439769745,32.26139527728636,16.99662208557129,0.0,0.0,0,0,0.399871826171875,2
7901,271.35584139823914,34.48582516608564,14.935731887817383,0.0,0.0,0,0,0.3976144790649414,2
7902,271.386843919754,32.255440884691694,16.99662208557129,0.0,0.0,0,0,0.3997764587402344,2
7903,271.41685724258423,33.318536759741036,16.947031021118164,0.0,0.0,0,0,0.3976144790649414,2
7904,271.44684314727783,33.34900214677586,16.995906829833984,0.0,0.0,0,0,0.39981698989868164,2
7905,271.4768488407135,34.47703752414615,14.932870864868164,0.0,0.0,0,0,0.3976144790649414,2
7906,271.5078492164612,31.24877256505964,17.99297332763672,0.0,0.0,0,0,0.40027379989624023,2
7907,271.535847902298,35.71596202154383,14.999866485595703,0.0,0.0,0,0,0.3976144790649414,2
7908,271.56684279441833,32.26338056337595,16.99519157409668,0.0,0.0,0,0,0.3996696472167969,2
7909,271.59984850883484,30.297783813458928,15.99264144897461,0.0,0.0,0,0,0.3976144790649414,2
7910,271.6311821937561,31.91453550748347,17.33255386352539,0.0,0.0,0,0,0.4001126289367676,2
7911,271.660178899765,34.486675820787525,15.999555587768555,0.0,0.0,0,0,0.3976144790649414,2
7912,271.69117283821106,32.26437329805074,16.99209213256836,0.0,0.0,0,0,0.4022078514099121,2
7913,271.7211720943451,33.33415987156867,15.992403030395508,0.0,0.0,0,0,0.3976144790649414,2
7914,271.75217747688293,32.2524645125571,16.997814178466797,0.0,0.0,0,0,0.3996291160583496,2
7915,271.7841725349426,31.254826859020692,16.941308975219727,0.0,0.0,0,0,0.3976144790649414,2
7916,271.81517815589905,32.25221650634001,17.00568199157715,0.0,0.0,0,0,0.3997359275817871,2
7917,271.84417939186096,34.48128904965472,15.000343322753906,0.0,0.0,0,0,0.3976144790649414,2
7918,271.87420129776,33.30901120543833,16.016721725463867,0.0,0.0,0,0,0.3995485305786133,2
7919,271.90317606925964,35.742136703337906,13.999700546264648,0.0,0.0,0,0,0.3976144790649414,2
7920,271.9321744441986,33.3389291618975,16.002178192138672,0.0,0.0,0,0,0.3996291160583496,2
7921,271.9651794433594,31.245746297565482,14.999866485595703,0.0,0.0,0,0,0.3976144790649414,2
7922,271.9956440925598,32.83161124679066,14.997720718383789,0.0,0.0,0,0,0.39958953857421875,2
7923,272.02564573287964,32.249240729207514,16.00956916809082,0.0,0.0,0,0,0.3976144790649414,2
7924,272.0556426048279,33.336809308831945,16.99972152709961,0.0,0.0,0,0,0.399871826171875,2
7925,272.0846416950226,34.483840468301665,15.006542205810547,0.0,0.0,0,0,0.3976144790649414,2
7926,272.11663722991943,32.266110730742895,18.000125885009766,0.0,0.0,0,0,0.40124082565307617,2
7927,272.14964056015015,30.302380522342233,15.997886657714844,0.0,0.0,0,0,0.3976144790649414,2
7928,272.1806437969208,31.24109164581099,16.997814178466797,0.0,0.0,0,0,0.399871826171875,2
7929,272.2116358280182,32.26635895068851,15.996932983398438,0.0,0.0,0,0,0.3976144790649414,2
7930,272.2436468601227,32.25717735547232,16.99686050415039,0.0,0.0,0,0,0.399871826171875,2
7931,272.27364587783813,32.248496870723194,14.943122863769531,0.0,0.0,0,0,0.3976144790649414,2
7932,272.3076984882355,29.366324294426125,19.05989646911621,0.0,0.0,0,0,0.40124082565307617,2
7933,272.4236340522766,8.625480958070533,97.99408912658691,0.0,0.0,0,0,0.3976144790649414,2
7934,272.4566321372986,30.304788878934136,17.94123649597168,0.0,0.0,0,0,0.40023374557495117,2
7935,272.487633228302,32.25692927677116,16.001462936401367,0.0,0.0,0,0,0.3976144790649414,2
7936,272.5206322669983,31.248306947289997,17.996549606323242,0.0,0.0,0,0,0.40059614181518555,2
7937,272.55163288116455,31.25203227801414,16.992807388305664,0.0,0.0,0,0,0.3976144790649414,2
7938,272.5846965312958,30.244694582453004,19.06275749206543,0.0,0.0,0,0,0.39981698989868164,2
7939,272.6176338195801,31.30731794703371,16.94512367248535,0.0,0.0,0,0,0.3976144790649414,2
7940,272.6526370048523,27.778503354504572,19.00172233581543,0.0,0.0,0,0,0.3996291160583496,2
7941,272.69063568115234,26.316706195334362,21.933317184448242,0.0,0.0,0,0,0.3976144790649414,2
7942,272.72663164138794,27.780895229768575,19.997358322143555,0.0,0.0,0,0,0.4013214111328125,2
7943,272.7606337070465,29.409977912561793,18.000125885009766,0.0,0.0,0,0,0.3976144790649414,2
7944,272.79564237594604,29.409977912561793,19.000768661499023,0.0,0.0,0,0,0.3995490074157715,2
7945,272.8296411037445,28.567077365262936,14.999628067016602,0.0,0.0,0,0,0.3976144790649414,2
7946,272.8636336326599,29.418229002279503,17.00115203857422,0.0,0.0,0,0,0.3995490074157715,2
7947,272.8936929702759,33.267532797157315,14.998674392700195,0.0,0.0,0,0,0.3976144790649414,2
7948,272.9246337413788,32.31981506453477,15.99264144897461,0.0,0.0,0,0,0.3995490074157715,2
7949,272.95363306999207,34.48355695869508,14.936447143554688,0.0,0.0,0,0,0.3976144790649414,2
7950,272.9846348762512,32.256185063561766,17.000675201416016,0.0,0.0,0,0,0.3995084762573242,2
7951,273.0136399269104,34.47675412638916,14.944076538085938,0.0,0.0,0,0,0.3976144790649414,2
7952,273.04463171958923,33.34078425449718,15.993356704711914,0.0,0.0,0,0,0.39979124069213867,2
7953,273.0726339817047,34.481855998947694,14.991044998168945,0.0,0.0,0,0,0.3976144790649414,2
7954,273.1026351451874,33.33204062495033,17.001628875732422,0.0,0.0,0,0,0.39981698989868164,2
7955,273.13167810440063,34.43175306817715,15.039682388305664,0.0,0.0,0,0,0.3976144790649414,2
7956,273.1626970767975,32.23833424286911,17.00139045715332,0.0,0.0,0,0,0.3997359275817871,2
7957,273.1947023868561,31.24481525625745,15.000343322753906,0.0,0.0,0,0,0.3976144790649414,2
7958,273.22570848464966,32.25172050534798,16.007184982299805,0.0,0.0,0,0,0.399630069732666,2
7959,273.2537019252777,35.722654220571826,14.995813369750977,0.0,0.0,0,0,0.3976144790649414,2
7960,273.2846965789795,32.263628741317376,17.000198364257812,0.0,0.0,0,0,0.40148258209228516,2
7961,273.31470346450806,33.325684501581144,16.004323959350586,0.0,0.0,0,0,0.3976144790649414,2
7962,273.3456997871399,32.26189157590302,17.996788024902344,0.0,0.0,0,0,0.3996291160583496,2
7963,273.37515807151794,33.94630818164895,16.45660400390625,0.0,0.0,0,0,0.3976144790649414,2
7964,273.40515995025635,33.33124597693842,17.001867294311523,0.0,0.0,0,0,0.3995490074157715,2
7965,273.4341640472412,34.477887745372044,15.94090461730957,0.0,0.0,0,0,0.3976144790649414,2
7966,273.46515703201294,32.265366093819715,16.993045806884766,0.0,0.0,0,0,0.3995490074157715,2
7967,273.49416399002075,35.70076179937865,15.007972717285156,0.0,0.0,0,0,0.3976144790649414,2
7968,273.5251591205597,32.218523155865206,17.04692840576172,0.0,0.0,0,0,0.39979076385498047,2
7969,273.5571572780609,30.347546107706446,14.990091323852539,0.0,0.0,0,0,0.3976144790649414,2
7970,273.5891606807709,32.25717735547232,17.000436782836914,0.0,0.0,0,0,0.399871826171875,2
7971,273.6181664466858,34.474770472534786,14.91236686706543,0.0,0.0,0,0,0.3976144790649414,2
7972,273.65019512176514,31.217374477143156,17.984390258789062,0.0,0.0,0,0,0.3998427391052246,2
7973,273.6802387237549,33.273338833534304,14.987945556640625,0.0,0.0,0,0,0.3976144790649414,2
7974,273.71219420433044,30.356551444618145,19.001245498657227,0.0,0.0,0,0,0.39981698989868164,2
7975,273.74319434165955,33.33310021457522,16.000032424926758,0.0,0.0,0,0,0.3976144790649414,2
7976,273.77519249916077,30.304788878934136,17.99488067626953,0.0,0.0,0,0,0.39958953857421875,2
7977,273.80619406700134,33.331775738069695,15.999794006347656,0.0,0.0,0,0,0.3976144790649414,2
7978,273.8361978530884,33.33310021457522,15.000343322753906,0.0,0.0,0,0,0.39970970153808594,2
7979,273.86519956588745,33.32727330515208,15.004634857177734,0.0,0.0,0,0,0.3976144790649414,2
7980,273.8961958885193,32.26189157590302,16.995906829833984,0.0,0.0,0,0,0.39971017837524414,2
7981,273.93020248413086,29.406060266135704,14.965295791625977,0.0,0.0,0,0,0.3976144790649414,2
7982,273.9611942768097,32.26660717445322,15.995025634765625,0.0,0.0,0,0,0.40003204345703125,2
7983,273.9901993274689,34.47675412638916,15.006065368652344,0.0,0.0,0,0,0.3976144790649414,2
7984,274.02019476890564,33.33839917335665,16.99090003967285,0.0,0.0,0,0,0.39970970153808594,2
7985,274.0492899417877,34.36996246947572,15.096664428710938,0.0,0.0,0,0,0.3976144790649414,2
7986,274.0791962146759,33.43780095028541,15.999555587768555,0.0,0.0,0,0,0.40003204345703125,2
7987,274.107195854187,35.714745527465325,14.998674392700195,0.0,0.0,0,0,0.3976144790649414,2
7988,274.1371998786926,33.32886226022281,16.006946563720703,0.0,0.0,0,0,0.39946794509887695,2
7989,274.1661925315857,34.49149699023059,16.000032424926758,0.0,0.0,0,0,0.3976144790649414,2
7990,274.19619631767273,34.48157252197075,15.99431037902832,0.0,0.0,0,0,0.3998708724975586,2
7991,274.2242076396942,35.62132368552914,14.072895050048828,0.0,0.0,0,0,0.3976144790649414,2
7992,274.25320649147034,33.40025641638198,16.00360870361328,0.0,0.0,0,0,0.39946794509887695,2
7993,274.2851994037628,31.25692312278296,15.00701904296875,0.0,0.0,0,0,0.3976144790649414,2
7994,274.3202180862427,28.556185703878704,21.016597747802734,0.0,0.0,0,0,0.4018855094909668,2
7995,274.35125851631165,32.21604848186922,17.06528663635254,0.0,0.0,0,0,0.3976144790649414,2
7996,274.3832154273987,31.292135753560583,18.016338348388672,0.0,0.0,0,0,0.39946794509887695,2
7997,274.41519951820374,31.265544051106588,15.999078750610352,0.0,0.0,0,0,0.3976144790649414,2
7998,274.4492127895355,30.30719761837665,16.99542999267578,0.0,0.0,0,0,0.3995485305786133,2
7999,274.4792001247406,32.25271252258833,15.98215103149414,0.0,0.0,0,0,0.3976144790649414,2
8000,274.5102138519287,32.24378656375643,17.017602920532227,0.0,0.0,0,0,0.39958953857421875,2
8001,274.54019927978516,33.34953247248903,16.984939575195312,0.0,0.0,0,0,0.3976144790649414,2
8002,274.57121562957764,32.241060172800786,18.01919937133789,0.0,0.0,0,0,0.39958953857421875,2
8003,274.60119247436523,34.50171097657278,14.987945556640625,0.0,0.0,0,0,0.3976144790649414,2
8004,274.63122367858887,32.23313147459346,17.023801803588867,0.0,0.0,0,0,0.3995485305786133,2
8005,274.66519236564636,29.438876995964204,16.995906829833984,0.0,0.0,0,0,0.3976144790649414,2
8006,274.6991956233978,29.408946851773944,19.99640464782715,0.0,0.0,0,0,0.39946794509887695,2
8007,274.7302119731903,32.241060172800786,17.012834548950195,0.0,0.0,0,0,0.3976144790649414,2
8008,274.7621982097626,31.26344663088849,17.998456954956055,0.0,0.0,0,0,0.39946794509887695,2
8009,274.79325556755066,33.26199256140017,16.068458557128906,0.0,0.0,0,0,0.3976144790649414,2
8010,274.824196100235,31.31503146954957,15.996456146240234,0.0,0.0,0,0,0.39970970153808594,2
8011,274.8541929721832,33.48264520867261,15.868425369262695,0.0,0.0,0,0,0.3976144790649414,2
8012,274.92335963249207,14.637760871082572,55.03106117248535,0.0,0.0,0,0,0.39946794509887695,2
8013,274.9503490924835,35.75219066452999,15.007257461547852,0.0,0.0,0,0,0.3976144790649414,2
8014,274.9803457260132,33.337074275722294,15.997171401977539,0.0,0.0,0,0,0.39970970153808594,2
8015,275.0084037780762,35.64039291662418,15.060663223266602,0.0,0.0,0,0,0.3976144790649414,2
8016,275.0373537540436,34.54234301008853,16.012191772460938,0.0,0.0,0,0,0.39946794509887695,2
8017,275.0684072971344,32.202444567287024,15.064716339111328,0.0,0.0,0,0,0.3976144790649414,2
8018,275.0993432998657,32.324796732303184,17.00139045715332,0.0,0.0,0,0,0.39958953857421875,2
8019,275.1254062652588,38.36861941527315,14.048099517822266,0.0,0.0,0,0,0.3976144790649414,2
8020,275.1543846130371,34.50852366221286,15.043258666992188,0.0,0.0,0,0,0.39971065521240234,2
8021,275.1834056377411,35.76651971109159,13.985395431518555,0.0,0.0,0,0,0.3976144790649414,2
8022,275.2113435268402,34.482989953466955,14.995574951171875,0.0,0.0,0,0,0.3998708724975586,2
8023,275.24136114120483,33.313773301668746,17.019271850585938,0.0,0.0,0,0,0.3976144790649414,2
8024,275.27539014816284,29.38669357098817,20.04075050354004,0.0,0.0,0,0,0.39946794509887695,2
8025,275.303405046463,35.69529288613908,15.047073364257812,0.0,0.0,0,0,0.3976144790649414,2
8026,275.3363664150238,31.30778532507278,18.00227165222168,0.0,0.0,0,0,0.3995485305786133,2
8027,275.3653485774994,33.330451366815005,16.003847122192383,0.0,0.0,0,0,0.3976144790649414,2
8028,275.39534282684326,33.3397241763046,16.99352264404297,0.0,0.0,0,0,0.3995485305786133,2
8029,275.42841124534607,30.240333383802334,16.065359115600586,0.0,0.0,0,0,0.3976144790649414,2
8030,275.4613642692566,30.346228701660458,18.015623092651367,0.0,0.0,0,0,0.39946794509887695,2
8031,275.491406917572,33.286013586438955,16.058683395385742,0.0,0.0,0,0,0.3976144790649414,2
8032,275.5223455429077,32.32205662500193,17.935752868652344,0.0,0.0,0,0,0.3995485305786133,2
8033,275.5514359474182,34.375596243054076,15.092849731445312,0.0,0.0,0,0,0.3976144790649414,2
8034,275.58234572410583,32.352223379227894,16.99662208557129,0.0,0.0,0,0,0.399569034576416,2
8035,275.6123480796814,33.33071623264647,16.00503921508789,0.0,0.0,0,0,0.3976144790649414,2
8036,275.64436078071594,32.23734310990185,17.0137882232666,0.0,0.0,0,0,0.399569034576416,2
8037,275.67334365844727,33.36040786784064,16.00027084350586,0.0,0.0,0,0,0.3976144790649414,2
8038,275.7063672542572,31.247608546651964,18.00370216369629,0.0,0.0,0,0,0.3996701240539551,2
8039,275.74041175842285,28.517936305039573,19.06871795654297,0.0,0.0,0,0,0.3976144790649414,2
8040,275.77434611320496,29.468661078753048,19.001483917236328,0.0,0.0,0,0,0.3995485305786133,2
8041,275.80940890312195,29.359335297946956,16.063928604125977,0.0,0.0,0,0,0.3976144790649414,2
8042,275.8423457145691,29.464727783631893,17.99774169921875,0.0,0.0,0,0,0.3996295928955078,2
8043,275.87234568595886,33.33336512250753,16.002416610717773,0.0,0.0,0,0,0.3976144790649414,2
8044,275.9033434391022,32.260402725860295,15.993118286132812,0.0,0.0,0,0,0.39971017837524414,2
8045,275.93234372138977,34.482422966884805,15.00082015991211,0.0,0.0,0,0,0.3976144790649414,2
8046,275.962345123291,33.331775738069695,15.988588333129883,0.0,0.0,0,0,0.39971065521240234,2
8047,275.99234318733215,33.33548453755732,15.992403030395508,0.0,0.0,0,0,0.3976144790649414,2
8048,276.02235198020935,33.32356633244879,17.004013061523438,0.0,0.0,0,0,0.3996295928955078,2
8049,276.0503439903259,35.72447980103401,15.000104904174805,0.0,0.0,0,0,0.3976144790649414,2
8050,276.0803563594818,34.46598846286588,15.01011848449707,0.0,0.0,0,0,0.39971065521240234,2
8051,276.1093487739563,33.343699817155574,16.006946563720703,0.0,0.0,0,0,0.3976144790649414,2
8052,276.1393597126007,34.46627168366299,16.020536422729492,0.0,0.0,0,0,0.39971065521240234,2
8053,276.17034888267517,31.26344663088849,15.006542205810547,0.0,0.0,0,0,0.3976144790649414,2
8054,276.2013657093048,32.240564514889236,17.017364501953125,0.0,0.0,0,0,0.39971017837524414,2
8055,276.2303433418274,35.73361050290943,15.007734298706055,0.0,0.0,0,0,0.3976144790649414,2
8056,276.25937581062317,33.30530829396117,16.015052795410156,0.0,0.0,0,0,0.39946794509887695,2
8057,276.28840947151184,34.442780186572065,15.055179595947266,0.0,0.0,0,0,0.3976144790649414,2
8058,276.3193452358246,32.32504585600444,16.99995994567871,0.0,0.0,0,0,0.3996295928955078,2
8059,276.3494064807892,33.265422013546306,16.06297492980957,0.0,0.0,0,0,0.3976144790649414,2
8060,276.38099932670593,31.65273564259301,18.65386962890625,0.0,0.0,0,0,0.39958953857421875,2
8061,276.41100311279297,33.3291271007986,16.984224319458008,0.0,0.0,0,0,0.3976144790649414,2
8062,276.4410274028778,33.306366184656675,17.020702362060547,0.0,0.0,0,0,0.39946794509887695,2
8063,276.4719979763031,33.29314737936673,16.062021255493164,0.0,0.0,0,0,0.3976144790649414,2
8064,276.5019974708557,32.327038983860774,16.994953155517578,0.0,0.0,0,0,0.399569034576416,2
8065,276.5350043773651,31.25086801674937,15.999555587768555,0.0,0.0,0,0,0.3976144790649414,2
8066,276.5659987926483,31.24784134339589,16.995906829833984,0.0,0.0,0,0,0.399569034576416,2
8067,276.59605956077576,33.26594968433743,16.061782836914062,0.0,0.0,0,0,0.3976144790649414,2
8068,276.6270170211792,32.30239131271901,17.019987106323242,0.0,0.0,0,0,0.399569034576416,2
8069,276.6570072174072,33.344229974242374,16.010761260986328,0.0,0.0,0,0,0.3976144790649414,2
8070,276.68799781799316,32.267848350566226,16.994476318359375,0.0,0.0,0,0,0.3996100425720215,2
8071,276.72099804878235,31.249936670193268,17.99917221069336,0.0,0.0,0,0,0.3976144790649414,2
8072,276.75199842453003,31.24947101773208,18.001794815063477,0.0,0.0,0,0,0.39958953857421875,2
8073,276.7840003967285,31.24807414360854,17.00425148010254,0.0,0.0,0,0,0.3976144790649414,2
8074,276.81600403785706,32.26213973093756,16.993999481201172,0.0,0.0,0,0,0.39979076385498047,2
8075,276.8459961414337,32.25841780621741,16.982555389404297,0.0,0.0,0,0,0.3976144790649414,2
8076,276.87599873542786,33.330451366815005,16.996383666992188,0.0,0.0,0,0,0.39971065521240234,2
8077,276.91100215911865,29.407091124525866,16.005992889404297,0.0,0.0,0,0,0.3976144790649414,2
8078,276.9429979324341,30.30873065194456,16.997814178466797,0.0,0.0,0,0,0.40003204345703125,2
8079,276.9729976654053,33.333630034650476,15.977859497070312,0.0,0.0,0,0,0.3976144790649414,2
8080,277.0030255317688,33.30239944103028,16.016006469726562,0.0,0.0,0,0,0.3996701240539551,2
8081,277.0320072174072,34.504549268661876,14.984607696533203,0.0,0.0,0,0,0.3976144790649414,2
8082,277.06199765205383,33.34396489359165,15.99431037902832,0.0,0.0,0,0,0.399569034576416,2
8083,277.09200286865234,33.3275381204758,17.003774642944336,0.0,0.0,0,0,0.3976144790649414,2
8084,277.12199997901917,33.33654434615354,15.996694564819336,0.0,0.0,0,0,0.39970970153808594,2
8085,277.15100359916687,34.478454582819566,16.004562377929688,0.0,0.0,0,0,0.3976144790649414,2
8086,277.1809983253479,33.33919416248698,15.99431037902832,0.0,0.0,0,0,0.40003204345703125,2
8087,277.20999693870544,34.48440750150046,15.985250473022461,0.0,0.0,0,0,0.3976144790649414,2
8088,277.24102449417114,32.22941623955924,17.017841339111328,0.0,0.0,0,0,0.40003204345703125,2
8089,277.2749981880188,29.43453851336178,16.002178192138672,0.0,0.0,0,0,0.3976144790649414,2
8090,277.3069996833801,31.248539754440337,16.94321632385254,0.0,0.0,0,0,0.3998708724975586,2
8091,277.337997674942,32.26015459754644,16.999483108520508,0.0,0.0,0,0,0.3976144790649414,2
8092,277.36899757385254,32.2581697084362,16.994714736938477,0.0,0.0,0,0,0.3995485305786133,2
8093,277.398268699646,34.16335972371551,14.987468719482422,0.0,0.0,0,0,0.3976144790649414,2
8094,277.42927837371826,32.24800098413089,17.0137882232666,0.0,0.0,0,0,0.3996100425720215,2
8095,277.47225689888,23.82044525215811,23.999452590942383,0.0,0.0,0,0,0.3976144790649414,2
8096,277.5112645626068,24.996597038052386,20.006656646728516,0.0,0.0,0,0,0.3996305465698242,2
8097,277.54825806617737,27.031773243448782,19.00172233581543,0.0,0.0,0,0,0.3976144790649414,2
8098,277.58225870132446,29.411215280942997,17.997026443481445,0.0,0.0,0,0,0.39979076385498047,2
8099,277.61531615257263,30.25036602165117,18.05901527404785,0.0,0.0,0,0,0.3976144790649414,2
8100,277.6502892971039,28.593368237347295,20.02573013305664,0.0,0.0,0,0,0.3996100425720215,2
8101,277.689416885376,26.228005777997335,18.951892852783203,0.0,0.0,0,0,0.3976144790649414,2
8102,277.72441816329956,28.57038540659101,19.001245498657227,0.0,0.0,0,0,0.3998427391052246,2
8103,277.75841665267944,29.408946851773944,17.99917221069336,0.0,0.0,0,0,0.3976144790649414,2
8104,277.7924225330353,28.570190794716872,19.003629684448242,0.0,0.0,0,0,0.3996291160583496,2
8105,277.8254163265228,30.30873065194456,17.99774169921875,0.0,0.0,0,0,0.3976144790649414,2
8106,277.85746598243713,31.201583027092973,17.046689987182617,0.0,0.0,0,0,0.39971017837524414,2
8107,277.8874304294586,33.37288351368555,15.012741088867188,0.0,0.0,0,0,0.3976144790649414,2
8108,277.91841983795166,32.26908962216974,16.001462936401367,0.0,0.0,0,0,0.39979076385498047,2
8109,277.9494903087616,32.18490012968178,16.063451766967773,0.0,0.0,0,0,0.3976144790649414,2
8110,277.9804193973541,32.332022878991104,15.995979309082031,0.0,0.0,0,0,0.3995485305786133,2
8111,278.01148080825806,32.19428773190258,17.06218719482422,0.0,0.0,0,0,0.3976144790649414,2
8112,278.04241967201233,32.32180754737337,16.995906829833984,0.0,0.0,0,0,0.3995485305786133,2
8113,278.07642579078674,29.40647260081889,16.000747680664062,0.0,0.0,0,0,0.3976144790649414,2
8114,278.1064233779907,33.336014433432155,15.999317169189453,0.0,0.0,0,0,0.3998708724975586,2
8115,278.1354238986969,34.48213948058568,15.004873275756836,0.0,0.0,0,0,0.3976144790649414,2
8116,278.16543912887573,33.316419499098444,16.01576805114746,0.0,0.0,0,0,0.3995485305786133,2
8117,278.19542837142944,33.345290338993834,16.012191772460938,0.0,0.0,0,0,0.3976144790649414,2
8118,278.22841691970825,30.313549767280506,15.999555587768555,0.0,0.0,0,0,0.3995485305786133,2
8119,278.2584173679352,34.482989953466955,15.000343322753906,0.0,0.0,0,0,0.3976144790649414,2
8120,278.2914204597473,30.302380522342233,18.994808197021484,0.0,0.0,0,0,0.40015316009521484,2
8121,278.3214316368103,32.243290822013634,17.01498031616211,0.0,0.0,0,0,0.3976144790649414,2
8122,278.35641860961914,29.422975475615914,20.001888275146484,0.0,0.0,0,0,0.40047550201416016,2
8123,278.39497995376587,25.932866320013353,14.9993896484375,0.0,0.0,0,0,0.3976144790649414,2
8124,278.42598271369934,31.247142963569992,17.00282096862793,0.0,0.0,0,0,0.399569034576416,2
8125,278.4679937362671,24.387473398997592,19.007205963134766,0.0,0.0,0,0,0.3976144790649414,2
8126,278.5029821395874,27.781815291475958,19.995450973510742,0.0,0.0,0,0,0.3995485305786133,2
8127,278.53802466392517,29.348447317967448,18.073081970214844,0.0,0.0,0,0,0.3976144790649414,2
8128,278.572026014328,28.595512588885782,19.043445587158203,0.0,0.0,0,0,0.3996100425720215,2
8129,278.6039845943451,31.290501626331654,18.004179000854492,0.0,0.0,0,0,0.3976144790649414,2
8130,278.6370174884796,30.27285456513894,17.96579360961914,0.0,0.0,0,0,0.3995485305786133,2
8131,278.6720519065857,28.543359760454592,20.07293701171875,0.0,0.0,0,0,0.3976144790649414,2
8132,278.70998096466064,26.365010120312284,23.00119400024414,0.0,0.0,0,0,0.3998427391052246,2
8133,278.7459852695465,28.56785565900871,19.004106521606445,0.0,0.0,0,0,0.3976144790649414,2
8134,278.78499698638916,24.992724390868844,23.01192283630371,0.0,0.0,0,0,0.3995084762573242,2
8135,278.8229784965515,26.328600303817808,19.999265670776367,0.0,0.0,0,0,0.3976144790649414,2
8136,278.8569824695587,30.27329156682161,17.03166961669922,0.0,0.0,0,0,0.3995485305786133,2
8137,278.893057346344,26.99315244812851,17.07768440246582,0.0,0.0,0,0,0.3976144790649414,2
8138,278.92598056793213,30.373698312694618,17.00139045715332,0.0,0.0,0,0,0.39946794509887695,2
8139,278.95797967910767,32.253208554093646,16.00503921508789,0.0,0.0,0,0,0.3976144790649414,2
8140,278.9879803657532,32.263132389252554,15.99431037902832,0.0,0.0,0,0,0.3995485305786133,2
8141,279.0179851055145,33.32806776374862,15.001296997070312,0.0,0.0,0,0,0.3976144790649414,2
8142,279.0489785671234,32.2648696882981,16.99376106262207,0.0,0.0,0,0,0.39946794509887695,2
8143,279.0779798030853,35.70532050736358,14.989137649536133,0.0,0.0,0,0,0.3976144790649414,2
8144,279.132981300354,17.858513260922326,41.99647903442383,0.0,0.0,0,0,0.3995485305786133,2
8145,279.1619806289673,35.66949008402218,14.037132263183594,0.0,0.0,0,0,0.3976144790649414,2
8146,279.1909816265106,33.37208691708505,16.002178192138672,0.0,0.0,0,0,0.399569034576416,2
8147,279.2199864387512,34.47703752414615,16.00360870361328,0.0,0.0,0,0,0.3976144790649414,2
8148,279.2489821910858,35.71839525833071,14.99485969543457,0.0,0.0,0,0,0.399569034576416,2
8149,279.2810127735138,31.18418450420443,15.057086944580078,0.0,0.0,0,0,0.3976144790649414,2
8150,279.31198024749756,31.319006585923148,16.994476318359375,0.0,0.0,0,0,0.3996100425720215,2
8151,279.34104204177856,34.409437708172675,16.062259674072266,0.0,0.0,0,0,0.3976144790649414,2
8152,279.37099146842957,33.38962083157534,17.00448989868164,0.0,0.0,0,0,0.3996100425720215,2
8153,279.40103673934937,34.496319507842124,15.001773834228516,0.0,0.0,0,0,0.3976144790649414,2
8154,279.4320569038391,32.2460175902577,17.005443572998047,0.0,0.0,0,0,0.39958953857421875,2
8155,279.4609832763672,33.34263955355581,16.00337028503418,0.0,0.0,0,0,0.3976144790649414,2
8156,279.49298000335693,32.249736653928665,17.00568199157715,0.0,0.0,0,0,0.3995485305786133,2
8157,279.522043466568,34.41790848815072,15.052556991577148,0.0,0.0,0,0,0.3976144790649414,2
8158,279.55299067497253,32.31583083572821,17.01188087463379,0.0,0.0,0,0,0.39981698989868164,2
8159,279.5820505619049,33.266741221912895,16.072511672973633,0.0,0.0,0,0,0.3976144790649414,2
8160,279.6119818687439,34.55941993161125,15.996456146240234,0.0,0.0,0,0,0.39958953857421875,2
8161,279.6440603733063,30.23510160535744,16.038894653320312,0.0,0.0,0,0,0.3976144790649414,2
8162,279.67698669433594,31.325789996489736,17.00448989868164,0.0,0.0,0,0,0.399569034576416,2
8163,279.70797848701477,31.254361060812673,16.991853713989258,0.0,0.0,0,0,0.3976144790649414,2
8164,279.74197936058044,29.411009045648974,19.99044418334961,0.0,0.0,0,0,0.3996295928955078,2
8165,279.77497911453247,30.303256244084647,16.995906829833984,0.0,0.0,0,0,0.3976144790649414,2
8166,279.8069791793823,31.249936670193268,17.000913619995117,0.0,0.0,0,0,0.3996291160583496,2
8167,279.8379793167114,32.25792161447117,16.99972152709961,0.0,0.0,0,0,0.3976144790649414,2
8168,279.870080947876,31.15106503074775,18.02539825439453,0.0,0.0,0,0,0.3995485305786133,2
8169,279.89808773994446,35.70562446262418,15.012025833129883,0.0,0.0,0,0,0.3976144790649414,2
8170,279.9290792942047,32.26685540203711,17.000913619995117,0.0,0.0,0,0,0.399569034576416,2
8171,279.95914030075073,33.26568584684935,16.063928604125977,0.0,0.0,0,0,0.3976144790649414,2
8172,279.98807644844055,34.55885042886452,15.998363494873047,0.0,0.0,0,0,0.3996291160583496,2
8173,280.02110862731934,31.249703842228,15.001773834228516,0.0,0.0,0,0,0.3976144790649414,2
8174,280.05307960510254,30.300410333468186,16.999244689941406,0.0,0.0,0,0,0.399569034576416,2
8175,280.0830805301666,33.3323055160411,15.003681182861328,0.0,0.0,0,0,0.3976144790649414,2
8176,280.11208057403564,34.48270645784519,15.997648239135742,0.0,0.0,0,0,0.3995485305786133,2
8177,280.1411483287811,34.40238190930044,15.071868896484375,0.0,0.0,0,0,0.3976144790649414,2
8178,280.1710968017578,33.39068408524595,16.01386070251465,0.0,0.0,0,0,0.3995485305786133,2
8179,280.1991376876831,35.66221133897901,15.0604248046875,0.0,0.0,0,0,0.3976144790649414,2
8180,280.2300794124603,33.3925449421206,16.006946563720703,0.0,0.0,0,0,0.3995485305786133,2
8181,280.25908064842224,34.478738008532744,14.010906219482422,0.0,0.0,0,0,0.3976144790649414,2
8182,280.28812074661255,33.29684758706645,16.03841781616211,0.0,0.0,0,0,0.40003204345703125,2
8183,280.31908321380615,32.29716784993763,17.00592041015625,0.0,0.0,0,0,0.3976144790649414,2
8184,280.3500859737396,32.25519283269889,16.996383666992188,0.0,0.0,0,0,0.39958953857421875,2
8185,280.38314747810364,31.169584732915194,15.092611312866211,0.0,0.0,0,0,0.3976144790649414,2
8186,280.41408586502075,31.330937992545064,16.999483108520508,0.0,0.0,0,0,0.39958953857421875,2
8187,280.4440791606903,33.34078425449718,16.002655029296875,0.0,0.0,0,0,0.3976144790649414,2
8188,280.4740779399872,33.33468972533062,16.996145248413086,0.0,0.0,0,0,0.399569034576416,2
8189,280.5040822029114,33.32859742385595,16.004085540771484,0.0,0.0,0,0,0.3976144790649414,2
8190,280.53407645225525,33.3397241763046,16.987323760986328,0.0,0.0,0,0,0.399569034576416,2
8191,280.56407713890076,33.332570411342104,16.996383666992188,0.0,0.0,0,0,0.3976144790649414,2
8192,280.5941038131714,33.30372158391628,17.02713966369629,0.0,0.0,0,0,0.39958953857421875,2
8193,280.62314462661743,34.43429716105939,15.052318572998047,0.0,0.0,0,0,0.3976144790649414,2
8194,280.6550793647766,32.33002913654092,16.991138458251953,0.0,0.0,0,0,0.3995485305786133,2
8195,280.6850779056549,33.257508960005076,16.064167022705078,0.0,0.0,0,0,0.3976144790649414,2
8196,280.71810030937195,30.325823524308067,18.984556198120117,0.0,0.0,0,0,0.39946794509887695,2
8197,280.7540822029114,27.05409136060477,18.994808197021484,0.0,0.0,0,0,0.3976144790649414,2
8198,280.7900924682617,28.573888873749897,19.00339126586914,0.0,0.0,0,0,0.3995084762573242,2
8199,280.824081659317,28.569412373732213,18.985986709594727,0.0,0.0,0,0,0.3976144790649414,2
8200,280.86107897758484,27.771514080077335,21.0113525390625,0.0,0.0,0,0,0.4015631675720215,2
8201,280.89308047294617,30.311578125790437,16.00360870361328,0.0,0.0,0,0,0.3976144790649414,2
8202,280.9360771179199,23.81003309547733,21.996021270751953,0.0,0.0,0,0,0.3998708724975586,2
8203,280.973087310791,26.31043308074472,18.00990104675293,0.0,0.0,0,0,0.3976144790649414,2
8204,281.008092880249,29.41926071403521,17.992734909057617,0.0,0.0,0,0,0.399569034576416,2
8205,281.04213857650757,28.522590648206076,19.052982330322266,0.0,0.0,0,0,0.3976144790649414,2
8206,281.0761275291443,29.42132435465769,18.0509090423584,0.0,0.0,0,0,0.40003204345703125,2
8207,281.10813426971436,31.24341879832546,16.057252883911133,0.0,0.0,0,0,0.3976144790649414,2
8208,281.1400775909424,31.305448574414093,16.99686050415039,0.0,0.0,0,0,0.40003204345703125,2
8209,281.1750764846802,28.5723316711627,16.000747680664062,0.0,0.0,0,0,0.3976144790649414,2
8210,281.2070782184601,31.248306947289997,15.996456146240234,0.0,0.0,0,0,0.399569034576416,2
8211,281.2380874156952,32.248496870723194,16.010284423828125,0.0,0.0,0,0,0.3976144790649414,2
8212,281.2690773010254,32.26859310206876,16.994714736938477,0.0,0.0,0,0,0.39946794509887695,2
8213,281.2990834712982,33.32647888443049,16.0064697265625,0.0,0.0,0,0,0.3976144790649414,2
8214,281.32907724380493,33.34025420697439,15.995264053344727,0.0,0.0,0,0,0.39971017837524414,2
8215,281.3581426143646,34.4052038815838,16.05057716369629,0.0,0.0,0,0,0.3976144790649414,2
8216,281.38908433914185,32.31881891523282,16.99662208557129,0.0,0.0,0,0,0.3995485305786133,2
8217,281.4260895252228,27.02323933226382,16.01243019104004,0.0,0.0,0,0,0.3976144790649414,2
8218,281.45912766456604,31.261349492058525,18.000125885009766,0.0,0.0,0,0,0.3997502326965332,2
8219,281.48808550834656,34.40746179276626,15.054464340209961,0.0,0.0,0,0,0.3976144790649414,2
8220,281.51907539367676,32.32579325014836,16.993045806884766,0.0,0.0,0,0,0.39979028701782227,2
8221,281.5520832538605,29.405854103130366,16.9980525970459,0.0,0.0,0,0,0.3976144790649414,2
8222,281.5830762386322,32.265366093819715,16.99376106262207,0.0,0.0,0,0,0.3995485305786133,2
8223,281.6131331920624,33.270171653393405,17.056941986083984,0.0,0.0,0,0,0.3976144790649414,2
8224,281.64507579803467,32.298162664982826,18.01323890686035,0.0,0.0,0,0,0.39958953857421875,2
8225,281.67514061927795,32.21035817411071,17.05026626586914,0.0,0.0,0,0,0.3976144790649414,2
8226,281.7070994377136,31.290268193517104,19.020557403564453,0.0,0.0,0,0,0.39958953857421875,2
8227,281.74007773399353,31.26624325371977,17.006397247314453,0.0,0.0,0,0,0.3976144790649414,2
8228,281.7720823287964,30.303475182429015,18.997669219970703,0.0,0.0,0,0,0.3996100425720215,2
8229,281.80707597732544,29.411421519129362,15.998125076293945,0.0,0.0,0,0,0.3976144790649414,2
8230,281.8381345272064,31.199494179343176,17.055988311767578,0.0,0.0,0,0,0.39970970153808594,2
8231,281.8701512813568,32.18662901344466,15.053272247314453,0.0,0.0,0,0,0.3976144790649414,2
8232,281.90113639831543,31.315499077924695,17.006635665893555,0.0,0.0,0,0,0.3996100425720215,2
8233,281.93419575691223,30.248620736905114,16.066312789916992,0.0,0.0,0,0,0.3976144790649414,2
8234,281.96613931655884,32.3208112752464,16.00050926208496,0.0,0.0,0,0,0.3995485305786133,2
8235,281.9961929321289,32.19848922188786,15.054464340209961,0.0,0.0,0,0,0.3976144790649414,2
8236,282.01813554763794,47.75099331716702,6.000041961669922,0.0,0.0,1,0,0.3976144790649414,0
8237,282.0501809120178,30.260841960968218,6.0367584228515625,0.0,0.0,0,0,0.3976144790649414,0
8238,282.0741364955902,41.74392149447137,6.984233856201172,0.0,0.0,1,0,0.3976144790649414,0
8239,282.09514021873474,50.01614615008526,4.998445510864258,0.0,0.0,0,0,0.3990449905395508,0
8240,282.11512875556946,49.98574663329758,5.999326705932617,0.0,0.0,1,0,0.3976144790649414,0
8241,282.1341323852539,50.008393742846245,4.995584487915039,0.0,0.0,0,0,0.40084314346313477,0
8242,282.154132604599,49.999451643282036,7.003307342529297,0.0,0.0,1,0,0.3976144790649414,0
8243,282.1761312484741,47.61168751560833,4.993200302124023,0.0,0.0,0,0,0.3990449905395508,0
8244,282.1961352825165,47.620336519902814,6.005764007568359,0.0,0.0,1,0,0.3976144790649414,0
8245,282.2211287021637,41.65313418606499,5.006074905395508,0.0,0.0,0,0,0.3990449905395508,0
8246,282.24184942245483,46.06948365058269,6.0520172119140625,0.0,0.0,1,0,0.3976144790649414,0
8247,282.26178455352783,50.162700026311384,5.000114440917969,0.0,0.0,0,0,0.4010801315307617,0
8248,282.2837827205658,47.60358192693141,6.006717681884766,0.0,0.0,1,0,0.3976144790649414,0
8249,282.30379986763,47.5998002632893,5.016088485717773,0.0,0.0,0,0,0.40084314346313477,0
8250,282.3257851600647,47.643596296927356,6.005048751831055,0.0,0.0,1,0,0.3976144790649414,0
8251,282.34678411483765,45.464738656318424,6.000041961669922,0.0,0.0,0,0,0.4006819725036621,0
8252,282.36879777908325,45.42633106615258,7.00831413269043,0.0,0.0,1,0,0.3976144790649414,0
8253,282.3907845020294,45.481993949186176,5.001068115234375,0.0,0.0,0,0,0.3990478515625,0
8254,282.4137897491455,43.468344197904464,7.005453109741211,0.0,0.0,1,0,0.39865732192993164,0
8255,282.4347867965698,47.625743743470956,4.989147186279297,0.0,0.0,0,0,0.4006075859069824,0
8256,282.4588541984558,43.37215242231529,6.999731063842773,0.0,0.0,1,0,0.40059947967529297,0
8257,282.48284339904785,39.99946594951316,4.999637603759766,0.0,0.0,0,0,0.39946746826171875,0
8258,282.5078408718109,40.004043987906186,6.997823715209961,0.0,0.0,1,0,0.40042686462402344,0
8259,282.52883982658386,47.62141786638812,5.000829696655273,0.0,0.0,1,0,0.401425838470459,0
8260,282.55285453796387,41.64114172251179,6.99925422668457,0.0,0.0,1,0,0.4000091552734375,0
8261,282.57385540008545,47.61709277507833,4.965782165527344,0.0,0.0,1,0,0.4019966125488281,0
8262,282.59885692596436,41.65727112011601,8.00466537475586,0.0,0.0,2,0,0.40052032470703125,0
8263,282.6198606491089,45.45488436612697,6.001472473144531,0.0,0.0,1,0,0.40032529830932617,0
8264,282.6448574066162,41.64568977500645,7.015466690063477,0.0,0.0,2,0,0.4005622863769531,0
8265,282.66885781288147,40.02389426976478,7.0018768310546875,0.0,0.0,1,0,0.39963340759277344,0
8266,282.6928563117981,41.66927287719682,7.993221282958984,0.0,0.0,2,0,0.40060997009277344,0
8267,282.72385692596436,32.257425437989326,13.000965118408203,0.0,0.0,1,0,0.3996100425720215,1
8268,282.7568566799164,30.303256244084647,15.001296997070312,0.0,0.0,1,0,0.3997511863708496,1
8269,282.7898585796356,31.248306947289997,11.002779006958008,0.0,0.0,0,0,0.4018568992614746,1
8270,282.825865983963,27.021498379729547,15.009641647338867,0.0,0.0,0,0,0.4014873504638672,1
8271,282.8558552265167,33.345290338993834,11.99960708618164,0.0,0.0,0,0,0.3990473747253418,1
8272,282.88987040519714,29.39864021868648,17.008304595947266,0.0,0.0,0,0,0.39958953857421875,2
8273,282.92191886901855,31.20274361892859,15.99431037902832,0.0,0.0,0,0,0.3976144790649414,2
8274,282.95489144325256,30.328235608870763,17.012357711791992,0.0,0.0,0,0,0.39958953857421875,2
8275,282.98588705062866,32.26263605245952,15.928030014038086,0.0,0.0,0,0,0.3976144790649414,2
8276,283.01689434051514,32.25048056960955,16.005516052246094,0.0,0.0,0,0,0.3996305465698242,2
8277,283.0453474521637,35.145540928934736,14.400720596313477,0.0,0.0,0,0,0.3976144790649414,2
8278,283.0753405094147,33.341049284578695,15.993118286132812,0.0,0.0,0,0,0.399630069732666,2
8279,283.1059489250183,32.67075346040302,14.00303840637207,0.0,0.0,0,0,0.3976144790649414,2
8280,283.13609290122986,33.17412384424952,16.150236129760742,0.0,0.0,0,0,0.39958953857421875,2
8281,283.20952582359314,13.61787012987013,15.007257461547852,0.0,0.0,0,0,0.3976144790649414,2
8282,283.2400538921356,33.86189803415008,15.542745590209961,0.0,0.0,0,0,0.39958953857421875,2
8283,283.2700505256653,32.265366093819715,15.992164611816406,0.0,0.0,0,0,0.3976144790649414,2
8284,283.30005860328674,34.46768785747157,16.005754470825195,0.0,0.0,0,0,0.39981698989868164,2
8285,283.3270537853241,35.726305568095675,14.002799987792969,0.0,0.0,0,0,0.3976144790649414,2
8286,283.35806131362915,32.25023259390258,17.003774642944336,0.0,0.0,0,0,0.3996701240539551,2
8287,283.3864290714264,35.25128799912593,14.006853103637695,0.0,0.0,0,0,0.3976144790649414,2
8288,283.415429353714,34.482422966884805,15.000343322753906,0.0,0.0,0,0,0.3996305465698242,2
8289,283.443430185318,37.02991136066674,14.005422592163086,0.0,0.0,0,0,0.3976144790649414,2
8290,283.47450971603394,32.270330989274775,16.991138458251953,0.0,0.0,0,0,0.4003758430480957,2
8291,283.50143218040466,35.70228123935989,14.987945556640625,0.0,0.0,0,0,0.3976144790649414,2
8292,283.53242778778076,33.33627938768698,16.996383666992188,0.0,0.0,0,0,0.399871826171875,2
8293,283.5634388923645,32.25568894049972,14.007091522216797,0.0,0.0,0,0,0.3976144790649414,2
8294,283.5944221019745,31.259485604835405,16.999244689941406,0.0,0.0,0,0,0.3997359275817871,2
8295,283.62242913246155,35.70532050736358,15.004873275756836,0.0,0.0,0,0,0.3976144790649414,2
8296,283.65142941474915,34.482422966884805,16.000747680664062,0.0,0.0,0,0,0.399630069732666,2
8297,283.6804316043854,34.480155206997466,15.00701904296875,0.0,0.0,0,0,0.3976144790649414,2
8298,283.71442198753357,30.311797184401467,18.999814987182617,0.0,0.0,0,0,0.3996291160583496,2
8299,283.74342155456543,33.333894951004154,15.999555587768555,0.0,0.0,0,0,0.3976144790649414,2
8300,283.77542304992676,31.248539754440337,18.001556396484375,0.0,0.0,0,0,0.40023374557495117,2
8301,283.8064217567444,32.259410235505854,15.99740982055664,0.0,0.0,0,0,0.3976144790649414,2
8302,283.84148144721985,28.522784612141365,21.052122116088867,0.0,0.0,0,0,0.399569034576416,2
8303,283.86943769454956,35.77018003189575,14.008522033691406,0.0,0.0,0,0,0.3976144790649414,2
8304,283.8994290828705,33.34290461313427,16.000032424926758,0.0,0.0,0,0,0.39958953857421875,2
8305,283.93042635917664,32.26089899393902,13.99993896484375,0.0,0.0,0,0,0.3976144790649414,2
8306,283.96142864227295,33.33548453755732,14.986753463745117,0.0,0.0,0,0,0.3996100425720215,2
8307,283.98946833610535,34.43062248089379,15.010833740234375,0.0,0.0,0,0,0.3976144790649414,2
8308,284.0204613208771,33.35191914693978,16.001462936401367,0.0,0.0,0,0,0.39979076385498047,2
8309,284.05245566368103,30.29931589479083,16.004323959350586,0.0,0.0,0,0,0.3976144790649414,2
8310,284.0874626636505,29.413690330091097,17.99297332763672,0.0,0.0,0,0,0.40027379989624023,2
8311,284.1184504032135,31.252963749487723,15.998125076293945,0.0,0.0,0,0,0.3976144790649414,2
8312,284.15145206451416,30.301504851212623,17.000436782836914,0.0,0.0,0,0,0.39979076385498047,2
8313,284.1834616661072,32.25668120188573,15.001296997070312,0.0,0.0,0,0,0.3976144790649414,2
8314,284.2174506187439,28.573694214144112,16.998291015625,0.0,0.0,0,0,0.399569034576416,2
8315,284.25245118141174,28.570969258121426,16.99972152709961,0.0,0.0,0,0,0.3976144790649414,2
8316,284.2894518375397,27.776847682119204,20.002126693725586,0.0,0.0,0,0,0.3995485305786133,2
8317,284.3354525566101,21.27651889840869,20.00141143798828,0.0,0.0,0,0,0.3976144790649414,2
8318,284.3774516582489,24.39073521629653,20.999670028686523,0.0,0.0,0,0,0.39979124069213867,2
8319,284.42145347595215,22.221360416633555,22.002220153808594,0.0,0.0,0,0,0.3976144790649414,2
8320,284.463454246521,23.80908698712563,23.002147674560547,0.0,0.0,0,0,0.40027379989624023,2
8321,284.50245094299316,26.318027232226893,19.998550415039062,0.0,0.0,0,0,0.3976144790649414,2
8322,284.5394504070282,26.31621084068992,19.99974250793457,0.0,0.0,0,0,0.3996295928955078,2
8323,284.5734558105469,29.407091124525866,16.999244689941406,0.0,0.0,0,0,0.3976144790649414,2
8324,284.60945749282837,28.569801578922274,19.00625228881836,0.0,0.0,0,0,0.3996100425720215,2
8325,284.6414568424225,30.30391306860875,17.003297805786133,0.0,0.0,0,0,0.3976144790649414,2
8326,284.676531791687,28.510376236277743,19.080162048339844,0.0,0.0,0,0,0.399871826171875,2
8327,284.7105185985565,29.423181878766197,18.068313598632812,0.0,0.0,0,0,0.3976144790649414,2
8328,284.7444586753845,30.346228701660458,18.014192581176758,0.0,0.0,0,0,0.3996305465698242,2
8329,284.7794580459595,28.58576812720222,14.99176025390625,0.0,0.0,0,0,0.3976144790649414,2
8330,284.8124496936798,29.415546890341403,17.99774169921875,0.0,0.0,0,0,0.39958953857421875,2
8331,284.84745597839355,29.402555888146594,14.007806777954102,0.0,0.0,0,0,0.3976144790649414,2
8332,284.87845039367676,32.26859310206876,14.9993896484375,0.0,0.0,0,0,0.399569034576416,2
8333,284.9085211753845,32.184406197005856,16.071319580078125,0.0,0.0,0,0,0.3976144790649414,2
8334,284.93748211860657,34.52926212840925,15.961170196533203,0.0,0.0,0,0,0.3995485305786133,2
8335,284.96645069122314,34.52016822629894,14.000415802001953,0.0,0.0,0,0,0.3976144790649414,2
8336,284.9967746734619,32.97719910683398,16.31760597229004,0.0,0.0,0,0,0.3995485305786133,2
8337,285.0347683429718,27.035083761433,23.00095558166504,0.0,0.0,0,0,0.3976144790649414,2
8338,285.0654926300049,32.54804640515268,14.99629020690918,0.0,0.0,0,0,0.39958953857421875,2
8339,285.0946714878082,34.264950003267764,15.185356140136719,0.0,0.0,0,0,0.3976144790649414,2
8340,285.1246726512909,33.333630034650476,15.000343322753906,0.0,0.0,0,0,0.3996100425720215,2
8341,285.1556715965271,31.249936670193268,15.000343322753906,0.0,0.0,0,0,0.3976144790649414,2
8342,285.18667101860046,33.333630034650476,15.000343322753906,0.0,0.0,0,0,0.3996100425720215,2
8343,285.2146713733673,34.48270645784519,15.000343322753906,0.0,0.0,0,0,0.3976144790649414,2
8344,285.2456774711609,32.25172050534798,17.999887466430664,0.0,0.0,0,0,0.39970970153808594,2
8345,285.27467155456543,34.48979524710139,15.000104904174805,0.0,0.0,0,0,0.3976144790649414,2
8346,285.3096776008606,28.566493672782748,21.006345748901367,0.0,0.0,0,0,0.40039634704589844,2
8347,285.33868288993835,34.47647073329114,15.011787414550781,0.0,0.0,0,0,0.3976144790649414,2
8348,285.37367129325867,29.421737117524096,19.982099533081055,0.0,0.0,0,0,0.40015316009521484,2
8349,285.4036726951599,32.25668120188573,15.994548797607422,0.0,0.0,0,0,0.3976144790649414,2
8350,285.43467116355896,32.25965835236931,17.000198364257812,0.0,0.0,0,0,0.399871826171875,2
8351,285.46467113494873,34.4756205819497,15.005826950073242,0.0,0.0,0,0,0.3976144790649414,2
8352,285.49567127227783,31.255758497090014,16.999483108520508,0.0,0.0,0,0,0.3995485305786133,2
8353,285.527676820755,31.244582504599936,15.00558853149414,0.0,0.0,0,0,0.3976144790649414,2
8354,285.57267117500305,22.225010597710895,30.993938446044922,0.0,0.0,0,0,0.3996100425720215,2
8355,285.60067224502563,35.7129209417174,15.001296997070312,0.0,0.0,0,0,0.3976144790649414,2
8356,285.6306710243225,33.33468972533062,15.999794006347656,0.0,0.0,0,0,0.3997359275817871,2
8357,285.6596796512604,34.472503719045626,16.008615493774414,0.0,0.0,0,0,0.3976144790649414,2
8358,285.69567227363586,27.78347155613259,19.99497413635254,0.0,0.0,0,0,0.40015316009521484,2
8359,285.72767186164856,31.250402336532158,17.000675201416016,0.0,0.0,0,0,0.3976144790649414,2
8360,285.7626721858978,29.412452753448385,18.99886131286621,0.0,0.0,0,0,0.3996100425720215,2
8361,285.79367184638977,32.25692927677116,16.000747680664062,0.0,0.0,0,0,0.3976144790649414,2
8362,285.82667088508606,29.412865267424493,16.99972152709961,0.0,0.0,0,0,0.3996100425720215,2
8363,285.85667181015015,33.3323055160411,15.000343322753906,0.0,0.0,0,0,0.3976144790649414,2
8364,285.88767099380493,32.25891401322873,16.996145248413086,0.0,0.0,0,0,0.3996295928955078,2
8365,285.9206714630127,31.24877256505964,13.994932174682617,0.0,0.0,0,0,0.3976144790649414,2
8366,285.9516713619232,31.25086801674937,17.000198364257812,0.0,0.0,0,0,0.3996701240539551,2
8367,285.9806716442108,35.707144316556565,13.999700546264648,0.0,0.0,0,0,0.3976144790649414,2
8368,286.010671377182,32.26387692307692,17.000436782836914,0.0,0.0,0,0,0.39922618865966797,2
8369,286.03867173194885,35.71383321128727,14.000415802001953,0.0,0.0,0,0,0.3976144790649414,2
8370,286.07067131996155,31.250402336532158,18.00060272216797,0.0,0.0,0,0,0.3996100425720215,2
8371,286.0996718406677,35.71200871875213,13.999700546264648,0.0,0.0,0,0,0.3976144790649414,2
8372,286.1306710243225,31.25203227801414,17.000198364257812,0.0,0.0,0,0,0.3996701240539551,2
8373,286.15967535972595,35.71352911625214,14.000415802001953,0.0,0.0,0,0,0.3976144790649414,2
8374,286.18867206573486,34.47675412638916,15.005111694335938,0.0,0.0,0,0,0.3996701240539551,2
8375,286.2166724205017,34.48781009233907,13.995647430419922,0.0,0.0,0,0,0.3976144790649414,2
8376,286.2466707229614,33.33521959593712,15.999555587768555,0.0,0.0,0,0,0.3996701240539551,2
8377,286.2786729335785,32.25668120188573,14.001131057739258,0.0,0.0,0,0,0.3976144790649414,2
8378,286.31367206573486,27.77776747574423,20.000934600830078,0.0,0.0,0,0,0.39958906173706055,2
8379,286.3486714363098,28.571942397035382,17.99798011779785,0.0,0.0,0,0,0.3976144790649414,2
8380,286.391672372818,23.809357296125157,22.00031280517578,0.0,0.0,0,0,0.39971017837524414,2
8381,286.4276716709137,27.02707021760563,17.997026443481445,0.0,0.0,0,0,0.3976144790649414,2
8382,286.4656732082367,27.026547760193825,20.99919319152832,0.0,0.0,0,0,0.40027379989624023,2
8383,286.5036733150482,25.640376080497855,19.99640464782715,0.0,0.0,0,0,0.3976144790649414,2
8384,286.54267144203186,25.642257137616923,21.99387550354004,0.0,0.0,0,0,0.3996305465698242,2
8385,286.5776746273041,28.56882858582969,17.998933792114258,0.0,0.0,0,0,0.3976144790649414,2
8386,286.6116712093353,29.414721723518852,18.9969539642334,0.0,0.0,0,0,0.39970970153808594,2
8387,286.64367151260376,32.25692927677116,16.001224517822266,0.0,0.0,0,0,0.3976144790649414,2
8388,286.67867159843445,27.778319381159267,19.00029182434082,0.0,0.0,0,0,0.3996701240539551,2
8389,286.71567153930664,27.02707021760563,18.000364303588867,0.0,0.0,0,0,0.3976144790649414,2
8390,286.7506775856018,29.406678772496864,18.006086349487305,0.0,0.0,0,0,0.3996100425720215,2
8391,286.78367137908936,29.41699104368745,17.999887466430664,0.0,0.0,0,0,0.3976144790649414,2
8392,286.8166708946228,30.303475182429015,17.999649047851562,0.0,0.0,0,0,0.39958953857421875,2
8393,286.8486716747284,32.25717735547232,16.00050926208496,0.0,0.0,0,0,0.3976144790649414,2
8394,286.87967133522034,31.250402336532158,16.000032424926758,0.0,0.0,0,0,0.3996701240539551,2
8395,286.90967202186584,33.332570411342104,16.000986099243164,0.0,0.0,0,0,0.3976144790649414,2
8396,286.94167160987854,31.250402336532158,17.000436782836914,0.0,0.0,0,0,0.3996701240539551,2
8397,286.97067165374756,34.48270645784519,15.000581741333008,0.0,0.0,0,0,0.3976144790649414,2
8398,287.0016710758209,32.258665907814894,15.999794006347656,0.0,0.0,0,0,0.3996701240539551,2
8399,287.0306715965271,34.48213948058568,15.000581741333008,0.0,0.0,0,0,0.3976144790649414,2
8400,287.0606710910797,33.333894951004154,15.999794006347656,0.0,0.0,0,0,0.3996701240539551,2
8401,287.09368991851807,30.285751420669936,15.018224716186523,0.0,0.0,0,0,0.3976144790649414,2
8402,287.1256709098816,31.26857415497473,16.99995994567871,0.0,0.0,0,0,0.39971065521240234,2
8403,287.15467143058777,34.48213948058568,15.000343322753906,0.0,0.0,0,0,0.3976144790649414,2
8404,287.1836714744568,34.48270645784519,15.000343322753906,0.0,0.0,0,0,0.3996295928955078,2
8405,287.213671207428,34.48213948058568,15.001058578491211,0.0,0.0,0,0,0.3976144790649414,2
8406,287.24268102645874,33.32330158023946,16.00933074951172,0.0,0.0,0,0,0.39958906173706055,2
8407,287.27067160606384,35.726305568095675,14.000415802001953,0.0,0.0,0,0,0.3976144790649414,2
8408,287.29967212677,34.48213948058568,15.001296997070312,0.0,0.0,0,0,0.3996701240539551,2
8409,287.3286714553833,35.7129209417174,14.002323150634766,0.0,0.0,0,0,0.3976144790649414,2
8410,287.3576707839966,33.336014433432155,15.999555587768555,0.0,0.0,0,0,0.3996701240539551,2
8411,287.3876714706421,34.481855998947694,15.000581741333008,0.0,0.0,0,0,0.3976144790649414,2
8412,287.41867113113403,32.2581697084362,17.000198364257812,0.0,0.0,0,0,0.39971065521240234,2
8413,287.44967699050903,31.244582504599936,13.998985290527344,0.0,0.0,0,0,0.3976144790649414,2
8414,287.48167157173157,31.255292671112933,17.000436782836914,0.0,0.0,0,0,0.39971065521240234,2
8415,287.51167130470276,34.48213948058568,15.001058578491211,0.0,0.0,0,0,0.3976144790649414,2
8416,287.542671918869,32.259162122459024,15.99574089050293,0.0,0.0,0,0,0.3996701240539551,2
8417,287.57067942619324,34.47278704693022,15.002250671386719,0.0,0.0,0,0,0.3976144790649414,2
8418,287.60067105293274,33.34263955355581,15.999794006347656,0.0,0.0,0,0,0.3996701240539551,2
8419,287.6306719779968,33.3323055160411,16.000747680664062,0.0,0.0,0,0,0.3976144790649414,2
8420,287.6606729030609,33.3323055160411,15.9912109375,0.0,0.0,0,0,0.39971065521240234,2
8421,287.6896708011627,35.71200871875213,15.003442764282227,0.0,0.0,0,0,0.3976144790649414,2
8422,287.7216715812683,31.252498006810374,17.00115203857422,0.0,0.0,0,0,0.399630069732666,2
8423,287.7506718635559,33.333630034650476,16.00050926208496,0.0,0.0,0,0,0.3976144790649414,2
8424,287.78267073631287,31.251100862062543,16.999483108520508,0.0,0.0,0,0,0.3996701240539551,2
8425,287.81667304039,29.40977169462052,17.001867294311523,0.0,0.0,0,0,0.3976144790649414,2
8426,287.84767174720764,33.33495465852825,16.00050926208496,0.0,0.0,0,0,0.39971065521240234,2
8427,287.8766713142395,33.333630034650476,16.00027084350586,0.0,0.0,0,0,0.3976144790649414,2
8428,287.9056713581085,34.48270645784519,16.00050926208496,0.0,0.0,0,0,0.3996701240539551,2
8429,287.93567180633545,33.33283531085345,15.000581741333008,0.0,0.0,0,0,0.3976144790649414,2
8430,287.9656710624695,33.33415987156867,16.000032424926758,0.0,0.0,0,0,0.3996701240539551,2
8431,287.9946711063385,34.48270645784519,16.000032424926758,0.0,0.0,0,0,0.3976144790649414,2
8432,288.0236716270447,34.48213948058568,15.99431037902832,0.0,0.0,0,0,0.40035438537597656,2
8433,288.0516710281372,35.715049643216,14.999866485595703,0.0,0.0,0,0,0.3976144790649414,2
8434,288.0816719532013,34.481855998947694,16.00050926208496,0.0,0.0,0,0,0.39970970153808594,2
8435,288.1106708049774,33.33442479634413,14.999866485595703,0.0,0.0,0,0,0.3976144790649414,2
8436,288.13967204093933,34.48128904965472,15.001058578491211,0.0,0.0,0,0,0.3996701240539551,2
8437,288.171674489975,31.247608546651964,16.00337028503418,0.0,0.0,0,0,0.3976144790649414,2
8438,288.2016716003418,33.33654434615354,16.00027084350586,0.0,0.0,0,0,0.3996100425720215,2
8439,288.2296721935272,35.71352911625214,15.00082015991211,0.0,0.0,0,0,0.3976144790649414,2
8440,288.2596712112427,34.48412398257009,15.000104904174805,0.0,0.0,0,0,0.3996701240539551,2
8441,288.28767228126526,34.48128904965472,14.00136947631836,0.0,0.0,0,0,0.3976144790649414,2
8442,288.31767106056213,33.33468972533062,15.993833541870117,0.0,0.0,0,0,0.3996295928955078,2
8443,288.3466715812683,34.48213948058568,16.00050926208496,0.0,0.0,0,0,0.3976144790649414,2
8444,288.37667298316956,33.331775738069695,15.979290008544922,0.0,0.0,0,0,0.3996295928955078,2
8445,288.4066710472107,34.48412398257009,15.000581741333008,0.0,0.0,0,0,0.3976144790649414,2
8446,288.4366714954376,33.33336512250753,16.000747680664062,0.0,0.0,0,0,0.3996701240539551,2
8447,288.46567726135254,33.32727330515208,16.0064697265625,0.0,0.0,0,0,0.3976144790649414,2
8448,288.495671749115,34.48951163957208,16.00050926208496,0.0,0.0,0,0,0.3996295928955078,2
8449,288.52867102622986,29.412246500799416,16.99995994567871,0.0,0.0,0,0,0.3976144790649414,2
8450,288.5596709251404,32.2581697084362,16.99995994567871,0.0,0.0,0,0,0.3996305465698242,2
8451,288.58867144584656,35.713225026395556,15.001058578491211,0.0,0.0,0,0,0.3976144790649414,2
8452,288.61867117881775,32.258665907814894,16.99995994567871,0.0,0.0,0,0,0.39971065521240234,2
8453,288.6476719379425,34.481855998947694,16.00050926208496,0.0,0.0,0,0,0.3976144790649414,2
8454,288.6796715259552,32.2581697084362,16.99995994567871,0.0,0.0,0,0,0.3996295928955078,2
8455,288.7106714248657,31.250402336532158,16.00050926208496,0.0,0.0,0,0,0.3976144790649414,2
8456,288.742671251297,31.250169501627962,18.000125885009766,0.0,0.0,0,0,0.3996305465698242,2
8457,288.7736711502075,33.33204062495033,16.000986099243164,0.0,0.0,0,0,0.3976144790649414,2
8458,288.8056709766388,30.304350967443607,17.999649047851562,0.0,0.0,0,0,0.3996100425720215,2
8459,288.8366711139679,33.331775738069695,16.001462936401367,0.0,0.0,0,0,0.3976144790649414,2
8460,288.8666741847992,32.256185063561766,16.003131866455078,0.0,0.0,0,0,0.39970970153808594,2
8461,288.90017914772034,30.763787324243246,16.001224517822266,0.0,0.0,0,0,0.3976144790649414,2
8462,288.931179523468,32.25891401322873,16.000032424926758,0.0,0.0,0,0,0.3996701240539551,2
8463,288.96017932891846,33.33310021457522,15.000343322753906,0.0,0.0,0,0,0.3976144790649414,2
8464,288.99017882347107,33.333894951004154,16.000032424926758,0.0,0.0,0,0,0.3996701240539551,2
8465,289.0201795101166,33.332570411342104,16.00027084350586,0.0,0.0,0,0,0.3976144790649414,2
8466,289.05017924308777,34.48355695869508,14.99319076538086,0.0,0.0,0,0,0.3996295928955078,2
8467,289.0791790485382,34.48100558199949,15.000581741333008,0.0,0.0,0,0,0.3976144790649414,2
8468,289.10817885398865,33.33495465852825,16.000032424926758,0.0,0.0,0,0,0.3996701240539551,2
8469,289.1361789703369,35.71413731150109,15.000343322753906,0.0,0.0,0,0,0.3976144790649414,2
8470,289.1651785373688,34.483273453750215,16.000032424926758,0.0,0.0,0,0,0.3996295928955078,2
8471,289.1931791305542,37.03546988547563,14.000892639160156,0.0,0.0,0,0,0.3976144790649414,2
8472,289.22118496894836,34.47647073329114,14.999866485595703,0.0,0.0,0,0,0.39971065521240234,2
8473,289.25317907333374,32.26338056337595,14.00136947631836,0.0,0.0,0,0,0.3976144790649414,2
8474,289.2821786403656,33.33468972533062,15.999794006347656,0.0,0.0,0,0,0.3996701240539551,2
8475,289.3101785182953,37.03677801619469,13.996362686157227,0.0,0.0,0,0,0.3976144790649414,2
8476,289.3391788005829,33.33336512250753,15.999794006347656,0.0,0.0,0,0,0.3996295928955078,2
8477,289.3681786060333,34.482989953466955,15.999794006347656,0.0,0.0,0,0,0.3976144790649414,2
8478,289.40217876434326,30.302599448032712,16.992568969726562,0.0,0.0,0,0,0.39946794509887695,2
8479,289.4321792125702,33.33283531085345,15.000581741333008,0.0,0.0,0,0,0.3976144790649414,2
8480,289.4631836414337,32.25767352432224,17.00115203857422,0.0,0.0,0,0,0.3995485305786133,2
8481,289.49217915534973,33.33415987156867,15.000343322753906,0.0,0.0,0,0,0.3976144790649414,2
8482,289.52217984199524,33.332570411342104,16.000986099243164,0.0,0.0,0,0,0.3996295928955078,2
8483,289.55217933654785,34.48412398257009,15.000104904174805,0.0,0.0,0,0,0.3976144790649414,2
8484,289.5831789970398,32.25792161447117,16.000032424926758,0.0,0.0,0,0,0.39946794509887695,2
8485,289.6151793003082,31.249005379147977,14.993429183959961,0.0,0.0,0,0,0.3976144790649414,2
8486,289.6471791267395,31.251100862062543,16.99995994567871,0.0,0.0,0,0,0.39946794509887695,2
8487,289.67617869377136,33.33336512250753,15.999794006347656,0.0,0.0,0,0,0.3976144790649414,2
8488,289.7081792354584,31.24947101773208,17.99941062927246,0.0,0.0,0,0,0.3996100425720215,2
8489,289.7381868362427,34.473070379472176,15.006780624389648,0.0,0.0,0,0,0.3976144790649414,2
8490,289.77017855644226,30.311140018066848,17.999649047851562,0.0,0.0,0,0,0.3996100425720215,2
8491,289.8031792640686,31.24877256505964,16.000986099243164,0.0,0.0,0,0,0.3976144790649414,2
8492,289.83517932891846,30.303475182429015,19.000530242919922,0.0,0.0,0,0,0.40003204345703125,2
8493,289.86417865753174,34.48355695869508,14.999866485595703,0.0,0.0,0,0,0.3976144790649414,2
8494,289.89517879486084,32.25792161447117,15.999555587768555,0.0,0.0,0,0,0.40003204345703125,2
8495,289.92417883872986,34.48270645784519,14.999628067016602,0.0,0.0,0,0,0.3976144790649414,2
8496,289.9531795978546,34.481855998947694,15.000581741333008,0.0,0.0,0,0,0.3996295928955078,2
8497,289.9871790409088,29.412246500799416,16.998291015625,0.0,0.0,0,0,0.3976144790649414,2
8498,290.0191795825958,32.257425437989326,16.00027084350586,0.0,0.0,0,0,0.40003204345703125,2
8499,290.0471787452698,34.483840468301665,13.99993896484375,0.0,0.0,0,0,0.3976144790649414,2
8500,290.0761799812317,34.48128904965472,15.001058578491211,0.0,0.0,0,0,0.39979028701782227,2
8501,290.1051788330078,35.715657890255116,13.991832733154297,0.0,0.0,0,0,0.3976144790649414,2
8502,290.13417887687683,34.48157252197075,15.00082015991211,0.0,0.0,0,0,0.39970970153808594,2
8503,290.163179397583,34.48355695869508,13.999462127685547,0.0,0.0,0,0,0.3976144790649414,2
8504,290.19317865371704,32.258665907814894,16.999483108520508,0.0,0.0,0,0,0.3998708724975586,2
8505,290.22118854522705,35.70167344784733,15.009880065917969,0.0,0.0,0,0,0.3976144790649414,2
8506,290.2501788139343,34.49433360198694,15.994071960449219,0.0,0.0,0,0,0.39971017837524414,2
8507,290.27817821502686,35.715049643216,14.9993896484375,0.0,0.0,0,0,0.3976144790649414,2
8508,290.3071789741516,34.481855998947694,15.000104904174805,0.0,0.0,0,0,0.3995485305786133,2
8509,290.3391795158386,31.24947101773208,15.000581741333008,0.0,0.0,0,0,0.3976144790649414,2
8510,290.3731791973114,30.30391306860875,17.99941062927246,0.0,0.0,0,0,0.3997502326965332,2
8511,290.4031798839569,32.25668120188573,15.999794006347656,0.0,0.0,0,0,0.3976144790649414,2
8512,290.4341850280762,33.33336512250753,16.000747680664062,0.0,0.0,0,0,0.39946794509887695,2
8513,290.46317958831787,34.481855998947694,14.994621276855469,0.0,0.0,0,0,0.3976144790649414,2
8514,290.49417877197266,31.25179941882125,16.99995994567871,0.0,0.0,0,0,0.39970970153808594,2
8515,290.524178981781,33.33310021457522,16.000032424926758,0.0,0.0,0,0,0.3976144790649414,2
8516,290.5551788806915,32.2581697084362,18.000125885009766,0.0,0.0,0,0,0.39970970153808594,2
8517,290.5841796398163,34.481855998947694,15.00082015991211,0.0,0.0,0,0,0.3976144790649414,2
8518,290.6141793727875,33.333630034650476,16.99972152709961,0.0,0.0,0,0,0.39946794509887695,2
8519,290.6431784629822,34.483840468301665,15.999794006347656,0.0,0.0,0,0,0.3976144790649414,2
8520,290.67617869377136,30.302818376886563,18.9974308013916,0.0,0.0,0,0,0.39946794509887695,2
8521,290.7111852169037,28.56610455771379,17.006397247314453,0.0,0.0,0,0,0.3976144790649414,2
8522,290.7481846809387,27.027418533768937,18.996715545654297,0.0,0.0,0,0,0.3996295928955078,2
8523,290.78918528556824,24.38988422331932,15.996217727661133,0.0,0.0,0,0,0.3976144790649414,2
8524,290.8221786022186,30.309168690021966,17.998456954956055,0.0,0.0,0,0,0.39971017837524414,2
8525,290.85317850112915,32.2581697084362,14.9993896484375,0.0,0.0,0,0,0.3976144790649414,2
8526,290.884179353714,32.25717735547232,16.99995994567871,0.0,0.0,0,0,0.39970970153808594,2
8527,290.91517972946167,32.25767352432224,17.000913619995117,0.0,0.0,0,0,0.3976144790649414,2
8528,290.9451801776886,33.33283531085345,16.001224517822266,0.0,0.0,0,0,0.3998708724975586,2
8529,290.9751787185669,33.33495465852825,15.999555587768555,0.0,0.0,0,0,0.3976144790649414,2
8530,291.00518321990967,33.32833259169792,16.004085540771484,0.0,0.0,0,0,0.39971065521240234,2
8531,291.0341787338257,34.48809367188528,14.999866485595703,0.0,0.0,0,0,0.3976144790649414,2
8532,291.0641791820526,33.33283531085345,16.00027084350586,0.0,0.0,0,0,0.3996701240539551,2
8533,291.09717893600464,31.248539754440337,15.001773834228516,0.0,0.0,0,0,0.3976144790649414,2
8534,291.12817907333374,31.251566563098404,16.00027084350586,0.0,0.0,0,0,0.40003204345703125,2
8535,291.15717911720276,35.71352911625214,15.00082015991211,0.0,0.0,0,0,0.3976144790649414,2
8536,291.1861789226532,34.482989953466955,15.000581741333008,0.0,0.0,0,0,0.39946794509887695,2
8537,291.21317863464355,35.71535376414588,13.99993896484375,0.0,0.0,0,0,0.3976144790649414,2
8538,291.2431809902191,33.33071623264647,16.002178192138672,0.0,0.0,0,0,0.3996295928955078,2
8539,291.27218103408813,34.48270645784519,16.002178192138672,0.0,0.0,0,0,0.3976144790649414,2
8540,291.3011791706085,34.48497455334753,14.999866485595703,0.0,0.0,0,0,0.3996295928955078,2
8541,291.33017921447754,35.7129209417174,14.001607894897461,0.0,0.0,0,0,0.3976144790649414,2
8542,291.35917949676514,33.33415987156867,16.00050926208496,0.0,0.0,0,0,0.39958953857421875,2
8543,291.3881788253784,35.714441416893735,15.000581741333008,0.0,0.0,0,0,0.3976144790649414,2
8544,291.4181785583496,32.25891401322873,16.999483108520508,0.0,0.0,0,0,0.40003204345703125,2
8545,291.45017981529236,31.24877256505964,15.001058578491211,0.0,0.0,0,0,0.3976144790649414,2
8546,291.48218846321106,31.24155704857956,17.009973526000977,0.0,0.0,0,0,0.399569034576416,2
8547,291.5131793022156,32.26760010770474,17.000436782836914,0.0,0.0,0,0,0.3976144790649414,2
8548,291.54317903518677,34.482989953466955,16.00027084350586,0.0,0.0,0,0,0.39946794509887695,2
8549,291.57117891311646,34.482989953466955,15.000104904174805,0.0,0.0,0,0,0.3976144790649414,2
8550,291.60117959976196,34.47760433363748,16.004562377929688,0.0,0.0,0,0,0.3998708724975586,2
8551,291.6301794052124,33.337604222139205,16.00050926208496,0.0,0.0,0,0,0.3976144790649414,2
8552,291.6601812839508,33.33124597693842,17.002344131469727,0.0,0.0,0,0,0.40003204345703125,2
8553,291.6911795139313,33.33548453755732,16.00050926208496,0.0,0.0,0,0,0.3976144790649414,2
8554,291.72219038009644,31.23923017338974,18.0051326751709,0.0,0.0,0,0,0.39971017837524414,2
8555,291.7541787624359,31.261349492058525,17.999887466430664,0.0,0.0,0,0,0.3976144790649414,2
8556,291.7861793041229,31.24947101773208,17.99631118774414,0.0,0.0,0,0,0.39970970153808594,2
8557,291.8231792449951,27.777399550984455,16.00027084350586,0.0,0.0,0,0,0.3976144790649414,2
8558,291.8541793823242,32.258665907814894,15.000343322753906,0.0,0.0,0,0,0.39970970153808594,2
8559,291.88318061828613,33.331775738069695,15.001535415649414,0.0,0.0,0,0,0.3976144790649414,2
8560,291.9141790866852,33.33521959593712,15.999794006347656,0.0,0.0,0,0,0.3996295928955078,2
8561,291.9431788921356,33.33336512250753,14.9993896484375,0.0,0.0,0,0,0.3976144790649414,2
8562,291.97218132019043,34.4798717579843,15.00248908996582,0.0,0.0,0,0,0.3996295928955078,2
8563,292.00118041038513,34.483840468301665,15.001535415649414,0.0,0.0,0,0,0.3976144790649414,2
8564,292.0311789512634,33.33495465852825,16.000032424926758,0.0,0.0,0,0,0.399630069732666,2
8565,292.06017994880676,35.71352911625214,15.000343322753906,0.0,0.0,0,0,0.3976144790649414,2
8566,292.0891785621643,33.33442479634413,15.995979309082031,0.0,0.0,0,0,0.39970970153808594,2
8567,292.11717915534973,35.71352911625214,15.000343322753906,0.0,0.0,0,0,0.3976144790649414,2
8568,292.1461787223816,34.483273453750215,15.999317169189453,0.0,0.0,0,0,0.39946794509887695,2
8569,292.1781792640686,31.24947101773208,16.00050926208496,0.0,0.0,0,0,0.3976144790649414,2
8570,292.2081789970398,33.333630034650476,14.999866485595703,0.0,0.0,0,0,0.3993873596191406,2
8571,292.237188577652,34.47137045407849,15.002727508544922,0.0,0.0,0,0,0.3976144790649414,2
8572,292.2661793231964,34.4937662423106,16.00050926208496,0.0,0.0,0,0,0.39946794509887695,2
8573,292.29417872428894,35.715049643216,14.989852905273438,0.0,0.0,0,0,0.3976144790649414,2
8574,292.32317876815796,34.48270645784519,16.000032424926758,0.0,0.0,0,0,0.39970970153808594,2
8575,292.3531792163849,34.482422966884805,16.000032424926758,0.0,0.0,0,0,0.3976144790649414,2
8576,292.38317918777466,33.333630034650476,16.000032424926758,0.0,0.0,0,0,0.39946794509887695,2
8577,292.4111793041229,34.48213948058568,15.999794006347656,0.0,0.0,0,0,0.3976144790649414,2
8578,292.4411795139313,34.48270645784519,16.00050926208496,0.0,0.0,0,0,0.40003204345703125,2
8579,292.4691786766052,34.48355695869508,14.999628067016602,0.0,0.0,0,0,0.3976144790649414,2
8580,292.499178647995,33.33336512250753,16.999244689941406,0.0,0.0,0,0,0.39946794509887695,2
8581,292.5321841239929,31.24877256505964,16.000986099243164,0.0,0.0,0,0,0.3976144790649414,2
8582,292.5621793270111,32.258665907814894,16.00027084350586,0.0,0.0,0,0,0.3996291160583496,2
8583,292.59117889404297,34.483273453750215,16.00027084350586,0.0,0.0,0,0,0.3976144790649414,2
8584,292.6221787929535,32.2581697084362,16.99972152709961,0.0,0.0,0,0,0.3998708724975586,2
8585,292.6521873474121,33.323831088865056,17.008304595947266,0.0,0.0,0,0,0.3976144790649414,2
8586,292.6831862926483,33.335749483388966,16.000032424926758,0.0,0.0,0,0,0.39971017837524414,2
8587,292.71317887306213,32.26462149126518,16.999483108520508,0.0,0.0,0,0,0.3976144790649414,2
8588,292.74717926979065,30.302380522342233,18.00060272216797,0.0,0.0,0,0,0.39970970153808594,2
8589,292.77717900276184,32.258665907814894,16.00027084350586,0.0,0.0,0,0,0.3976144790649414,2
8590,292.80917859077454,31.250402336532158,17.999887466430664,0.0,0.0,0,0,0.3996305465698242,2
8591,292.84017872810364,32.25792161447117,15.999794006347656,0.0,0.0,0,0,0.3976144790649414,2
8592,292.8711807727814,33.33018650519306,16.002893447875977,0.0,0.0,0,0,0.3996701240539551,2
8593,292.9031789302826,30.305445769900505,14.999866485595703,0.0,0.0,0,0,0.3976144790649414,2
8594,292.93317914009094,33.33310021457522,16.00027084350586,0.0,0.0,0,0,0.39970970153808594,2
8595,292.9621789455414,34.482989953466955,13.99993896484375,0.0,0.0,0,0,0.3976144790649414,2
8596,292.99217915534973,33.33310021457522,16.00027084350586,0.0,0.0,0,0,0.40003204345703125,2
8597,293.020179271698,35.71413731150109,14.993667602539062,0.0,0.0,0,0,0.3976144790649414,2
8598,293.0531885623932,30.294501303710337,16.009807586669922,0.0,0.0,0,0,0.3996305465698242,2
8599,293.08317947387695,33.34343474493406,15.000581741333008,0.0,0.0,0,0,0.3976144790649414,2
8600,293.1141791343689,32.25841780621741,17.000198364257812,0.0,0.0,0,0,0.3996295928955078,2
8601,293.14417910575867,33.33336512250753,16.00027084350586,0.0,0.0,0,0,0.3976144790649414,2
8602,293.17418456077576,33.32727330515208,15.998363494873047,0.0,0.0,0,0,0.3996701240539551,2
8603,293.2021791934967,35.72113304604064,15.000104904174805,0.0,0.0,0,0,0.3976144790649414,2
8604,293.23117995262146,34.481855998947694,16.000986099243164,0.0,0.0,0,0,0.39970970153808594,2
8605,293.2631793022156,31.250635174905934,15.000104904174805,0.0,0.0,0,0,0.3976144790649414,2
8606,293.2951798439026,32.25841780621741,15.997648239135742,0.0,0.0,0,0,0.39971065521240234,2
8607,293.3241789340973,34.48270645784519,15.000104904174805,0.0,0.0,0,0,0.3976144790649414,2
8608,293.35317873954773,33.333630034650476,15.999794006347656,0.0,0.0,0,0,0.39971065521240234,2
8609,293.381178855896,35.71413731150109,15.000104904174805,0.0,0.0,0,0,0.3976144790649414,2
8610,293.4111793041229,34.48270645784519,16.000032424926758,0.0,0.0,0,0,0.39958953857421875,2
8611,293.43917870521545,34.482989953466955,14.999866485595703,0.0,0.0,0,0,0.3976144790649414,2
8612,293.4701819419861,32.25469674015857,17.00305938720703,0.0,0.0,0,0,0.3995485305786133,2
8613,293.4991788864136,34.4863922645574,14.999866485595703,0.0,0.0,0,0,0.3976144790649414,2
8614,293.52917861938477,33.333630034650476,16.999483108520508,0.0,0.0,0,0,0.39946794509887695,2
8615,293.5581796169281,35.71352911625214,15.000343322753906,0.0,0.0,0,0,0.3976144790649414,2
8616,293.5871787071228,33.333894951004154,16.000032424926758,0.0,0.0,0,0,0.39946794509887695,2
8617,293.61917996406555,31.24877256505964,15.001058578491211,0.0,0.0,0,0,0.3976144790649414,2
8618,293.65219283103943,30.29121950514928,18.013954162597656,0.0,0.0,0,0,0.39971017837524414,2
8619,293.68317890167236,32.272565690762896,16.99972152709961,0.0,0.0,0,0,0.3976144790649414,2
8620,293.7151789665222,31.249936670193268,17.999887466430664,0.0,0.0,0,0,0.3996305465698242,2
8621,293.74517941474915,33.33283531085345,17.000436782836914,0.0,0.0,0,0,0.3976144790649414,2
8622,293.7771792411804,31.250169501627962,17.998933792114258,0.0,0.0,0,0,0.3996100425720215,2
8623,293.8091793060303,31.249936670193268,17.000675201416016,0.0,0.0,0,0,0.3976144790649414,2
8624,293.8441789150238,28.571747763949347,19.99950408935547,0.0,0.0,0,0,0.3996100425720215,2
8625,293.87617921829224,31.249703842228,16.99995994567871,0.0,0.0,0,0,0.3976144790649414,2
8626,293.9091808795929,31.24947101773208,16.00050926208496,0.0,0.0,0,0,0.3996701240539551,2
8627,293.94117975234985,31.250402336532158,16.00027084350586,0.0,0.0,0,0,0.3976144790649414,2
8628,293.97418189048767,29.40956547957116,18.00251007080078,0.0,0.0,0,0,0.3996295928955078,2
8629,294.01018023490906,27.779055289162052,17.00139045715332,0.0,0.0,0,0,0.3976144790649414,2
8630,294.04317927360535,30.30391306860875,16.00027084350586,0.0,0.0,0,0,0.3995485305786133,2
8631,294.0751850605011,32.25196850393701,16.002416610717773,0.0,0.0,0,0,0.3976144790649414,2
8632,294.1081793308258,29.416784727384943,16.999483108520508,0.0,0.0,0,0,0.3996295928955078,2
8633,294.14217925071716,29.411834004179347,15.999078750610352,0.0,0.0,0,0,0.3976144790649414,2
8634,294.1761796474457,29.411421519129362,17.000675201416016,0.0,0.0,0,0,0.39970970153808594,2
8635,294.2081801891327,31.24947101773208,16.00050926208496,0.0,0.0,0,0,0.3976144790649414,2
8636,294.2421786785126,29.413071528751754,17.99941062927246,0.0,0.0,0,0,0.39958906173706055,2
8637,294.273179769516,33.3323055160411,15.00082015991211,0.0,0.0,0,0,0.3976144790649414,2
8638,294.3081829547882,28.56902317914626,18.00394058227539,0.0,0.0,0,0,0.3996701240539551,2
8639,294.3421792984009,28.574083536007958,16.00050926208496,0.0,0.0,0,0,0.3976144790649414,2
8640,294.3751788139343,30.303475182429015,16.99995994567871,0.0,0.0,0,0,0.39946794509887695,2
8641,294.40819215774536,30.290781985729556,16.007184982299805,0.0,0.0,0,0,0.3976144790649414,2
8642,294.44118189811707,30.312454379232342,17.001628875732422,0.0,0.0,0,0,0.39971017837524414,2
8643,294.4721791744232,33.335749483388966,15.00082015991211,0.0,0.0,0,0,0.3976144790649414,2
8644,294.499178647995,35.715657890255116,11.99960708618164,0.0,0.0,0,0,0.39858150482177734,1
8645,294.524178981781,39.99946594951316,11.00015640258789,0.0,0.0,0,0,0.3976140022277832,1
8646,294.5521800518036,35.7129209417174,8.001089096069336,0.0,0.0,1,0,0.3976140022277832,0
8647,294.5741879940033,47.62249926198424,4.999637603759766,0.0,0.0,0,0,0.3996891975402832,0
8648,294.6031844615936,34.48100558199949,7.000923156738281,0.0,0.0,1,0,0.3976140022277832,0
8649,294.62618017196655,41.66637526821903,6.00123405456543,0.0,0.0,0,0,0.3990445137023926,0
8650,294.6521797180176,38.462209995414945,7.00068473815918,0.0,0.0,1,0,0.3976140022277832,0
8651,294.682186126709,33.32621408593948,6.006479263305664,0.0,0.0,0,0,0.3990445137023926,0
8652,294.71118545532227,34.48355695869508,7.996797561645508,0.0,0.0,1,0,0.3976140022277832,0
8653,294.7361807823181,40.007478204467844,6.001472473144531,0.0,0.0,0,0,0.3990445137023926,0
8654,294.7661802768707,34.482989953466955,7.988452911376953,0.0,0.0,1,0,0.3976140022277832,0
8655,294.7891790866852,41.66927287719682,6.000041961669922,0.0,0.0,0,0,0.4010930061340332,0
8656,294.8181812763214,34.480155206997466,7.002353668212891,0.0,0.0,1,0,0.3976140022277832,0
8657,294.8441789150238,38.465031822600466,4.995822906494141,0.0,0.0,0,0,0.3990445137023926,0
8658,294.8731801509857,34.48128904965472,7.000923156738281,0.0,0.0,1,0,0.3976140022277832,0
8659,294.90018105506897,37.03579690949228,7.9975128173828125,0.0,0.0,0,0,0.40083742141723633,0
8660,294.93918561935425,26.31059812439231,8.004903793334961,0.0,0.0,1,0,0.3976140022277832,0
8661,294.9651834964752,37.04397438728196,6.001949310302734,0.0,0.0,0,0,0.4006843566894531,0
8662,294.99418592453003,34.4798717579843,5.99980354309082,0.0,0.0,1,0,0.3976140022277832,0
8663,295.02118015289307,37.04495592729328,6.00123405456543,0.0,0.0,0,0,0.3990445137023926,0
8664,295.0511817932129,33.33151085539909,7.002592086791992,0.0,0.0,1,0,0.3976140022277832,0
8665,295.07517886161804,41.671756862823024,5.000114440917969,0.0,0.0,0,0,0.4006228446960449,0
8666,295.1031792163849,37.03219996291751,6.0024261474609375,0.0,0.0,1,0,0.3976140022277832,0
8667,295.127179145813,40.00518866124909,5.00035285949707,0.0,0.0,0,0,0.4011197090148926,0
8668,295.1561801433563,34.48157252197075,7.000923156738281,0.0,0.0,1,0,0.3976140022277832,0
8669,295.1781802177429,45.45439176374966,5.001544952392578,0.0,0.0,0,0,0.400723934173584,0
8670,295.20717906951904,35.71535376414588,7.000446319580078,0.0,0.0,1,0,0.3976140022277832,0
8671,295.2291793823242,45.455376979181345,3.999948501586914,0.0,0.0,0,0,0.4006228446960449,0
8672,295.25617957115173,37.03612393928423,6.000757217407227,0.0,0.0,1,0,0.3976140022277832,0
8673,295.27717900276184,45.455869602913126,4.9953460693359375,0.0,0.0,0,0,0.4006228446960449,0
8674,295.3041799068451,37.03579690949228,5.992412567138672,0.0,0.0,1,0,0.3976140022277832,0
8675,295.3271818161011,43.474651989593376,6.002664566040039,0.0,0.0,0,0,0.4011197090148926,0
8676,295.35418367385864,37.03448884807601,7.004976272583008,0.0,0.0,1,0,0.3976140022277832,0
8677,295.3781793117523,41.67424114461722,5.00035285949707,0.0,0.0,0,0,0.3990445137023926,0
8678,295.4041814804077,38.458330658989006,6.002664566040039,0.0,0.0,1,0,0.3976140022277832,0
8679,295.4251799583435,47.62249926198424,5.001068115234375,0.0,0.0,0,0,0.3990445137023926,0
8680,295.4511799812317,40.00061036087587,5.000829696655273,0.0,0.0,1,0,0.3976140022277832,0
8681,295.4731819629669,43.47375076441505,4.998683929443359,0.0,0.0,0,0,0.3990445137023926,0
8682,295.49917912483215,38.46573734409391,5.997657775878906,0.0,0.0,1,0,0.3976140022277832,0
8683,295.5191786289215,50.00123980735301,3.999948501586914,0.0,0.0,0,0,0.400723934173584,0
8684,295.54518032073975,38.45903593467756,7.001638412475586,0.0,0.0,1,0,0.3976140022277832,0
8685,295.5671787261963,45.45784020462132,4.996776580810547,0.0,0.0,0,0,0.3990445137023926,0
8686,295.5931806564331,38.458683293599854,7.000923156738281,0.0,0.0,1,0,0.3976140022277832,0
8687,295.6141793727875,47.62195855804712,6.000280380249023,0.0,0.0,0,0,0.40076208114624023,0
8688,295.6391804218292,39.99832160363144,6.001472473144531,0.0,0.0,1,0,0.3976140022277832,0
8689,295.66317915916443,41.66885890838284,5.993843078613281,0.0,0.0,0,0,0.40105295181274414,0
8690,295.6891791820526,38.46150460330851,6.996870040893555,0.0,0.0,1,0,0.3976140022277832,0
8691,295.71117901802063,45.45488436612697,5.992650985717773,0.0,0.0,0,0,0.3990445137023926,0
8692,295.74118542671204,33.32621408593948,6.994724273681641,0.0,0.0,1,0,0.3976140022277832,0
8693,295.76818656921387,37.03546988547563,10.006189346313477,0.0,0.0,0,0,0.3990445137023926,0
8694,295.7961802482605,35.72234997530107,7.001161575317383,0.0,0.0,1,0,0.3976140022277832,0
8695,295.8301782608032,29.413484060084993,17.998933792114258,0.0,0.0,0,0,0.3976140022277832,0
8696,295.85619282722473,39.987644198684336,6.000757217407227,0.0,0.0,1,0,0.3976140022277832,0
8697,295.8761796951294,47.6333159197765,5.001068115234375,0.0,0.0,0,0,0.4006228446960449,0
8698,295.902179479599,38.4618572961275,6.000280380249023,0.0,0.0,1,0,0.3976140022277832,0
8699,295.9221839904785,49.988725344139205,5.005121231079102,0.0,0.0,0,0,0.3990445137023926,0
8700,295.94817996025085,40.00557023358736,6.001710891723633,0.0,0.0,1,0,0.3976140022277832,0
8701,295.97017908096313,43.48096161222438,5.99980354309082,0.0,0.0,0,0,0.3990445137023926,0
8702,295.9961802959442,38.459741236234265,6.001472473144531,0.0,0.0,1,0,0.3976140022277832,0
8703,296.0171785354614,47.623039978199905,5.99980354309082,0.0,0.0,0,0,0.400723934173584,0
8704,296.0421805381775,41.663891924108476,6.00123405456543,0.0,0.0,1,0,0.3976140022277832,0
8705,296.0611789226532,50.003028099331196,5.000114440917969,0.0,0.0,0,0,0.3990445137023926,0
8706,296.081179857254,49.99766360710454,6.000518798828125,0.0,0.0,1,0,0.3976140022277832,0
8707,296.1011788845062,50.00243198779238,4.995107650756836,0.0,0.0,0,0,0.3990445137023926,0
8708,296.12118005752563,49.99706762346378,6.000995635986328,0.0,0.0,1,0,0.3976140022277832,0
8709,296.1421785354614,47.62249926198424,5.999565124511719,0.0,0.0,0,0,0.40084266662597656,0
8710,296.16318011283875,47.615471068375584,7.001161575317383,0.0,0.0,1,0,0.3976140022277832,0
8711,296.1821792125702,52.63407288424857,5.000114440917969,0.0,0.0,0,0,0.4006814956665039,0
8712,296.2021791934967,52.630770582108845,6.000757217407227,0.0,0.0,1,0,0.3976140022277832,0
8713,296.22417998313904,43.47735588933462,6.00123405456543,0.0,0.0,0,0,0.3990445137023926,0
8714,296.24418020248413,49.999451643282036,6.00123405456543,0.0,0.0,1,0,0.3976140022277832,0
8715,296.272185087204,35.708056291024256,8.00013542175293,0.0,0.0,0,0,0.3990445137023926,0
8716,296.2921895980835,49.988725344139205,6.004571914672852,0.0,0.0,1,0,0.3976140022277832,0
8717,296.3121979236603,52.661167401157606,3.9954185485839844,0.0,0.0,0,0,0.3990445137023926,0
8718,296.33217906951904,47.61871459225031,6.000041961669922,0.0,0.0,1,0,0.3976140022277832,0
8719,296.3521795272827,52.63209145323813,4.999637603759766,0.0,0.0,0,0,0.40076208114624023,0
8720,296.37218046188354,47.615471068375584,7.001638412475586,0.0,0.0,1,0,0.3976140022277832,0
8721,296.39818572998047,38.45374699745127,5.006551742553711,0.0,0.0,0,0,0.3990478515625,0
8722,296.41818022727966,50.01376053802034,5.999088287353516,0.0,0.0,1,0,0.3976140022277832,0
8723,296.4381802082062,52.63407288424857,4.000425338745117,0.0,0.0,0,0,0.4006228446960449,0
8724,296.4721796512604,28.57116388060108,21.00062370300293,0.0,0.0,1,0,0.3976140022277832,0
8725,296.4931797981262,50.003028099331196,3.9985179901123047,0.0,0.0,0,0,0.3990445137023926,0
8726,296.5121793746948,49.99766360710454,6.000518798828125,0.0,0.0,1,0,0.3976140022277832,0
8727,296.531179189682,52.63209145323813,5.00035285949707,0.0,0.0,0,0,0.4006814956665039,0
8728,296.55118131637573,49.9946838309792,5.996227264404297,0.0,0.0,1,0,0.3976140022277832,0
8729,296.59017872810364,25.64272744502253,24.99985694885254,0.0,0.0,0,0,0.3976140022277832,0
8730,296.60917925834656,55.55369536423841,5.000591278076172,0.0,0.0,1,0,0.3976140022277832,0
8731,296.6281785964966,50.00183589046648,4.999876022338867,0.0,0.0,0,0,0.4006228446960449,0
8732,296.64918088912964,47.613849472130774,7.001638412475586,0.0,0.0,1,0,0.3976140022277832,0
8733,296.6681795120239,52.635393921140476,5.000829696655273,0.0,0.0,0,0,0.40148210525512695,0
8734,296.6891825199127,47.61222798633263,7.002353668212891,0.0,0.0,1,0,0.3976140022277832,0
8735,296.7101860046387,47.611147057154206,6.007194519042969,0.0,0.0,0,0,0.3990445137023926,0
8736,296.7311804294586,47.63169310787331,6.995201110839844,0.0,0.0,1,0,0.3976140022277832,0
8737,296.7541790008545,43.48096161222438,6.000041961669922,0.0,0.0,0,0,0.3990445137023926,0
8738,296.78018069267273,38.45903593467756,6.99615478515625,0.0,0.0,1,0,0.3976140022277832,0
8739,296.8011791706085,49.98634234706646,5.007505416870117,0.0,0.0,0,0,0.3990445137023926,0
8740,296.83118534088135,32.25891401322873,6.997823715209961,0.0,0.0,1,0,0.3976140022277832,0
8741,296.85117959976196,50.01435691970141,5.000829696655273,0.0,0.0,0,0,0.3990445137023926,0
8742,296.8811798095703,33.33310021457522,6.000757217407227,0.0,0.0,1,0,0.3976140022277832,0
8743,296.9011788368225,50.00243198779238,4.9991607666015625,0.0,0.0,0,0,0.40084266662597656,0
8744,296.9311809539795,33.33098110268758,6.002664566040039,0.0,0.0,1,0,0.3976140022277832,0
8745,296.95218086242676,47.61925522252498,5.00178337097168,0.0,0.0,0,0,0.40070343017578125,0
8746,296.9841809272766,31.249936670193268,7.0018768310546875,0.0,0.0,1,0,0.3976140022277832,0
8747,297.0061902999878,45.43518859544598,5.011081695556641,0.0,0.0,0,0,0.40064334869384766,0
8748,297.03818011283875,31.259951555803987,7.001161575317383,0.0,0.0,1,0,0.3976140022277832,0
8749,297.0591790676117,47.62141786638812,5.00035285949707,0.0,0.0,0,0,0.3990445137023926,0
8750,297.08318066596985,41.663891924108476,6.001472473144531,0.0,0.0,1,0,0.3976140022277832,0
8751,297.105185508728,45.444541957852536,5.006551742553711,0.0,0.0,0,0,0.4006228446960449,0
8752,297.1361846923828,33.33442479634413,5.999565124511719,0.0,0.0,1,0,0.3976140022277832,0
8753,297.15817880630493,43.4890766758256,5.99980354309082,0.0,0.0,0,0,0.40113306045532227,0
8754,297.1881811618805,33.33071623264647,5.998373031616211,0.0,0.0,1,0,0.3976140022277832,0
8755,297.2111794948578,43.48141236963779,5.999565124511719,0.0,0.0,0,0,0.3990445137023926,0
8756,297.2331795692444,45.45439176374966,6.000757217407227,0.0,0.0,1,0,0.3976140022277832,0
8757,297.2541787624359,47.620877187006826,4.999876022338867,0.0,0.0,0,0,0.3990445137023926,0
8758,297.27719020843506,43.456634582508784,6.011486053466797,0.0,0.0,1,0,0.3976140022277832,0
8759,297.2991795539856,45.47656944595034,5.000591278076172,0.0,0.0,0,0,0.3990445137023926,0
8760,297.3221797943115,43.477806571991295,7.000923156738281,0.0,0.0,1,0,0.3976140022277832,0
8761,297.3441789150238,47.58036119430076,4.018068313598633,0.0,0.0,0,0,0.4011197090148926,0
8762,297.36818170547485,40.02427619901903,6.002664566040039,0.0,0.0,1,0,0.3976140022277832,0
8763,297.3901798725128,47.62249926198424,5.001306533813477,0.0,0.0,0,0,0.3990445137023926,0
8764,297.4121823310852,45.455869602913126,6.000995635986328,0.0,0.0,1,0,0.3976140022277832,0
8765,297.4341790676117,45.455869602913126,4.989862442016602,0.0,0.0,0,0,0.3990445137023926,0
8766,297.45618534088135,43.4660918587299,6.999731063842773,0.0,0.0,1,0,0.3976140022277832,0
8767,297.4771785736084,47.63439785581247,4.9991607666015625,0.0,0.0,0,0,0.4006843566894531,0
8768,297.49817991256714,47.61601162500284,6.000995635986328,0.0,0.0,1,0,0.3976140022277832,0
8769,297.5191786289215,47.62195855804712,4.999876022338867,0.0,0.0,0,0,0.3990445137023926,0
8770,297.54118156433105,45.44848136790664,7.002830505371094,0.0,0.0,1,0,0.3976140022277832,0
8771,297.56218004226685,49.97919471884272,4.010677337646484,0.0,0.0,0,0,0.40105295181274414,0
8772,297.584180355072,43.49629260906988,6.000995635986328,0.0,0.0,1,0,0.3976140022277832,0
8773,297.60517978668213,47.620336519902814,5.000591278076172,0.0,0.0,0,0,0.4014763832092285,0
8774,297.62917971611023,41.666789187685644,6.000518798828125,0.0,0.0,1,0,0.3976140022277832,0
8775,297.6511836051941,47.62141786638812,3.999948501586914,0.0,0.0,0,0,0.40113306045532227,0
8776,297.675181388855,39.99565171785752,6.001949310302734,0.0,0.0,1,0,0.3976140022277832,0
8777,297.6991789340973,41.67092883470935,5.99980354309082,0.0,0.0,0,0,0.3990445137023926,0
8778,297.7221825122833,43.471497864930974,7.003545761108398,0.0,0.0,1,0,0.3976140022277832,0
8779,297.74517917633057,43.484567933233116,6.000280380249023,0.0,0.0,0,0,0.3990445137023926,0
8780,297.7691853046417,41.65602995361956,6.995439529418945,0.0,0.0,1,0,0.3976140022277832,0
8781,297.7921802997589,45.46720289650836,4.999876022338867,0.0,0.0,0,0,0.3990445137023926,0
8782,297.8151800632477,41.6651335591604,7.00068473815918,0.0,0.0,1,0,0.3976140022277832,0
8783,297.8391807079315,41.66554745395665,6.001949310302734,0.0,0.0,0,0,0.3990445137023926,0
8784,297.862179517746,43.48051086415658,6.000757217407227,0.0,0.0,1,0,0.3976140022277832,0
8785,297.88517904281616,43.47915867602393,5.993843078613281,0.0,0.0,0,0,0.3990445137023926,0
8786,297.9101815223694,39.996033108288515,6.0024261474609375,0.0,0.0,1,0,0.3976140022277832,0
8787,297.93317914009094,43.48276469795457,6.000518798828125,0.0,0.0,0,0,0.3990445137023926,0
8788,297.95617938041687,45.45291402067665,6.000757217407227,0.0,0.0,1,0,0.3976140022277832,0
8789,297.97817873954773,43.48051086415658,6.000041961669922,0.0,0.0,0,0,0.40105295181274414,0
8790,298.0011854171753,43.46564141890421,6.0062408447265625,0.0,0.0,1,0,0.3976140022277832,0
8791,298.02317929267883,45.46720289650836,5.000829696655273,0.0,0.0,0,0,0.4011063575744629,0
8792,298.0461790561676,45.45340659102485,6.00123405456543,0.0,0.0,1,0,0.3976140022277832,0
8793,298.0681788921356,43.48006012543409,5.000114440917969,0.0,0.0,0,0,0.3990445137023926,0
8794,298.091180562973,43.475102616194704,6.001472473144531,0.0,0.0,1,0,0.3976140022277832,0
8795,298.1131794452667,45.45685488241032,4.993677139282227,0.0,0.0,0,0,0.3990445137023926,0
8796,298.13518476486206,45.44355721204373,5.99980354309082,0.0,0.0,1,0,0.3976140022277832,0
8797,298.15617966651917,47.630611294700145,5.00035285949707,0.0,0.0,0,0,0.40064382553100586,0
8798,298.1823422908783,38.22246523411158,7.008075714111328,0.0,0.0,1,0,0.3976140022277832,0
8799,298.20533442497253,45.46966740384198,4.00090217590332,0.0,0.0,0,0,0.3990445137023926,0
8800,298.22733545303345,43.47735588933462,6.001472473144531,0.0,0.0,1,0,0.3976140022277832,0
8801,298.24933409690857,47.623039978199905,3.998279571533203,0.0,0.0,0,0,0.3990445137023926,0
8802,298.2713363170624,43.47330016583748,6.0024261474609375,0.0,0.0,1,0,0.3976140022277832,0
8803,298.29435563087463,43.44178146038322,6.0214996337890625,0.0,0.0,0,0,0.40105295181274414,0
8804,298.31733536720276,43.51660026560425,7.001399993896484,0.0,0.0,1,0,0.3976140022277832,0
8805,298.35533452033997,26.316375956832726,13.994455337524414,0.0,0.0,0,0,0.3976140022277832,0
8806,298.3773353099823,45.45291402067665,7.001399993896484,0.0,0.0,1,0,0.3976140022277832,0
8807,298.39833521842957,47.61925522252498,5.001544952392578,0.0,0.0,0,0,0.40064382553100586,0
8808,298.4203350543976,45.45488436612697,6.00123405456543,0.0,0.0,1,0,0.3976140022277832,0
8809,298.44133400917053,47.62141786638812,3.999471664428711,0.0,0.0,0,0,0.3990445137023926,0
8810,298.4663350582123,39.99832160363144,7.001161575317383,0.0,0.0,1,0,0.3976140022277832,0
8811,298.4873342514038,47.620877187006826,4.996299743652344,0.0,0.0,0,0,0.3990445137023926,0
8812,298.51033544540405,43.47600389742314,6.001710891723633,0.0,0.0,1,0,0.3976140022277832,0
8813,298.5313341617584,47.62195855804712,5.00035285949707,0.0,0.0,0,0,0.3990445137023926,0
8814,298.553334236145,47.61871459225031,5.000114440917969,0.0,0.0,1,0,0.3976140022277832,0
8815,298.5733337402344,47.620336519902814,4.999637603759766,0.0,0.0,0,0,0.4006843566894531,0
8816,298.59433460235596,47.61709277507833,5.000591278076172,0.0,0.0,1,0,0.3976140022277832,0
8817,298.6153337955475,47.620877187006826,3.9980411529541016,0.0,0.0,0,0,0.40070343017578125,0
8818,298.6383352279663,43.47555325213786,6.00123405456543,0.0,0.0,1,0,0.3976140022277832,0
8819,298.6623351573944,43.47690521602123,5.998134613037109,0.0,0.0,0,0,0.4014763832092285,0
8820,298.6853358745575,41.666789187685644,7.000923156738281,0.0,0.0,1,0,0.3976140022277832,0
8821,298.7093336582184,41.67051483299223,5.998849868774414,0.0,0.0,0,0,0.3990445137023926,0
8822,298.7363369464874,37.03252692918947,7.002353668212891,0.0,0.0,1,0,0.3976140022277832,0
8823,298.7593402862549,43.47194842614761,5.997657775878906,0.0,0.0,0,0,0.3990445137023926,0
8824,298.78333497047424,41.67589749704395,7.00068473815918,0.0,0.0,1,0,0.3976140022277832,0
8825,298.8083345890045,41.66720311537621,6.000757217407227,0.0,0.0,0,0,0.3990445137023926,0
8826,298.8323345184326,41.66554745395665,6.00123405456543,0.0,0.0,1,0,0.3976140022277832,0
8827,298.8543348312378,43.47915867602393,5.000114440917969,0.0,0.0,0,0,0.4015030860900879,0
8828,298.87833523750305,41.66596135697611,7.001161575317383,0.0,0.0,1,0,0.3976140022277832,0
8829,298.90033411979675,45.45685488241032,5.993843078613281,0.0,0.0,0,0,0.4006843566894531,0
8830,298.9233355522156,43.47555325213786,6.001472473144531,0.0,0.0,1,0,0.3976140022277832,0
8831,298.9463346004486,43.48006012543409,5.000591278076172,0.0,0.0,0,0,0.400723934173584,0
8832,298.9693353176117,43.47690521602123,6.00123405456543,0.0,0.0,1,0,0.3976140022277832,0
8833,298.9933364391327,43.478257263991544,6.00123405456543,0.0,0.0,0,0,0.40064334869384766,0
8834,299.019339799881,37.03089215556439,5.997419357299805,0.0,0.0,1,0,0.3976140022277832,0
8835,299.0433347225189,43.48727306659478,5.001068115234375,0.0,0.0,0,0,0.3990445137023926,0
8836,299.0653352737427,43.477806571991295,6.00123405456543,0.0,0.0,1,0,0.3976140022277832,0
8837,299.08833408355713,45.45734753817642,5.000114440917969,0.0,0.0,0,0,0.3990445137023926,0
8838,299.1113362312317,43.47600389742314,6.000995635986328,0.0,0.0,1,0,0.3976140022277832,0
8839,299.13333439826965,43.479609396056645,6.000518798828125,0.0,0.0,0,0,0.3990445137023926,0
8840,299.1553359031677,45.45143637368472,6.001949310302734,0.0,0.0,1,0,0.3976140022277832,0
8841,299.18334102630615,35.707752294359025,5.996227264404297,0.0,0.0,0,0,0.3976140022277832,0
8842,299.207337141037,41.673413017775,7.996797561645508,0.0,0.0,1,0,0.3976140022277832,0
8843,299.2293348312378,45.4593182680323,6.000518798828125,0.0,0.0,0,0,0.3990445137023926,0
8844,299.2523341178894,43.479609396056645,7.000207901000977,0.0,0.0,1,0,0.3976140022277832,0
8845,299.3083348274231,17.856916605643637,40.00067710876465,0.0,0.0,0,0,0.3976140022277832,0
8846,299.334335565567,38.46044656366054,6.001710891723633,0.0,0.0,1,0,0.3976140022277832,0
8847,299.35534286499023,47.60250139029179,5.008935928344727,0.0,0.0,0,0,0.4006843566894531,0
8848,299.3783338069916,43.49539048646182,6.999492645263672,0.0,0.0,1,0,0.3976140022277832,0
8849,299.399334192276,47.61817397425126,6.000518798828125,0.0,0.0,0,0,0.3990445137023926,0
8850,299.42134046554565,45.44158784845234,6.000757217407227,0.0,0.0,1,0,0.3976140022277832,0
8851,299.4413378238678,50.006605067064086,4.998207092285156,0.0,0.0,0,0,0.40064382553100586,0
8852,299.46233463287354,47.62628453336664,4.992246627807617,0.0,0.0,1,0,0.3976140022277832,0
8853,299.48336720466614,47.545303059501,5.033016204833984,0.0,0.0,0,0,0.4006638526916504,0
8854,299.50534200668335,45.506667100652066,6.000041961669922,0.0,0.0,1,0,0.3976140022277832,0
8855,299.5273368358612,47.637643958839696,4.999876022338867,0.0,0.0,0,0,0.40064334869384766,0
8856,299.5483384132385,47.61817397425126,4.9915313720703125,0.0,0.0,1,0,0.3976140022277832,0
8857,299.5683343410492,47.61871459225031,5.000114440917969,0.0,0.0,0,0,0.3990445137023926,0
8858,299.5933425426483,41.666789187685644,5.994558334350586,0.0,0.0,1,0,0.3976140022277832,0
8859,299.62033438682556,35.71413731150109,11.000394821166992,0.0,0.0,0,0,0.3976140022277832,0
8860,299.6423351764679,45.45291402067665,6.00123405456543,0.0,0.0,1,0,0.3976140022277832,0
8861,299.6643352508545,45.45439176374966,5.997419357299805,0.0,0.0,0,0,0.4006228446960449,0
8862,299.6853346824646,47.620336519902814,5.000591278076172,0.0,0.0,1,0,0.3976140022277832,0
8863,299.70933389663696,41.66803099543016,5.999088287353516,0.0,0.0,0,0,0.3990445137023926,0
8864,299.7333345413208,43.469245198934594,7.004737854003906,0.0,0.0,1,0,0.3976140022277832,0
8865,299.75533413887024,43.486822187662,5.997180938720703,0.0,0.0,0,0,0.40105295181274414,0
8866,299.78034019470215,39.990313015455314,8.999824523925781,0.0,0.0,1,0,0.3976140022277832,0
8867,299.80533504486084,41.676725722632376,5.000114440917969,0.0,0.0,0,0,0.3990445137023926,0
8868,299.82733511924744,43.47690521602123,6.000995635986328,0.0,0.0,1,0,0.3976140022277832,0
8869,299.8493344783783,45.455869602913126,5.00035285949707,0.0,0.0,0,0,0.3990445137023926,0
8870,299.87533712387085,38.45762540916718,7.003068923950195,0.0,0.0,1,0,0.3976140022277832,0
8871,299.8973345756531,45.45981097719587,5.000829696655273,0.0,0.0,0,0,0.3990445137023926,0
8872,299.92033529281616,43.47690521602123,5.999326705932617,0.0,0.0,1,0,0.3976140022277832,0
8873,299.94133400917053,49.99349201997688,4.003763198852539,0.0,0.0,0,0,0.4006228446960449,0
8874,299.9643347263336,43.484117110392305,6.000757217407227,0.0,0.0,1,0,0.3976140022277832,0
8875,299.98633551597595,43.47690521602123,6.001472473144531,0.0,0.0,0,0,0.4006638526916504,0
8876,300.0083358287811,45.45389917204907,6.001949310302734,0.0,0.0,1,0,0.3976140022277832,0
8877,300.03033471107483,47.62195855804712,4.994630813598633,0.0,0.0,0,0,0.40064382553100586,0
8878,300.0523340702057,45.45389917204907,6.000757217407227,0.0,0.0,1,0,0.3976140022277832,0
8879,300.0733337402344,45.45685488241032,4.999399185180664,0.0,0.0,0,0,0.4011063575744629,0
8880,300.0953347682953,45.45242146100413,6.000757217407227,0.0,0.0,1,0,0.3976140022277832,0
8881,300.1163341999054,49.96014436649077,4.016637802124023,0.0,0.0,0,0,0.4006009101867676,0
8882,300.1413357257843,38.483736890878895,6.001710891723633,0.0,0.0,1,0,0.3976140022277832,0
8883,300.1633343696594,47.62249926198424,4.993677139282227,0.0,0.0,0,0,0.40105295181274414,0
8884,300.1853356361389,43.47555325213786,6.994009017944336,0.0,0.0,1,0,0.3976140022277832,0
8885,300.2063343524933,47.62195855804712,4.995822906494141,0.0,0.0,0,0,0.40115976333618164,0
8886,300.2293367385864,43.47375076441505,6.002664566040039,0.0,0.0,1,0,0.3976140022277832,0
8887,300.25033617019653,47.620336519902814,5.002021789550781,0.0,0.0,0,0,0.4006843566894531,0
8888,300.27233481407166,45.45734753817642,7.000923156738281,0.0,0.0,1,0,0.3976140022277832,0
8889,300.2943341732025,45.455869602913126,5.99980354309082,0.0,0.0,0,0,0.3990445137023926,0
8890,300.31733536720276,43.47600389742314,7.001399993896484,0.0,0.0,1,0,0.3976140022277832,0
8891,300.33833384513855,47.62249926198424,4.999876022338867,0.0,0.0,0,0,0.4014763832092285,0
8892,300.3603355884552,45.45094384603715,6.001472473144531,0.0,0.0,1,0,0.3976140022277832,0
8893,300.38133454322815,47.62141786638812,5.000591278076172,0.0,0.0,0,0,0.40113306045532227,0
8894,300.4063398838043,39.991456903127386,6.000041961669922,0.0,0.0,1,0,0.3976140022277832,0
8895,300.42833399772644,45.46671002710027,4.999876022338867,0.0,0.0,0,0,0.40064334869384766,0
8896,300.4513349533081,45.45439176374966,5.99980354309082,0.0,0.0,1,0,0.3976140022277832,0
8897,300.47233605384827,45.45045132906386,5.002260208129883,0.0,0.0,0,0,0.40064382553100586,0
8898,300.4953348636627,45.45636223732267,6.001472473144531,0.0,0.0,1,0,0.3976140022277832,0
8899,300.51633405685425,45.45685488241032,4.999876022338867,0.0,0.0,0,0,0.3990445137023926,0
8900,300.5393342971802,45.45340659102485,5.996465682983398,0.0,0.0,1,0,0.3976140022277832,0
8901,300.56133365631104,43.48006012543409,5.999565124511719,0.0,0.0,0,0,0.4015030860900879,0
8902,300.58333921432495,45.44306485514312,6.003618240356445,0.0,0.0,1,0,0.3976140022277832,0
8903,300.60433554649353,47.627366150002835,5.00178337097168,0.0,0.0,0,0,0.40009212493896484,0
8904,300.62633514404297,45.455376979181345,6.00123405456543,0.0,0.0,1,0,0.3976140022277832,0
8905,300.6483347415924,47.62141786638812,5.000114440917969,0.0,0.0,0,0,0.3990445137023926,0
8906,300.67633509635925,34.48157252197075,7.000923156738281,0.0,0.0,1,0,0.3976140022277832,0
8907,300.6993405818939,43.46789371139576,5.995988845825195,0.0,0.0,0,0,0.3990445137023926,0
8908,300.7243342399597,41.67548339659387,8.001327514648438,0.0,0.0,1,0,0.3976140022277832,0
8909,300.7563445568085,30.294720115565188,5.003452301025391,0.0,0.0,0,0,0.3976140022277832,0
8910,300.7833342552185,37.051173555471145,6.999969482421875,0.0,0.0,1,0,0.3976140022277832,0
8911,300.8063349723816,43.47690521602123,6.000757217407227,0.0,0.0,0,0,0.3990445137023926,0
8912,300.8293399810791,45.45340659102485,6.000757217407227,0.0,0.0,1,0,0.3976140022277832,0
8913,300.8513340950012,43.48096161222438,4.999876022338867,0.0,0.0,0,0,0.40064382553100586,0
8914,300.8743345737457,43.47735588933462,6.000280380249023,0.0,0.0,1,0,0.3976140022277832,0
8915,300.89733481407166,43.477806571991295,4.998445510864258,0.0,0.0,0,0,0.4006843566894531,0
8916,300.92033529281616,43.47735588933462,6.00123405456543,0.0,0.0,1,0,0.3976140022277832,0
8917,300.9423339366913,47.62195855804712,3.999948501586914,0.0,0.0,0,0,0.40064382553100586,0
8918,300.9673354625702,38.4593885822223,6.001472473144531,0.0,0.0,1,0,0.3976140022277832,0
8919,300.99033427238464,43.48051086415658,6.000280380249023,0.0,0.0,0,0,0.400723934173584,0
8920,301.012335062027,45.45291402067665,6.000280380249023,0.0,0.0,1,0,0.3976140022277832,0
8921,301.0333340167999,47.62141786638812,4.999876022338867,0.0,0.0,0,0,0.3990445137023926,0
8922,301.0573356151581,41.663891924108476,7.001161575317383,0.0,0.0,1,0,0.3976140022277832,0
8923,301.0803349018097,45.44355721204373,5.007028579711914,0.0,0.0,0,0,0.3990445137023926,0
8924,301.1033344268799,41.67796812273938,6.000518798828125,0.0,0.0,1,0,0.3976140022277832,0
8925,301.1313376426697,37.03546988547563,5.9967041015625,0.0,0.0,0,0,0.3990445137023926,0
8926,301.1573362350464,37.03612393928423,7.000207901000977,0.0,0.0,1,0,0.3976140022277832,0
8927,301.18133521080017,41.668444947794036,5.000829696655273,0.0,0.0,0,0,0.400723934173584,0
8928,301.2063386440277,39.9945075902052,6.997108459472656,0.0,0.0,1,0,0.3976140022277832,0
8929,301.2483344078064,23.811925537773288,23.000001907348633,0.0,0.0,0,0,0.3976140022277832,0
8930,301.27533531188965,37.03579690949228,6.000995635986328,0.0,0.0,1,0,0.3976140022277832,0
8931,301.2993347644806,41.66761705129097,5.000829696655273,0.0,0.0,0,0,0.3990445137023926,0
8932,301.32333493232727,41.66637526821903,7.00068473815918,0.0,0.0,1,0,0.3976140022277832,0
8933,301.3463342189789,43.479609396056645,6.000280380249023,0.0,0.0,0,0,0.3990445137023926,0
8934,301.3703351020813,41.6651335591604,7.000923156738281,0.0,0.0,1,0,0.3976140022277832,0
8935,301.3933343887329,43.479609396056645,4.999399185180664,0.0,0.0,0,0,0.4011197090148926,0
8936,301.4183373451233,39.9952703347001,6.999731063842773,0.0,0.0,1,0,0.3976140022277832,0
8937,301.44233441352844,41.671756862823024,6.000280380249023,0.0,0.0,0,0,0.3990445137023926,0
8938,301.466335773468,41.664305794236554,7.001638412475586,0.0,0.0,1,0,0.3976140022277832,0
8939,301.50334000587463,27.023935776092575,6.003618240356445,0.0,0.0,0,0,0.3976140022277832,0
8940,301.5263350009918,43.48772395487724,6.000757217407227,0.0,0.0,1,0,0.3976140022277832,0
8941,301.5513346195221,41.66720311537621,6.000280380249023,0.0,0.0,0,0,0.3990445137023926,0
8942,301.5773344039917,38.4593885822223,6.001710891723633,0.0,0.0,1,0,0.3976140022277832,0
8943,301.6003336906433,41.67092883470935,5.999326705932617,0.0,0.0,0,0,0.3990445137023926,0
8944,301.6243348121643,43.47600389742314,6.000041961669922,0.0,0.0,1,0,0.3976140022277832,0
8945,301.64533495903015,45.45439176374966,5.000591278076172,0.0,0.0,0,0,0.4006843566894531,0
8946,301.6683440208435,43.46113753406489,6.009578704833984,0.0,0.0,1,0,0.3976140022277832,0
8947,301.692334651947,43.495841543088254,6.000757217407227,0.0,0.0,0,0,0.3990445137023926,0
8948,301.7153379917145,41.66099506342064,6.998777389526367,0.0,0.0,1,0,0.3976140022277832,0
8949,301.7393341064453,41.673413017775,6.99925422668457,0.0,0.0,0,0,0.3990445137023926,0
8950,301.7643358707428,39.9971773232251,7.001638412475586,0.0,0.0,1,0,0.3976140022277832,0
8951,301.78833651542664,43.47735588933462,5.000829696655273,0.0,0.0,0,0,0.3990445137023926,0
8952,301.8113350868225,41.66885890838284,7.00068473815918,0.0,0.0,1,0,0.3976140022277832,0
8953,301.83433413505554,43.48006012543409,5.993843078613281,0.0,0.0,0,0,0.3990445137023926,0
8954,301.8593351840973,39.99832160363144,6.00123405456543,0.0,0.0,1,0,0.3976140022277832,0
8955,301.8823354244232,43.477806571991295,4.984855651855469,0.0,0.0,0,0,0.3990445137023926,0
8956,301.9053404331207,45.44355721204373,6.003856658935547,0.0,0.0,1,0,0.3976140022277832,0
8957,301.92933416366577,40.01053133644949,4.997014999389648,0.0,0.0,0,0,0.3990445137023926,0
8958,301.9523346424103,45.45143637368472,6.001472473144531,0.0,0.0,1,0,0.3976140022277832,0
8959,301.9743344783783,43.48051086415658,6.000280380249023,0.0,0.0,0,0,0.3990445137023926,0
8960,301.99733448028564,45.45389917204907,6.000757217407227,0.0,0.0,1,0,0.3976140022277832,0
8961,302.0193340778351,43.479609396056645,6.000041961669922,0.0,0.0,0,0,0.3990445137023926,0
8962,302.0413362979889,45.44995882276451,6.002187728881836,0.0,0.0,1,0,0.3976140022277832,0
8963,302.0633432865143,45.44011093777085,5.00941276550293,0.0,0.0,0,0,0.4006843566894531,0
8964,302.0863358974457,43.49223335199817,6.99615478515625,0.0,0.0,1,0,0.3976140022277832,0
8965,302.1083345413208,45.45734753817642,5.000591278076172,0.0,0.0,0,0,0.3990445137023926,0
8966,302.1343402862549,39.98993173410625,5.9986114501953125,0.0,0.0,1,0,0.3976140022277832,0
8967,302.156334400177,43.490429480931546,5.9967041015625,0.0,0.0,0,0,0.3990445137023926,0
8968,302.17734241485596,47.6008806773044,5.008697509765625,0.0,0.0,1,0,0.3976140022277832,0
8969,302.19833397865295,47.63818501902436,3.999948501586914,0.0,0.0,0,0,0.400723934173584,0
8970,302.22033500671387,45.45242146100413,6.000995635986328,0.0,0.0,1,0,0.3976140022277832,0
8971,302.2413339614868,50.003028099331196,3.999471664428711,0.0,0.0,0,0,0.4006228446960449,0
8972,302.26233530044556,45.45143637368472,6.001472473144531,0.0,0.0,1,0,0.3976140022277832,0
8973,302.28333377838135,47.62249926198424,4.999876022338867,0.0,0.0,0,0,0.4006228446960449,0
8974,302.3043348789215,47.616552193903615,6.000995635986328,0.0,0.0,1,0,0.3976140022277832,0
8975,302.32533383369446,47.62141786638812,5.000114440917969,0.0,0.0,0,0,0.400723934173584,0
8976,302.347336769104,45.44848136790664,6.002902984619141,0.0,0.0,1,0,0.3976140022277832,0
8977,302.3683354854584,47.62195855804712,5.001544952392578,0.0,0.0,0,0,0.4010930061340332,0
8978,302.39333486557007,40.00099184588241,6.000995635986328,0.0,0.0,1,0,0.3976140022277832,0
8979,302.414333820343,50.00243198779238,3.999948501586914,0.0,0.0,0,0,0.400723934173584,0
8980,302.4353458881378,47.61817397425126,5.00035285949707,0.0,0.0,1,0,0.3976140022277832,0
8981,302.45533418655396,49.99110856843184,4.004001617431641,0.0,0.0,0,0,0.4006829261779785,0
8982,302.4753348827362,47.625743743470956,6.000757217407227,0.0,0.0,1,0,0.3976140022277832,0
8983,302.4973337650299,45.45685488241032,5.999326705932617,0.0,0.0,0,0,0.4006638526916504,0
8984,302.51833510398865,47.61601162500284,5.996227264404297,0.0,0.0,1,0,0.3976140022277832,0
8985,302.54033374786377,45.45734753817642,5.99980354309082,0.0,0.0,0,0,0.3990445137023926,0
8986,302.56133484840393,47.616552193903615,6.000757217407227,0.0,0.0,1,0,0.3976140022277832,0
8987,302.59233570098877,32.25717735547232,4.993438720703125,0.0,0.0,0,0,0.3976140022277832,0
8988,302.61433577537537,45.45439176374966,6.001710891723633,0.0,0.0,1,0,0.3976140022277832,0
8989,302.6353406906128,47.60790456407986,5.0067901611328125,0.0,0.0,0,0,0.40105295181274414,0
8990,302.66133546829224,38.46926533981473,7.001638412475586,0.0,0.0,1,0,0.3976140022277832,0
8991,302.6843340396881,43.48096161222438,6.000041961669922,0.0,0.0,0,0,0.40113306045532227,0
8992,302.7083351612091,43.47600389742314,7.000923156738281,0.0,0.0,1,0,0.3976140022277832,0
8993,302.7303342819214,43.48006012543409,6.000518798828125,0.0,0.0,0,0,0.3990445137023926,0
8994,302.7543351650238,41.6651335591604,8.001089096069336,0.0,0.0,1,0,0.3976140022277832,0
8995,302.77733516693115,43.478257263991544,6.000995635986328,0.0,0.0,0,0,0.3990445137023926,0
8996,302.8013336658478,43.48141236963779,5.997419357299805,0.0,0.0,1,0,0.3976140022277832,0
8997,302.82433462142944,43.474651989593376,4.999637603759766,0.0,0.0,0,0,0.40064334869384766,0
8998,302.84633445739746,43.48006012543409,5.994319915771484,0.0,0.0,1,0,0.3976140022277832,0
8999,302.86833572387695,45.451928912006935,5.001544952392578,0.0,0.0,0,0,0.40064382553100586,0
9000,302.8913359642029,43.477806571991295,6.001949310302734,0.0,0.0,1,0,0.3976140022277832,0
9001,302.920334815979,34.48412398257009,8.000850677490234,0.0,0.0,0,0,0.3976140022277832,0
9002,302.9463360309601,38.459741236234265,6.001710891723633,0.0,0.0,1,0,0.3976140022277832,0
9003,302.9743347167969,37.03612393928423,5.002737045288086,0.0,0.0,0,0,0.3990445137023926,0
9004,302.998334646225,40.00328090873542,6.000757217407227,0.0,0.0,1,0,0.3976140022277832,0
9005,303.0253338813782,38.46256270117103,3.9997100830078125,0.0,0.0,0,0,0.3990478515625,0
9006,303.0483365058899,41.662236525816,5.998134613037109,0.0,0.0,1,0,0.3976140022277832,0
9007,303.07634115219116,35.708360292865656,6.007194519042969,0.0,0.0,0,0,0.3976140022277832,0
9008,303.1003396511078,41.66927287719682,5.999326705932617,0.0,0.0,1,0,0.3976140022277832,0
9009,303.1283347606659,35.72052461250213,5.000591278076172,0.0,0.0,0,0,0.3976140022277832,0
9010,303.15133476257324,43.478257263991544,6.000757217407227,0.0,0.0,1,0,0.3976140022277832,0
9011,303.1793336868286,35.715657890255116,4.999876022338867,0.0,0.0,0,0,0.3976140022277832,0
9012,303.21033668518066,33.32780294000795,14.004230499267578,0.0,0.0,1,0,0.3976140022277832,0
9013,303.2373421192169,35.70988037971989,6.008148193359375,0.0,0.0,0,0,0.3990445137023926,0
9014,303.2603347301483,43.49223335199817,6.000757217407227,0.0,0.0,1,0,0.3976140022277832,0
9015,303.28833413124084,35.715049643216,6.000280380249023,0.0,0.0,0,0,0.3990507125854492,0
9016,303.312335729599,41.663891924108476,6.001472473144531,0.0,0.0,1,0,0.3976144790649414,0
9017,303.3403353691101,35.714745527465325,6.001472473144531,0.0,0.0,0,0,0.3976144790649414,0
9018,303.3633351325989,45.45488436612697,6.001472473144531,0.0,0.0,1,0,0.3976144790649414,0
9019,303.3903341293335,35.715657890255116,4.993915557861328,0.0,0.0,0,0,0.3976144790649414,0
9020,303.41633701324463,38.457272793955845,6.003141403198242,0.0,0.0,1,0,0.3976144790649414,0
9021,303.4433345794678,37.04037585220248,5.000591278076172,0.0,0.0,0,0,0.3976144790649414,0
9022,303.4663338661194,45.451928912006935,5.001544952392578,0.0,0.0,1,0,0.3976144790649414,0
9023,303.4933350086212,35.71535376414588,5.001068115234375,0.0,0.0,0,0,0.3976144790649414,0
9024,303.51734018325806,43.477806571991295,7.001161575317383,0.0,0.0,1,0,0.3976144790649414,0
9025,303.5453345775604,35.71596202154383,4.999876022338867,0.0,0.0,0,0,0.3990449905395508,0
9026,303.56833481788635,41.6651335591604,6.000757217407227,0.0,0.0,1,0,0.3976144790649414,0
9027,303.5963337421417,35.715657890255116,5.000114440917969,0.0,0.0,0,0,0.3976144790649414,0
9028,303.62033581733704,41.663064208518755,6.001710891723633,0.0,0.0,1,0,0.3976144790649414,0
9029,303.6473343372345,37.039067467326035,5.000591278076172,0.0,0.0,0,0,0.3976144790649414,0
9030,303.6723349094391,39.99908449361053,6.00123405456543,0.0,0.0,1,0,0.3976144790649414,0
9031,303.70433473587036,31.250169501627962,6.000757217407227,0.0,0.0,0,0,0.3976144790649414,0
9032,303.72833609580994,41.664305794236554,5.997896194458008,0.0,0.0,1,0,0.3976144790649414,0
9033,303.7573344707489,34.48469102509291,6.000280380249023,0.0,0.0,0,0,0.3976144790649414,0
9034,303.7803359031677,43.47555325213786,7.002115249633789,0.0,0.0,1,0,0.3976144790649414,0
9035,303.8093430995941,34.474203756215836,4.000425338745117,0.0,0.0,0,0,0.3976144790649414,0
9036,303.833340883255,43.49358635350236,5.001068115234375,0.0,0.0,1,0,0.3976144790649414,0
9037,303.8613350391388,34.48270645784519,3.9997100830078125,0.0,0.0,0,0,0.3990449905395508,0
9038,303.8863344192505,40.00099184588241,6.000518798828125,0.0,0.0,1,0,0.3976144790649414,0
9039,303.9153344631195,34.48270645784519,6.000518798828125,0.0,0.0,0,0,0.3976144790649414,0
9040,303.9393355846405,41.66471967258712,6.001710891723633,0.0,0.0,1,0,0.3976144790649414,0
9041,303.96733379364014,35.71657029966023,4.999876022338867,0.0,0.0,0,0,0.3976144790649414,0
9042,303.991334438324,41.66554745395665,6.000518798828125,0.0,0.0,1,0,0.3976144790649414,0
9043,304.01833391189575,37.03775917487902,5.000114440917969,0.0,0.0,0,0,0.3990449905395508,0
9044,304.04133582115173,43.474651989593376,6.001710891723633,0.0,0.0,1,0,0.3976144790649414,0
9045,304.0673382282257,38.45797803084484,5.004405975341797,0.0,0.0,0,0,0.3990511894226074,0
9046,304.09034276008606,45.44700400910175,4.9991607666015625,0.0,0.0,1,0,0.3976144790649414,0
9047,304.1173346042633,37.0475736216369,5.00035285949707,0.0,0.0,0,0,0.3976140022277832,0
9048,304.14033603668213,41.66347806220262,6.000995635986328,0.0,0.0,1,0,0.3976140022277832,0
9049,304.1663348674774,38.46326813208983,4.000663757324219,0.0,0.0,0,0,0.3990478515625,0
9050,304.1903350353241,41.66637526821903,6.000757217407227,0.0,0.0,1,0,0.3976140022277832,0
9051,304.21633768081665,38.45762540916718,6.003856658935547,0.0,0.0,0,0,0.3990445137023926,0
9052,304.23834705352783,45.43518859544598,6.012916564941406,0.0,0.0,1,0,0.3976140022277832,0
9053,304.26433420181274,40.01854802545583,5.001544952392578,0.0,0.0,0,0,0.3990492820739746,0
9054,304.2863357067108,43.477806571991295,6.001710891723633,0.0,0.0,1,0,0.3976140022277832,0
9055,304.31233406066895,38.463973588885324,4.999637603759766,0.0,0.0,0,0,0.3990445137023926,0
9056,304.3348457813263,44.42130458266699,6.002902984619141,0.0,0.0,1,0,0.3976144790649414,0
9057,304.35984468460083,40.001754837725194,5.002021789550781,0.0,0.0,0,0,0.3990488052368164,0
9058,304.3823664188385,44.40155404761653,6.002902984619141,0.0,0.0,1,0,0.3976144790649414,0
9059,304.40836453437805,40.00442553840871,4.986047744750977,0.0,0.0,0,0,0.3990449905395508,0
9060,304.4303662776947,43.47330016583748,6.002902984619141,0.0,0.0,1,0,0.3976144790649414,0
9061,304.45636320114136,38.46609011454617,4.999637603759766,0.0,0.0,0,0,0.3990516662597656,0
9062,304.4813652038574,39.9967959109721,7.001638412475586,0.0,0.0,1,0,0.3976144790649414,0
9063,304.5083637237549,37.039067467326035,5.000114440917969,0.0,0.0,0,0,0.3990488052368164,0
9064,304.5323646068573,41.6651335591604,6.000995635986328,0.0,0.0,1,0,0.3976144790649414,0
9065,304.5583634376526,38.46326813208983,5.00035285949707,0.0,0.0,0,0,0.3990483283996582,0
9066,304.58137106895447,45.45340659102485,5.00035285949707,0.0,0.0,1,0,0.3976144790649414,0
9067,304.60836362838745,35.714745527465325,5.000114440917969,0.0,0.0,0,0,0.3990492820739746,0
9068,304.6333644390106,39.99870304498336,6.998300552368164,0.0,0.0,1,0,0.3976144790649414,0
9069,304.66236424446106,34.482989953466955,6.000280380249023,0.0,0.0,0,0,0.39905309677124023,0
9070,304.6893651485443,37.03579690949228,6.998777389526367,0.0,0.0,1,0,0.3976144790649414,0
9071,304.718364238739,34.483840468301665,6.000757217407227,0.0,0.0,0,0,0.39905309677124023,0
9072,304.7473647594452,34.48213948058568,9.000062942504883,0.0,0.0,1,0,0.3976144790649414,0
9073,304.7773652076721,33.33283531085345,5.99980354309082,0.0,0.0,0,0,0.3990516662597656,0
9074,304.80636620521545,34.48157252197075,8.002281188964844,0.0,0.0,1,0,0.3976144790649414,0
9075,304.8383638858795,31.252265140677157,6.000041961669922,0.0,0.0,0,0,0.39905405044555664,0
9076,304.864364862442,38.460093896713616,7.001161575317383,0.0,0.0,1,0,0.39767885208129883,0
9077,304.89336371421814,34.48412398257009,4.995584487915039,0.0,0.0,0,0,0.40083980560302734,0
9078,304.9203655719757,37.03448884807601,7.0018768310546875,0.0,0.0,1,0,0.39920759201049805,0
9079,304.9483640193939,37.0393945548795,5.00035285949707,0.0,0.0,0,0,0.4002037048339844,0
9080,304.9743661880493,38.45903593467756,6.001949310302734,0.0,0.0,1,0,0.4007267951965332,0
9081,305.0023639202118,34.48469102509291,6.000280380249023,0.0,0.0,0,0,0.3992757797241211,0
9082,305.0263648033142,41.6651335591604,6.000280380249023,0.0,0.0,1,0,0.4007587432861328,0
9083,305.0563688278198,33.32886226022281,6.005048751831055,0.0,0.0,1,0,0.39933300018310547,0
9084,305.08236503601074,38.467148464727245,7.001161575317383,0.0,0.0,1,0,0.40221309661865234,0
9085,305.11236453056335,33.333894951004154,6.000757217407227,0.0,0.0,1,0,0.3993406295776367,0
9086,305.14036989212036,37.03481585476764,6.0024261474609375,0.0,0.0,1,0,0.3994302749633789,0
9087,305.17036390304565,32.260402725860295,5.9986114501953125,0.0,0.0,0,0,0.39957141876220703,0
9088,305.19936990737915,34.4756205819497,7.002115249633789,0.0,0.0,1,0,0.39961910247802734,0
9089,305.23236417770386,30.308292626528313,10.000467300415039,0.0,0.0,0,0,0.3976144790649414,1
9090,305.2613639831543,34.482989953466955,12.000322341918945,0.0,0.0,0,0,0.3990650177001953,1
9091,305.2963635921478,28.571747763949347,9.999990463256836,0.0,0.0,0,0,0.3976144790649414,1
9092,305.32437086105347,35.705016557277965,11.000633239746094,0.0,0.0,0,0,0.3980979919433594,1
9093,305.3563644886017,32.26412510865468,9.001493453979492,0.0,0.0,0,0,0.3976144790649414,1
9094,305.3843638896942,34.48412398257009,11.00015640258789,0.0,0.0,0,0,0.3980979919433594,1
9095,305.4153640270233,32.25792161447117,10.000944137573242,0.0,0.0,0,0,0.3976144790649414,1
9096,305.4463646411896,33.33336512250753,10.99705696105957,0.0,0.0,0,0,0.3980979919433594,1
9097,305.4743654727936,34.48100558199949,8.996248245239258,0.0,0.0,0,0,0.3976144790649414,1
9098,305.50437808036804,33.31933080186206,11.014461517333984,0.0,0.0,0,0,0.3980979919433594,1
9099,305.53337121009827,34.49092972386231,9.002208709716797,0.0,0.0,0,0,0.3976144790649414,1
9100,305.56036353111267,37.0475736216369,10.999917984008789,0.0,0.0,0,0,0.39858150482177734,1
9101,305.5923640727997,32.248744819738434,10.008811950683594,0.0,0.0,0,0,0.3976144790649414,1
9102,305.6193645000458,35.72447980103401,11.001110076904297,0.0,0.0,0,0,0.3990650177001953,1
9103,305.64836406707764,34.483273453750215,10.00070571899414,0.0,0.0,0,0,0.3976144790649414,1
9104,305.6773636341095,34.483273453750215,10.994195938110352,0.0,0.0,0,0,0.39858150482177734,1
9105,305.71036410331726,30.302599448032712,12.000560760498047,0.0,0.0,0,0,0.3976144790649414,1
9106,305.7403645515442,34.48157252197075,12.001752853393555,0.0,0.0,0,0,0.39858150482177734,1
9107,305.77336525917053,29.411627760208123,10.997772216796875,0.0,0.0,0,0,0.3976144790649414,1
9108,305.8033709526062,33.3270084940367,12.007713317871094,0.0,0.0,0,0,0.3980979919433594,1
9109,305.8343653678894,32.26387692307692,9.001016616821289,0.0,0.0,0,0,0.3976144790649414,1
9110,305.86536979675293,32.253456575567895,12.006521224975586,0.0,0.0,0,0,0.39858150482177734,1
9111,305.8973639011383,31.255758497090014,10.00070571899414,0.0,0.0,0,0,0.3976144790649414,1
9112,305.925363779068,35.714441416893735,11.000394821166992,0.0,0.0,0,0,0.3980979919433594,1
9113,305.95536947250366,33.3270084940367,9.999990463256836,0.0,0.0,0,0,0.3976144790649414,1
9114,305.9833643436432,35.72082882668052,11.000871658325195,0.0,0.0,0,0,0.3980979919433594,1
9115,306.01437067985535,32.25147251057286,9.932279586791992,0.0,0.0,0,0,0.3976144790649414,1
9116,306.0453677177429,33.337604222139205,12.002229690551758,0.0,0.0,0,0,0.3976144790649414,1
9117,306.0743646621704,33.335749483388966,9.001016616821289,0.0,0.0,0,0,0.3976144790649414,1
9118,306.10142636299133,36.952592396810715,10.995149612426758,0.0,0.0,0,0,0.39858150482177734,1
9119,306.13042759895325,34.48128904965472,9.999752044677734,0.0,0.0,0,0,0.3976144790649414,1
9120,306.1563663482666,38.552359943012085,9.915351867675781,0.0,0.0,0,0,0.3980979919433594,1
9121,306.1914577484131,29.345161967396628,15.062093734741211,0.0,0.0,0,0,0.3976144790649414,1
9122,306.2193784713745,34.56027422092583,9.989738464355469,0.0,0.0,0,0,0.3980979919433594,1
9123,306.2493784427643,33.33336512250753,11.00015640258789,0.0,0.0,0,0,0.3976144790649414,1
9124,306.2773778438568,35.715049643216,10.994672775268555,0.0,0.0,0,0,0.3980979919433594,1
9125,306.3063781261444,34.482422966884805,9.000062942504883,0.0,0.0,0,0,0.3976144790649414,1
9126,306.33339071273804,37.01977952144326,10.995149612426758,0.0,0.0,0,0,0.3980979919433594,1
9127,306.3653779029846,32.27057927415694,9.000778198242188,0.0,0.0,0,0,0.3976144790649414,1
9128,306.3914432525635,36.94868609987931,11.065483093261719,0.0,0.0,0,0,0.3980979919433594,1
9129,306.4193799495697,35.79521228931086,9.001731872558594,0.0,0.0,0,0,0.3976144790649414,1
9130,306.4463794231415,37.03775917487902,11.0015869140625,0.0,0.0,0,0,0.3980979919433594,1
9131,306.47637915611267,34.48270645784519,9.00125503540039,0.0,0.0,0,0,0.3976144790649414,1
9132,306.50437784194946,34.48469102509291,11.00015640258789,0.0,0.0,0,0,0.39858150482177734,1
9133,306.5333788394928,34.48157252197075,9.994745254516602,0.0,0.0,0,0,0.3976144790649414,1
9134,306.5763809680939,23.25466279301856,16.00050926208496,0.0,0.0,0,0,0.3998708724975586,1
9135,306.6143856048584,27.0206279875794,11.010408401489258,0.0,0.0,0,0,0.3976144790649414,1
9136,306.64638113975525,30.310920968954154,12.992382049560547,0.0,0.0,0,0,0.3998708724975586,1
9137,306.6813793182373,28.572915602242613,12.00103759765625,0.0,0.0,0,0,0.3976144790649414,1
9138,306.7143864631653,30.296470724202194,13.008356094360352,0.0,0.0,0,0,0.39858150482177734,1
9139,306.74537801742554,32.26685540203711,10.999917984008789,0.0,0.0,0,0,0.3976144790649414,1
9140,306.7763786315918,33.33336512250753,12.000083923339844,0.0,0.0,0,0,0.3980979919433594,1
9141,306.8043785095215,34.48213948058568,11.000394821166992,0.0,0.0,0,0,0.3976144790649414,1
9142,306.8373785018921,31.250169501627962,10.993719100952148,0.0,0.0,0,0,0.3980979919433594,1
9143,306.8703787326813,30.301504851212623,11.979818344116211,0.0,0.0,0,0,0.3976144790649414,1
9144,306.9033818244934,29.41018413339504,12.995481491088867,0.0,0.0,0,0,0.4024496078491211,1
9145,306.93838763237,29.407709674252942,12.002706527709961,0.0,0.0,0,0,0.3976144790649414,1
9146,306.96737813949585,33.34263955355581,10.999917984008789,0.0,0.0,0,0,0.3980979919433594,1
9147,306.9973831176758,33.32780294000795,10.000228881835938,0.0,0.0,0,0,0.3976144790649414,1
9148,307.0283842086792,32.25692927677116,11.005878448486328,0.0,0.0,0,0,0.3980979919433594,1
9149,307.06238651275635,29.40977169462052,10.006427764892578,0.0,0.0,0,0,0.3976144790649414,1
9150,307.0953781604767,31.258087835269745,13.993978500366211,0.0,0.0,0,0,0.3980979919433594,1
9151,307.1273784637451,31.24877256505964,9.001970291137695,0.0,0.0,0,0,0.3976144790649414,1
9152,307.1573784351349,32.259162122459024,11.998176574707031,0.0,0.0,0,0,0.3980979919433594,1
9153,307.181378364563,41.666789187685644,9.000301361083984,0.0,0.0,0,0,0.3976144790649414,1
9154,307.2103843688965,34.4756205819497,10.006189346313477,0.0,0.0,0,0,0.3980979919433594,1
9155,307.23237800598145,45.467695776602206,6.999969482421875,0.0,0.0,0,0,0.3976140022277832,0
9156,307.2563796043396,41.663891924108476,6.001710891723633,0.0,0.0,1,0,0.3976140022277832,0
9157,307.2773873806,47.60142090270448,5.009889602661133,0.0,0.0,0,0,0.3976140022277832,0
9158,307.3013846874237,41.67134284465286,7.000923156738281,0.0,0.0,1,0,0.3976140022277832,0
9159,307.32237792015076,47.63439785581247,4.000186920166016,0.0,0.0,0,0,0.3976140022277832,0
9160,307.3493797779083,37.03448884807601,6.001949310302734,0.0,0.0,1,0,0.3976140022277832,0
9161,307.37137842178345,47.62141786638812,5.000829696655273,0.0,0.0,0,0,0.3976144790649414,0
9162,307.3955955505371,39.65607420083769,5.991935729980469,0.0,0.0,1,0,0.3976144790649414,0
9163,307.4165949821472,47.620336519902814,5.001306533813477,0.0,0.0,0,0,0.3976140022277832,0
9164,307.44359493255615,37.0371050633135,5.99360466003418,0.0,0.0,1,0,0.3976140022277832,0
9165,307.46859431266785,40.00099184588241,5.000591278076172,0.0,0.0,0,0,0.3976140022277832,0
9166,307.49659967422485,35.70744830286984,7.000446319580078,0.0,0.0,1,0,0.3976140022277832,0
9167,307.51959347724915,43.4899785365449,3.9992332458496094,0.0,0.0,0,0,0.3990478515625,0
9168,307.5476002693176,35.70562446262418,5.999565124511719,0.0,0.0,1,0,0.3976140022277832,0
9169,307.5725939273834,40.010149669468,4.992008209228516,0.0,0.0,0,0,0.3990445137023926,0
9170,307.59759521484375,39.99794016955456,7.001638412475586,0.0,0.0,1,0,0.3976140022277832,0
9171,307.62159419059753,41.668444947794036,6.000518798828125,0.0,0.0,0,0,0.3990478515625,0
9172,307.65060019493103,35.7038008086827,7.009029388427734,0.0,0.0,1,0,0.3976140022277832,0
9173,307.6775941848755,35.72478408258522,5.000829696655273,0.0,0.0,0,0,0.3976140022277832,0
9174,307.7065944671631,34.482422966884805,7.000446319580078,0.0,0.0,1,0,0.3976140022277832,0
9175,307.7325942516327,38.4618572961275,6.000757217407227,0.0,0.0,0,0,0.3976140022277832,0
9176,307.7625961303711,34.482422966884805,6.000995635986328,0.0,0.0,1,0,0.3976140022277832,0
9177,307.78759360313416,38.46291541339593,5.999565124511719,0.0,0.0,0,0,0.3976140022277832,0
9178,307.8175938129425,34.48128904965472,6.00123405456543,0.0,0.0,1,0,0.3976140022277832,0
9179,307.8385953903198,45.45340659102485,4.001617431640625,0.0,0.0,0,0,0.3990445137023926,0
9180,307.8675956726074,34.482422966884805,6.001710891723633,0.0,0.0,1,0,0.3976140022277832,0
9181,307.8895959854126,45.45389917204907,5.001544952392578,0.0,0.0,0,0,0.4006638526916504,0
9182,307.91459441185,40.002517858675645,6.000518798828125,0.0,0.0,1,0,0.3976140022277832,0
9183,307.9355938434601,47.620336519902814,5.000114440917969,0.0,0.0,0,0,0.40064334869384766,0
9184,307.9635944366455,35.71352911625214,6.000518798828125,0.0,0.0,1,0,0.3976140022277832,0
9185,307.9885940551758,40.00061036087587,5.00035285949707,0.0,0.0,0,0,0.3990478515625,0
9186,308.0175940990448,34.48270645784519,6.000518798828125,0.0,0.0,1,0,0.3976140022277832,0
9187,308.0395941734314,47.620336519902814,3.999948501586914,0.0,0.0,0,0,0.40113306045532227,0
9188,308.06759428977966,34.481855998947694,6.000518798828125,0.0,0.0,1,0,0.3976140022277832,0
9189,308.08859372138977,47.620336519902814,3.999471664428711,0.0,0.0,0,0,0.3990445137023926,0
9190,308.1155960559845,37.03383485201667,5.001068115234375,0.0,0.0,1,0,0.3976140022277832,0
9191,308.1415944099426,40.00328090873542,5.00035285949707,0.0,0.0,0,0,0.3990445137023926,0
9192,308.1695947647095,34.481855998947694,6.000280380249023,0.0,0.0,1,0,0.3976140022277832,0
9193,308.19059348106384,47.62195855804712,3.9997100830078125,0.0,0.0,0,0,0.4006829261779785,0
9194,308.21560049057007,39.98878793368101,7.00688362121582,0.0,0.0,1,0,0.3976140022277832,0
9195,308.2385938167572,43.490880434669904,5.00035285949707,0.0,0.0,0,0,0.3990445137023926,0
9196,308.2665994167328,37.03481585476764,6.001710891723633,0.0,0.0,1,0,0.3976140022277832,0
9197,308.2946012020111,34.475903961071516,5.999088287353516,0.0,0.0,0,0,0.3976140022277832,0
9198,308.32159972190857,37.039067467326035,6.000041961669922,0.0,0.0,1,0,0.3976140022277832,0
9199,308.34259581565857,47.627906976744185,4.938364028930664,0.0,0.0,0,0,0.3990445137023926,0
9200,308.37168765068054,34.37390591706278,6.507635116577148,0.0,0.0,1,0,0.3976144790649414,0
9201,308.39268612861633,47.62249926198424,4.999399185180664,0.0,0.0,0,0,0.4011201858520508,0
9202,308.420695066452,35.702889051567105,6.000280380249023,0.0,0.0,1,0,0.3976140022277832,0
9203,308.4436867237091,43.49403737271087,4.927635192871094,0.0,0.0,0,0,0.3990445137023926,0
9204,308.47168731689453,37.036450974851654,5.000591278076172,0.0,0.0,1,0,0.3976140022277832,0
9205,308.49368715286255,43.478257263991544,6.000757217407227,0.0,0.0,0,0,0.3990445137023926,0
9206,308.51670002937317,43.45393325943039,6.013631820678711,0.0,0.0,1,0,0.3976140022277832,0
9207,308.53868651390076,47.65117415162291,3.999471664428711,0.0,0.0,0,0,0.40105295181274414,0
9208,308.5686869621277,33.332570411342104,6.000041961669922,0.0,0.0,1,0,0.3976144790649414,0
9209,308.5906882286072,43.475102616194704,6.001710891723633,0.0,0.0,0,0,0.3990449905395508,0
9210,308.61968779563904,34.483273453750215,6.00123405456543,0.0,0.0,1,0,0.3976140022277832,0
9211,308.64168667793274,47.620877187006826,5.00035285949707,0.0,0.0,0,0,0.4011063575744629,0
9212,308.67168736457825,32.25767352432224,7.000923156738281,0.0,0.0,1,0,0.3976140022277832,0
9213,308.69568824768066,41.6651335591604,6.001710891723633,0.0,0.0,0,0,0.3990445137023926,0
9214,308.726687669754,32.258665907814894,8.001565933227539,0.0,0.0,1,0,0.3976140022277832,0
9215,308.7506866455078,41.668444947794036,5.992650985717773,0.0,0.0,0,0,0.3990445137023926,0
9216,308.78268790245056,31.24877256505964,7.001161575317383,0.0,0.0,1,0,0.3976140022277832,0
9217,308.80568861961365,43.47690521602123,6.001949310302734,0.0,0.0,0,0,0.3990445137023926,0
9218,308.83068776130676,40.00137333816545,6.00123405456543,0.0,0.0,1,0,0.3976140022277832,0
9219,308.85268688201904,45.45636223732267,5.00035285949707,0.0,0.0,0,0,0.400723934173584,0
9220,308.8826868534088,34.480155206997466,6.0024261474609375,0.0,0.0,1,0,0.3976140022277832,0
9221,308.9066860675812,40.004807096189616,5.000114440917969,0.0,0.0,0,0,0.3990445137023926,0
9222,308.93668818473816,34.48157252197075,6.000041961669922,0.0,0.0,1,0,0.3976144790649414,0
9223,308.9596929550171,41.65644366756714,6.0062408447265625,0.0,0.0,0,0,0.4006643295288086,0
9224,308.9896876811981,33.33919416248698,6.000995635986328,0.0,0.0,1,0,0.3976144790649414,0
9225,309.0136876106262,41.666789187685644,6.000041961669922,0.0,0.0,0,0,0.4015035629272461,0
9226,309.04368829727173,34.48043866067098,6.002187728881836,0.0,0.0,1,0,0.3976140022277832,0
9227,309.0676863193512,40.00518866124909,4.999637603759766,0.0,0.0,0,0,0.3990445137023926,0
9228,309.0956871509552,35.713225026395556,6.000995635986328,0.0,0.0,1,0,0.3976140022277832,0
9229,309.12068700790405,40.00022888314562,4.999637603759766,0.0,0.0,0,0,0.3990445137023926,0
9230,309.1446866989136,43.47194842614761,5.00035285949707,0.0,0.0,1,0,0.3976140022277832,0
9231,309.1696922779083,40.006333400101106,4.999876022338867,0.0,0.0,0,0,0.3990511894226074,0
9232,309.1976878643036,34.48100558199949,6.000757217407227,0.0,0.0,1,0,0.3976140022277832,0
9233,309.223690032959,38.458330658989006,6.003618240356445,0.0,0.0,0,0,0.3990483283996582,0
9234,309.2526879310608,34.48525808626445,7.001399993896484,0.0,0.0,1,0,0.3976144790649414,0
9235,309.27568674087524,43.48051086415658,5.00035285949707,0.0,0.0,0,0,0.3990449905395508,0
9236,309.3036870956421,35.71383321128727,6.000995635986328,0.0,0.0,1,0,0.3976140022277832,0
9237,309.3246862888336,47.620877187006826,4.999637603759766,0.0,0.0,0,0,0.3990445137023926,0
9238,309.3466889858246,45.44897384218625,5.99217414855957,0.0,0.0,1,0,0.3976140022277832,0
9239,309.37469005584717,35.7129209417174,4.997730255126953,0.0,0.0,0,0,0.3976140022277832,0
9240,309.401686668396,38.46644289146903,5.000114440917969,0.0,0.0,1,0,0.3976140022277832,0
9241,309.4256868362427,39.99984741269145,6.000518798828125,0.0,0.0,0,0,0.3990445137023926,0
9242,309.44968700408936,41.66637526821903,6.000280380249023,0.0,0.0,1,0,0.3976140022277832,0
9243,309.4736864566803,41.66761705129097,6.000041961669922,0.0,0.0,0,0,0.3990445137023926,0
9244,309.5006880760193,37.03481585476764,6.001949310302734,0.0,0.0,1,0,0.3976140022277832,0
9245,309.52368664741516,43.48096161222438,5.000114440917969,0.0,0.0,0,0,0.3990445137023926,0
9246,309.55268716812134,35.713225026395556,6.000995635986328,0.0,0.0,1,0,0.3976140022277832,0
9247,309.5736861228943,45.45734753817642,3.9997100830078125,0.0,0.0,0,0,0.3990445137023926,0
9248,309.6026873588562,34.48128904965472,6.000518798828125,0.0,0.0,1,0,0.3976140022277832,0
9249,309.62568712234497,43.47870796533566,6.000518798828125,0.0,0.0,0,0,0.3990445137023926,0
9250,309.6536889076233,35.71200871875213,6.0024261474609375,0.0,0.0,1,0,0.3976140022277832,0
9251,309.67868638038635,40.004043987906186,5.000114440917969,0.0,0.0,0,0,0.3990445137023926,0
9252,309.70868730545044,34.480155206997466,7.002353668212891,0.0,0.0,1,0,0.3976140022277832,0
9253,309.7326908111572,39.99641450599331,6.004571914672852,0.0,0.0,0,0,0.3990445137023926,0
9254,309.757687330246,40.00557023358736,7.000446319580078,0.0,0.0,1,0,0.3976140022277832,0
9255,309.7826864719391,40.00137333816545,5.000114440917969,0.0,0.0,0,0,0.3990511894226074,0
9256,309.8116934299469,34.47448711204629,6.000995635986328,0.0,0.0,1,0,0.3976140022277832,0
9257,309.8346869945526,43.490429480931546,6.000518798828125,0.0,0.0,0,0,0.3990445137023926,0
9258,309.8646924495697,33.32727330515208,7.005929946899414,0.0,0.0,1,0,0.3976140022277832,0
9259,309.890686750412,38.46997101661958,5.000591278076172,0.0,0.0,0,0,0.3990511894226074,0
9260,309.91968750953674,34.481855998947694,7.001161575317383,0.0,0.0,1,0,0.3976140022277832,0
9261,309.94368720054626,43.48051086415658,3.999948501586914,0.0,0.0,0,0,0.3990445137023926,0
9262,309.9716885089874,35.71383321128727,5.000114440917969,0.0,0.0,1,0,0.3976140022277832,0
9263,309.9966969490051,40.00061036087587,3.999948501586914,0.0,0.0,0,0,0.39905452728271484,0
9264,310.0246880054474,34.48072211900495,7.0018768310546875,0.0,0.0,1,0,0.3976140022277832,0
9265,310.05068945884705,38.4593885822223,4.998683929443359,0.0,0.0,0,0,0.3990445137023926,0
9266,310.07468724250793,41.67051483299223,6.000757217407227,0.0,0.0,1,0,0.3976140022277832,0
9267,310.0986866950989,41.66761705129097,5.000114440917969,0.0,0.0,0,0,0.3990445137023926,0
9268,310.12668776512146,35.7129209417174,6.001472473144531,0.0,0.0,1,0,0.3976140022277832,0
9269,310.1486859321594,45.45833288174537,4.999637603759766,0.0,0.0,0,0,0.3990445137023926,0
9270,310.1766927242279,35.70562446262418,5.9986114501953125,0.0,0.0,1,0,0.3976140022277832,0
9271,310.2016875743866,40.00824144377886,5.001306533813477,0.0,0.0,0,0,0.3990445137023926,0
9272,310.2306869029999,35.71413731150109,6.00123405456543,0.0,0.0,1,0,0.3976140022277832,0
9273,310.25268840789795,43.47690521602123,4.998922348022461,0.0,0.0,0,0,0.3990445137023926,0
9274,310.27968978881836,37.035142867234136,6.002187728881836,0.0,0.0,1,0,0.3976140022277832,0
9275,310.30568861961365,38.46326813208983,5.002260208129883,0.0,0.0,0,0,0.3990445137023926,0
9276,310.3336877822876,35.71535376414588,6.001472473144531,0.0,0.0,1,0,0.3976140022277832,0
9277,310.35868644714355,40.00213634456186,4.999876022338867,0.0,0.0,0,0,0.3990445137023926,0
9278,310.38268756866455,41.66471967258712,6.000995635986328,0.0,0.0,1,0,0.3976140022277832,0
9279,310.4046890735626,45.45143637368472,5.0029754638671875,0.0,0.0,0,0,0.3990445137023926,0
9280,310.43369007110596,34.48157252197075,6.002187728881836,0.0,0.0,1,0,0.3976140022277832,0
9281,310.45468640327454,47.627366150002835,5.000114440917969,0.0,0.0,0,0,0.3990445137023926,0
9282,310.4836869239807,34.48213948058568,6.000518798828125,0.0,0.0,1,0,0.3976140022277832,0
9283,310.5086874961853,39.99908449361053,4.999637603759766,0.0,0.0,0,0,0.3990445137023926,0
9284,310.536691904068,35.70866429988337,6.0024261474609375,0.0,0.0,1,0,0.3976140022277832,0
9285,310.56268763542175,38.467854063869986,5.000829696655273,0.0,0.0,0,0,0.3990511894226074,0
9286,310.594687461853,31.250169501627962,7.994651794433594,0.0,0.0,1,0,0.3976140022277832,0
9287,310.615686416626,47.62141786638812,4.993915557861328,0.0,0.0,0,0,0.3990445137023926,0
9288,310.6436867713928,35.71383321128727,6.000757217407227,0.0,0.0,1,0,0.3976140022277832,0
9289,310.6686909198761,39.99336352800953,6.002902984619141,0.0,0.0,0,0,0.3990445137023926,0
9290,310.69369411468506,39.99488895881607,7.007360458374023,0.0,0.0,1,0,0.3976140022277832,0
9291,310.7166860103607,43.49358635350236,5.9986114501953125,0.0,0.0,0,0,0.3990445137023926,0
9292,310.7486901283264,31.245979066562374,7.997989654541016,0.0,0.0,1,0,0.3976140022277832,0
9293,310.77268624305725,41.673413017775,6.000041961669922,0.0,0.0,0,0,0.4010930061340332,0
9294,310.80068731307983,37.03448884807601,6.001710891723633,0.0,0.0,1,0,0.3976140022277832,0
9295,310.8316867351532,31.25133371084553,6.999969482421875,0.0,0.0,0,0,0.3976140022277832,0
9296,310.8606894016266,34.47958831363135,6.002902984619141,0.0,0.0,1,0,0.3976140022277832,0
9297,310.88668632507324,40.004807096189616,3.999948501586914,0.0,0.0,0,0,0.3990445137023926,0
9298,310.9116883277893,38.458683293599854,5.999326705932617,0.0,0.0,1,0,0.3976140022277832,0
9299,310.9676864147186,17.857752913276535,31.999826431274414,0.0,0.0,0,0,0.3976140022277832,0
9300,310.99068665504456,45.45340659102485,4.996776580810547,0.0,0.0,1,0,0.3976140022277832,0
9301,311.01868653297424,34.483273453750215,5.00035285949707,0.0,0.0,0,0,0.3990445137023926,0
9302,311.043687582016,39.99832160363144,6.00123405456543,0.0,0.0,1,0,0.3976140022277832,0
9303,311.06569719314575,45.43469641986676,6.010770797729492,0.0,0.0,0,0,0.40115976333618164,0
9304,311.0926887989044,37.048555352395084,7.002592086791992,0.0,0.0,1,0,0.3976140022277832,0
9305,311.11568665504456,45.4593182680323,3.9997100830078125,0.0,0.0,0,0,0.3990445137023926,0
9306,311.13768696784973,43.47735588933462,6.000280380249023,0.0,0.0,1,0,0.3976140022277832,0
9307,311.16268610954285,40.00137333816545,3.9997100830078125,0.0,0.0,0,0,0.3990445137023926,0
9308,311.1866879463196,41.66347806220262,6.001472473144531,0.0,0.0,1,0,0.3976140022277832,0
9309,311.21468710899353,37.0393945548795,3.9997100830078125,0.0,0.0,0,0,0.3990483283996582,0
9310,311.24268770217896,35.71261686221753,6.00123405456543,0.0,0.0,1,0,0.3976140022277832,0
9311,311.26368737220764,45.45488436612697,5.000829696655273,0.0,0.0,0,0,0.3990445137023926,0
9312,311.2886869907379,40.00061036087587,6.000757217407227,0.0,0.0,1,0,0.3976140022277832,0
9313,311.30969047546387,47.611147057154206,5.003929138183594,0.0,0.0,0,0,0.3990445137023926,0
9314,311.33368825912476,41.67051483299223,6.001949310302734,0.0,0.0,1,0,0.3976140022277832,0
9315,311.35668683052063,43.48096161222438,5.00035285949707,0.0,0.0,0,0,0.3990445137023926,0
9316,311.43868708610535,12.195083940523473,7.000446319580078,0.0,0.0,1,0,0.3976140022277832,0
9317,311.46268606185913,41.668444947794036,4.993677139282227,0.0,0.0,0,0,0.3990445137023926,0
9318,311.4866940975189,41.652720537851174,6.001710891723633,0.0,0.0,1,0,0.3976140022277832,0
9319,311.50768661499023,47.636020852025574,5.00035285949707,0.0,0.0,0,0,0.3990445137023926,0
9320,311.5296878814697,45.451928912006935,6.001472473144531,0.0,0.0,1,0,0.3976140022277832,0
9321,311.5546860694885,40.002899380066765,4.999399185180664,0.0,0.0,0,0,0.3990445137023926,0
9322,311.5776877403259,43.475102616194704,6.001472473144531,0.0,0.0,1,0,0.3976140022277832,0
9323,311.60468673706055,38.46326813208983,5.00035285949707,0.0,0.0,0,0,0.3990445137023926,0
9324,311.6296887397766,39.99984741269145,5.00035285949707,0.0,0.0,1,0,0.3976140022277832,0
9325,311.65168619155884,43.47915867602393,4.998922348022461,0.0,0.0,0,0,0.3990445137023926,0
9326,311.676687002182,41.66471967258712,6.000757217407227,0.0,0.0,1,0,0.3976140022277832,0
9327,311.70168709754944,38.4618572961275,5.000829696655273,0.0,0.0,0,0,0.3990445137023926,0
9328,311.72568702697754,43.47600389742314,7.002353668212891,0.0,0.0,1,0,0.3976140022277832,0
9329,311.75168657302856,37.0393945548795,5.99980354309082,0.0,0.0,0,0,0.3990483283996582,0
9330,311.77570247650146,41.63907475429366,7.014989852905273,0.0,0.0,1,0,0.3976140022277832,0
9331,311.802686214447,38.485502459076564,4.999876022338867,0.0,0.0,0,0,0.3990445137023926,0
9332,311.82469367980957,43.464290155440416,5.997657775878906,0.0,0.0,1,0,0.3976140022277832,0
9333,311.85069370269775,38.46150460330851,4.997491836547852,0.0,0.0,0,0,0.3990483283996582,0
9334,311.8746953010559,41.663891924108476,6.000995635986328,0.0,0.0,1,0,0.3976140022277832,0
9335,311.90168619155884,37.04953713518479,4.999637603759766,0.0,0.0,0,0,0.3990445137023926,0
9336,311.9256868362427,43.46383975295593,5.937814712524414,0.0,0.0,1,0,0.3976140022277832,0
9337,311.95368695259094,34.49092972386231,6.000280380249023,0.0,0.0,0,0,0.3990445137023926,0
9338,311.97868943214417,39.996033108288515,5.9986114501953125,0.0,0.0,1,0,0.3976140022277832,0
9339,312.00568747520447,37.03972164820996,4.993438720703125,0.0,0.0,0,0,0.3990478515625,0
9340,312.03068685531616,41.666789187685644,6.000757217407227,0.0,0.0,1,0,0.3976140022277832,0
9341,312.05669236183167,37.030238286526526,5.006074905395508,0.0,0.0,0,0,0.3990483283996582,0
9342,312.0806875228882,41.67506930437288,6.000995635986328,0.0,0.0,1,0,0.3976140022277832,0
9343,312.1096875667572,34.48270645784519,8.001089096069336,0.0,0.0,0,0,0.3976140022277832,0
9344,312.1346879005432,39.99946594951316,6.001710891723633,0.0,0.0,1,0,0.3976140022277832,0
9345,312.16168665885925,38.46291541339593,5.00035285949707,0.0,0.0,0,0,0.3990483283996582,0
9346,312.1846866607666,43.477806571991295,6.000757217407227,0.0,0.0,1,0,0.3976140022277832,0
9347,312.20968675613403,39.99946594951316,5.000591278076172,0.0,0.0,0,0,0.3990445137023926,0
9348,312.2316925525665,43.468794693750645,6.000280380249023,0.0,0.0,1,0,0.3976140022277832,0
9349,312.2576870918274,38.469618174980965,5.001068115234375,0.0,0.0,0,0,0.3990445137023926,0
9350,312.28169870376587,41.646516800381285,6.012439727783203,0.0,0.0,1,0,0.3976140022277832,0
9351,312.30668663978577,40.01931168719646,5.000114440917969,0.0,0.0,0,0,0.3990511894226074,0
9352,312.330687046051,43.47735588933462,6.000518798828125,0.0,0.0,1,0,0.3976140022277832,0
9353,312.3556869029999,38.4618572961275,4.9991607666015625,0.0,0.0,0,0,0.3990445137023926,0
9354,312.379686832428,43.47735588933462,6.000995635986328,0.0,0.0,1,0,0.3976140022277832,0
9355,312.404687166214,38.4618572961275,6.000995635986328,0.0,0.0,0,0,0.3990445137023926,0
9356,312.4276876449585,43.47735588933462,6.001472473144531,0.0,0.0,1,0,0.3976144790649414,0
9357,312.4536921977997,39.991456903127386,4.999399185180664,0.0,0.0,0,0,0.3990449905395508,0
9358,312.47568678855896,45.46671002710027,6.000757217407227,0.0,0.0,1,0,0.3976144790649414,0
9359,312.5036871433258,34.48270645784519,5.001068115234375,0.0,0.0,0,0,0.3980574607849121,0
9360,312.52868938446045,39.99641450599331,7.001638412475586,0.0,0.0,1,0,0.3976144790649414,0
9361,312.56068682670593,31.252498006810374,5.99980354309082,0.0,0.0,0,0,0.3976144790649414,0
9362,312.58968806266785,35.69438156349463,8.014440536499023,0.0,0.0,1,0,0.3976144790649414,0
9363,312.62068939208984,31.262747553349286,6.999969482421875,0.0,0.0,0,0,0.3990449905395508,0
9364,312.6506886482239,33.33415987156867,7.9936981201171875,0.0,0.0,1,0,0.3976144790649414,0
9365,312.69169306755066,24.387615198999914,6.005764007568359,0.0,0.0,0,0,0.3976144790649414,0
9366,312.71768736839294,38.46997101661958,6.994009017944336,0.0,0.0,1,0,0.3976144790649414,0
9367,312.74768900871277,34.48355695869508,4.999399185180664,0.0,0.0,0,0,0.3976144790649414,0
9368,312.7746911048889,35.70866429988337,6.9980621337890625,0.0,0.0,1,0,0.3976144790649414,0
9369,312.80568981170654,32.259410235505854,7.002592086791992,0.0,0.0,0,0,0.3976144790649414,0
9370,312.8316879272461,38.46432632698727,6.001472473144531,0.0,0.0,1,0,0.3976144790649414,0
9371,312.86269903182983,33.33310021457522,6.001472473144531,0.0,0.0,0,0,0.3976144790649414,0
9372,312.88668727874756,40.00137333816545,6.000995635986328,0.0,0.0,1,0,0.3976144790649414,0
9373,312.91368651390076,37.03808623932605,4.999876022338867,0.0,0.0,0,0,0.3990483283996582,0
9374,312.93868827819824,39.9971773232251,6.001949310302734,0.0,0.0,1,0,0.3976144790649414,0
9375,312.96568751335144,37.03808623932605,5.995035171508789,0.0,0.0,0,0,0.3990483283996582,0
9376,312.9886875152588,43.478257263991544,6.00123405456543,0.0,0.0,1,0,0.3976144790649414,0
9377,313.0166862010956,35.71596202154383,5.989551544189453,0.0,0.0,0,0,0.3990483283996582,0
9378,313.0416946411133,41.65313418606499,6.001472473144531,0.0,0.0,1,0,0.3976144790649414,0
9379,313.0676863193512,37.0475736216369,4.999876022338867,0.0,0.0,0,0,0.3990488052368164,0
9380,313.093692779541,38.45198434162396,6.000518798828125,0.0,0.0,1,0,0.3976144790649414,0
9381,313.1206867694855,37.04528311885604,5.000591278076172,0.0,0.0,0,0,0.3990449905395508,0
9382,313.1466875076294,38.46044656366054,6.000995635986328,0.0,0.0,1,0,0.3976144790649414,0
9383,313.1746869087219,37.036450974851654,5.001306533813477,0.0,0.0,0,0,0.3990449905395508,0
9384,313.1986873149872,40.00099184588241,6.000995635986328,0.0,0.0,1,0,0.3976144790649414,0
9385,313.2256865501404,37.03808623932605,4.999876022338867,0.0,0.0,0,0,0.3990483283996582,0
9386,313.2496883869171,41.66347806220262,6.001710891723633,0.0,0.0,1,0,0.3976144790649414,0
9387,313.2776873111725,35.715657890255116,5.001306533813477,0.0,0.0,0,0,0.3990488052368164,0
9388,313.30268836021423,39.99832160363144,6.001710891723633,0.0,0.0,1,0,0.3976144790649414,0
9389,313.3286864757538,38.46432632698727,5.00035285949707,0.0,0.0,0,0,0.3990488052368164,0
9390,313.35168647766113,45.45389917204907,5.00035285949707,0.0,0.0,1,0,0.3976144790649414,0
9391,313.37968730926514,34.48213948058568,6.000757217407227,0.0,0.0,0,0,0.3976144790649414,0
9392,313.4066870212555,38.46150460330851,6.000995635986328,0.0,0.0,1,0,0.3976144790649414,0
9393,313.434686422348,35.715049643216,4.000425338745117,0.0,0.0,0,0,0.3990511894226074,0
9394,313.45669317245483,43.4660918587299,6.006956100463867,0.0,0.0,1,0,0.3976144790649414,0
9395,313.4846863746643,35.72295847102511,4.999399185180664,0.0,0.0,0,0,0.3990511894226074,0
9396,313.50668811798096,45.45094384603715,6.001472473144531,0.0,0.0,1,0,0.3976144790649414,0
9397,313.52868700027466,47.620336519902814,5.000829696655273,0.0,0.0,0,0,0.4014768600463867,0
9398,313.55268907546997,39.99755874275252,6.002664566040039,0.0,0.0,1,0,0.3976144790649414,0
9399,313.57368659973145,47.62466220052231,4.998445510864258,0.0,0.0,0,0,0.40068483352661133,0
9400,313.60468792915344,32.25668120188573,6.001472473144531,0.0,0.0,1,0,0.3976144790649414,0
9401,313.6286926269531,41.658512360577255,5.005121231079102,0.0,0.0,0,0,0.3990449905395508,0
9402,313.6616895198822,31.24877256505964,7.999658584594727,0.0,0.0,1,0,0.3976144790649414,0
9403,313.68475437164307,43.488174852509665,3.999948501586914,0.0,0.0,0,0,0.4015035629272461,0
9404,313.7176880836487,29.412246500799416,8.000612258911133,0.0,0.0,1,0,0.3976144790649414,0
9405,313.74668765068054,34.483273453750215,6.000995635986328,0.0,0.0,0,0,0.39905261993408203,0
9406,313.78068709373474,30.302599448032712,7.99250602722168,0.0,0.0,1,0,0.3976144790649414,0
9407,313.809686422348,33.33521959593712,6.998777389526367,0.0,0.0,0,0,0.39905309677124023,0
9408,313.8416962623596,31.240393567656543,7.000923156738281,0.0,0.0,1,0,0.3976144790649414,0
9409,313.86868691444397,37.04986440767797,6.000280380249023,0.0,0.0,0,0,0.3990488052368164,0
9410,313.8956892490387,37.03383485201667,7.002592086791992,0.0,0.0,1,0,0.3976144790649414,0
9411,313.9206898212433,39.99908449361053,6.003379821777344,0.0,0.0,0,0,0.4006643295288086,0
9412,313.95268750190735,32.259410235505854,6.001949310302734,0.0,0.0,1,0,0.39769411087036133,0
9413,313.97968769073486,35.71535376414588,5.001544952392578,0.0,0.0,0,0,0.4004077911376953,0
9414,314.0116879940033,31.249703842228,7.001638412475586,0.0,0.0,1,0,0.39901065826416016,0
9415,314.0396866798401,37.0387403855494,4.999637603759766,0.0,0.0,0,0,0.4009523391723633,0
9416,314.0706887245178,31.24807414360854,6.00123405456543,0.0,0.0,1,0,0.4004993438720703,0
9417,314.0996878147125,34.483840468301665,5.001068115234375,0.0,0.0,0,0,0.3995966911315918,0
9418,314.13168954849243,31.248306947289997,6.996870040893555,0.0,0.0,1,0,0.40007686614990234,0
9419,314.1596882343292,35.71596202154383,5.00178337097168,0.0,0.0,0,0,0.40059423446655273,0
9420,314.19568705558777,27.778687330286775,11.000871658325195,0.0,0.0,0,0,0.3980979919433594,1
9421,314.22968888282776,29.41018413339504,10.002374649047852,0.0,0.0,0,0,0.3976144790649414,1
9422,314.25968742370605,33.33495465852825,10.993003845214844,0.0,0.0,0,0,0.3980979919433594,1
9423,314.291686296463,31.251100862062543,9.999513626098633,0.0,0.0,0,0,0.3976144790649414,1
9424,314.3266863822937,28.57135850573225,11.99960708618164,0.0,0.0,0,0,0.39858150482177734,1
9425,314.35468673706055,35.71383321128727,9.999752044677734,0.0,0.0,0,0,0.3976144790649414,1
9426,314.3886864185333,29.41204025104309,11.000394821166992,0.0,0.0,0,0,0.3980979919433594,1
9427,314.4146866798401,38.46115191695781,10.000228881835938,0.0,0.0,0,0,0.3976144790649414,1
9428,314.44868659973145,29.411834004179347,12.000083923339844,0.0,0.0,0,0,0.3980979919433594,1
9429,314.47468972206116,38.456920185210656,10.002374649047852,0.0,0.0,0,0,0.3976144790649414,1
9430,314.5076868534088,30.305664739884392,11.000394821166992,0.0,0.0,0,0,0.3980979919433594,1
9431,314.53668689727783,34.48270645784519,10.00070571899414,0.0,0.0,0,0,0.3976144790649414,1
9432,314.57068634033203,30.303694123937028,10.999917984008789,0.0,0.0,0,0,0.39858150482177734,1
9433,314.66070318222046,10.98695753536973,74.01633262634277,0.0,0.0,0,0,0.3976144790649414,1
9434,314.6897015571594,35.71778691805261,11.000633239746094,0.0,0.0,0,0,0.39858150482177734,1
9435,314.7166986465454,35.71657029966023,10.993480682373047,0.0,0.0,0,0,0.3976144790649414,1
9436,314.7496974468231,30.304132016444257,11.998653411865234,0.0,0.0,0,0,0.3980979919433594,1
9437,314.7757077217102,38.44634492873184,10.00070571899414,0.0,0.0,0,0,0.3976144790649414,1
9438,314.8087022304535,30.30807361856795,11.004447937011719,0.0,0.0,0,0,0.3980979919433594,1
9439,314.83569836616516,37.04233860284377,9.981632232666016,0.0,0.0,0,0,0.3976144790649414,1
9440,314.8697032928467,30.299972548509672,10.998725891113281,0.0,0.0,0,0,0.3980979919433594,1
9441,314.89870405197144,33.33071623264647,9.994983673095703,0.0,0.0,0,0,0.3976140022277832,0
9442,314.92870450019836,33.33283531085345,5.001068115234375,0.0,0.0,1,0,0.3976140022277832,0
9443,314.95370650291443,39.9967959109721,5.002021789550781,0.0,0.0,0,0,0.3976140022277832,0
9444,314.9807028770447,37.04201146329186,5.997896194458008,0.0,0.0,1,0,0.3976140022277832,0
9445,315.0047037601471,41.6651335591604,4.995584487915039,0.0,0.0,0,0,0.3976140022277832,0
9446,315.028767824173,43.332720341347,5.00941276550293,0.0,0.0,1,0,0.3976140022277832,0
9447,315.04883790016174,47.49039278071536,5.067110061645508,0.0,0.0,0,0,0.3976140022277832,0
9448,315.07884311676025,33.3275381204758,7.072687149047852,0.0,0.0,1,0,0.3976140022277832,0
9449,315.09977412223816,47.776013486576076,4.999876022338867,0.0,0.0,0,0,0.3976140022277832,0
9450,315.12977480888367,33.332570411342104,6.006479263305664,0.0,0.0,1,0,0.3976140022277832,0
9451,315.1547694206238,40.00862307435494,4.9991607666015625,0.0,0.0,0,0,0.3976140022277832,0
9452,315.18377923965454,34.47108714947895,6.003141403198242,0.0,0.0,1,0,0.3976140022277832,0
9453,315.2078392505646,41.56274092057672,5.068778991699219,0.0,0.0,0,0,0.3976140022277832,0
9454,315.2357804775238,37.135480672179625,5.98907470703125,0.0,0.0,1,0,0.3976140022277832,0
9455,315.2567849159241,45.418952429423804,5.0067901611328125,0.0,0.0,0,0,0.3976140022277832,0
9456,315.281777381897,40.01205807719459,6.002664566040039,0.0,0.0,1,0,0.3976140022277832,0
9457,315.3028380870819,47.48179090960548,5.022287368774414,0.0,0.0,0,0,0.3976140022277832,0
9458,315.32578468322754,43.57944828302769,5.99980354309082,0.0,0.0,1,0,0.3976140022277832,0
9459,315.34983086586,41.58664247399784,6.061077117919922,0.0,0.0,0,0,0.3976140022277832,0
9460,315.3907685279846,24.42738417634897,20.993947982788086,0.0,0.0,1,0,0.3976140022277832,0
9461,315.41477489471436,41.65561624788956,5.000591278076172,0.0,0.0,0,0,0.3976140022277832,0
9462,315.43977403640747,40.00137333816545,5.997896194458008,0.0,0.0,1,0,0.3976140022277832,0
9463,315.46377325057983,41.66803099543016,4.9991607666015625,0.0,0.0,0,0,0.3976140022277832,0
9464,315.490841627121,36.943478988487925,7.007598876953125,0.0,0.0,1,0,0.3976140022277832,0
9465,315.5157747268677,40.10732761505876,6.000518798828125,0.0,0.0,0,0,0.3976140022277832,0
9466,315.5397746562958,41.666789187685644,6.005048751831055,0.0,0.0,1,0,0.3976140022277832,0
9467,315.5657727718353,38.46432632698727,6.000995635986328,0.0,0.0,0,0,0.3976140022277832,0
9468,315.5927770137787,37.03121909874276,6.946325302124023,0.0,0.0,1,0,0.3976140022277832,0
9469,315.615843296051,45.38897065189161,5.035877227783203,0.0,0.0,0,0,0.3976140022277832,0
9470,315.6427686214447,35.76560474793642,9.931325912475586,0.0,0.0,1,0,0.3976140022277832,0
9471,315.67277002334595,34.475903961071516,8.927106857299805,0.0,0.0,0,0,0.3976140022277832,0
9472,315.69878005981445,37.02925752626468,7.0056915283203125,0.0,0.0,1,0,0.3976140022277832,0
9473,315.7257766723633,37.041684329518155,5.009174346923828,0.0,0.0,0,0,0.3976140022277832,0
9474,315.7537724971771,35.719612001056014,7.997989654541016,0.0,0.0,1,0,0.3976140022277832,0
9475,315.78477573394775,33.317478095782796,8.955240249633789,0.0,0.0,0,0,0.3976140022277832,0
9476,315.812775850296,34.49575208283644,7.001399993896484,0.0,0.0,1,0,0.3976140022277832,0
9477,315.8407745361328,35.71596202154383,4.944086074829102,0.0,0.0,0,0,0.3976144790649414,0
9478,315.87477254867554,30.305664739884392,11.990547180175781,0.0,0.0,1,0,0.3976144790649414,0
9479,315.9007685184479,37.04135720152252,4.997491836547852,0.0,0.0,0,0,0.3976144790649414,0
9480,315.9307703971863,33.33124597693842,9.001493453979492,0.0,0.0,1,0,0.3976144790649414,0
9481,315.95676946640015,40.00061036087587,4.000663757324219,0.0,0.0,0,0,0.3976144790649414,0
9482,315.9818286895752,38.37493824223682,7.058858871459961,0.0,0.0,1,0,0.3976144790649414,0
9483,316.0097761154175,35.78147073878178,6.936073303222656,0.0,0.0,0,0,0.3976144790649414,0
9484,316.0407702922821,33.272283039822305,6.062030792236328,0.0,0.0,1,0,0.3976144790649414,0
9485,316.0707788467407,32.31259437305476,8.008480072021484,0.0,0.0,0,0,0.3976144790649414,0
9486,316.10677003860474,27.784575842287257,7.994413375854492,0.0,0.0,1,0,0.3976144790649414,0
9487,316.14477133750916,27.02567704272634,7.00068473815918,0.0,0.0,0,0,0.3976144790649414,0
9488,316.17477464675903,32.25519283269889,6.99305534362793,0.0,0.0,1,0,0.3976144790649414,0
9489,316.2047736644745,33.33442479634413,5.999088287353516,0.0,0.0,0,0,0.39905261993408203,0
9490,316.2347729206085,33.33415987156867,6.000995635986328,0.0,0.0,1,0,0.3976144790649414,0
9491,316.2637732028961,35.71809108560139,4.99415397644043,0.0,0.0,0,0,0.3990511894226074,0
9492,316.2927734851837,33.329391945583424,7.004022598266602,0.0,0.0,1,0,0.3976144790649414,0
9493,316.32176995277405,34.48695938168064,5.99980354309082,0.0,0.0,0,0,0.3990449905395508,0
9494,316.3487720489502,37.03416184715907,7.000446319580078,0.0,0.0,1,0,0.3976140022277832,0
9495,316.37577080726624,38.46256270117103,5.003452301025391,0.0,0.0,0,0,0.3990483283996582,0
9496,316.40534687042236,33.81139862958484,6.030559539794922,0.0,0.0,1,0,0.3976144790649414,0
9497,316.4323432445526,37.04561031619855,5.00178337097168,0.0,0.0,0,0,0.3990516662597656,0
9498,316.46134662628174,33.3270084940367,6.007194519042969,0.0,0.0,1,0,0.3976302146911621,0
9499,316.4888608455658,36.34484372156703,4.999876022338867,0.0,0.0,0,0,0.39905261993408203,0
9500,316.60286259651184,8.77179509701814,90.99316596984863,0.0,0.0,1,0,0.3976140022277832,0
9501,316.6289279460907,39.905087196856535,4.048347473144531,0.0,0.0,0,0,0.39905452728271484,0
9502,316.6559257507324,35.70957635199564,5.999088287353516,0.0,0.0,1,0,0.3976144790649414,0
9503,316.68486857414246,34.55087936076445,6.00743293762207,0.0,0.0,0,0,0.3990449905395508,0
9504,316.7128610610962,37.03972164820996,7.002353668212891,0.0,0.0,1,0,0.3976140022277832,0
9505,316.7369341850281,39.89218287823019,7.074117660522461,0.0,0.0,0,0,0.39911413192749023,0
9506,316.76286125183105,40.10080884180737,6.004095077514648,0.0,0.0,1,0,0.3976144790649414,0
9507,316.7889232635498,38.47385270187218,5.002260208129883,0.0,0.0,0,0,0.3976144790649414,0
9508,316.81786155700684,34.47760433363748,6.003856658935547,0.0,0.0,1,0,0.3976144790649414,0
9509,316.8409197330475,43.489527601509685,4.00090217590332,0.0,0.0,0,0,0.3990449905395508,0
9510,316.86886072158813,34.48355695869508,5.99360466003418,0.0,0.0,1,0,0.3976144790649414,0
9511,316.89586877822876,38.445640118426724,5.0029754638671875,0.0,0.0,0,0,0.3976144790649414,0
9512,316.9248685836792,33.33654434615354,7.001161575317383,0.0,0.0,1,0,0.3976144790649414,0
9513,316.94786739349365,43.48051086415658,5.0048828125,0.0,0.0,0,0,0.40113353729248047,0
9514,316.97486639022827,37.03841330954946,5.997657775878906,0.0,0.0,1,0,0.3976144790649414,0
9515,316.9968683719635,45.45045132906386,4.998683929443359,0.0,0.0,0,0,0.40068483352661133,0
9516,317.02486658096313,35.71657029966023,6.000757217407227,0.0,0.0,1,0,0.3976144790649414,0
9517,317.04686093330383,45.466217168377575,5.00035285949707,0.0,0.0,0,0,0.3990449905395508,0
9518,317.0708634853363,41.662236525816,5.998849868774414,0.0,0.0,1,0,0.3976144790649414,0
9519,317.0938639640808,43.47735588933462,6.004095077514648,0.0,0.0,0,0,0.3990449905395508,0
9520,317.12086629867554,37.03383485201667,5.999326705932617,0.0,0.0,1,0,0.3976144790649414,0
9521,317.14287185668945,45.44306485514312,4.999399185180664,0.0,0.0,0,0,0.40064382553100586,0
9522,317.1718661785126,35.727522849817284,5.99360466003418,0.0,0.0,1,0,0.3976144790649414,0
9523,317.1968650817871,38.45621498711801,5.9986114501953125,0.0,0.0,0,0,0.3976144790649414,0
9524,317.2238690853119,37.031546047694306,6.009101867675781,0.0,0.0,1,0,0.3976144790649414,0
9525,317.24686074256897,43.49403737271087,4.992008209228516,0.0,0.0,0,0,0.40064430236816406,0
9526,317.2728650569916,38.455157238470704,6.005287170410156,0.0,0.0,1,0,0.3976144790649414,0
9527,317.2968626022339,41.67092883470935,4.002571105957031,0.0,0.0,0,0,0.39910125732421875,0
9528,317.32386660575867,37.031546047694306,6.006002426147461,0.0,0.0,1,0,0.3976140022277832,0
9529,317.3488664627075,40.00022888314562,4.99725341796875,0.0,0.0,0,0,0.3990478515625,0
9530,317.3728711605072,41.658512360577255,6.010293960571289,0.0,0.0,1,0,0.3976140022277832,0
9531,317.39387011528015,47.62141786638812,4.998922348022461,0.0,0.0,0,0,0.4006228446960449,0
9532,317.4188709259033,41.65644366756714,6.010293960571289,0.0,0.0,1,0,0.3976140022277832,0
9533,317.4398663043976,45.474597220114056,4.993677139282227,0.0,0.0,0,0,0.3990445137023926,0
9534,317.46686005592346,37.04561031619855,6.994009017944336,0.0,0.0,1,0,0.3976140022277832,0
9535,317.4888606071472,45.45340659102485,4.992961883544922,0.0,0.0,0,0,0.3990445137023926,0
9536,317.5158660411835,37.029584440579505,6.996870040893555,0.0,0.0,1,0,0.3976140022277832,0
9537,317.5398633480072,43.485920457844315,3.9997100830078125,0.0,0.0,0,0,0.3990445137023926,0
9538,317.56586265563965,38.457272793955845,6.0024261474609375,0.0,0.0,1,0,0.3976144790649414,0
9539,317.5868625640869,45.4593182680323,5.001544952392578,0.0,0.0,0,0,0.3990449905395508,0
9540,317.6138606071472,37.03972164820996,5.936622619628906,0.0,0.0,1,0,0.3976140022277832,0
9541,317.6348669528961,47.604662512626696,5.000591278076172,0.0,0.0,0,0,0.4015030860900879,0
9542,317.6578676700592,43.47690521602123,6.005764007568359,0.0,0.0,1,0,0.3976140022277832,0
9543,317.67986965179443,45.45045132906386,5.002260208129883,0.0,0.0,0,0,0.40070343017578125,0
9544,317.70786929130554,37.04332005617035,7.005214691162109,0.0,0.0,1,0,0.3976140022277832,0
9545,317.72986364364624,43.48096161222438,5.996227264404297,0.0,0.0,0,0,0.3990445137023926,0
9546,317.7568724155426,37.0250081653911,7.006168365478516,0.0,0.0,1,0,0.3976140022277832,0
9547,317.7798607349396,43.50035262393694,5.000591278076172,0.0,0.0,0,0,0.3990445137023926,0
9548,317.80886602401733,34.47647073329114,5.994319915771484,0.0,0.0,1,0,0.3976140022277832,0
9549,317.83592653274536,38.46679567486266,5.00178337097168,0.0,0.0,0,0,0.3990445137023926,0
9550,317.86386704444885,34.477320926562214,5.998849868774414,0.0,0.0,1,0,0.3976140022277832,0
9551,317.88686084747314,43.4899785365449,4.990816116333008,0.0,0.0,0,0,0.4006638526916504,0
9552,317.91386222839355,37.035142867234136,5.995035171508789,0.0,0.0,1,0,0.3976140022277832,0
9553,317.9348609447479,47.62195855804712,4.989862442016602,0.0,0.0,0,0,0.40084266662597656,0
9554,317.9588668346405,41.65644366756714,5.993127822875977,0.0,0.0,1,0,0.3976140022277832,0
9555,317.98086619377136,45.455869602913126,4.996538162231445,0.0,0.0,0,0,0.400723934173584,0
9556,318.00786685943604,37.03612393928423,6.000757217407227,0.0,0.0,1,0,0.3976140022277832,0
9557,318.0288670063019,47.61871459225031,5.000114440917969,0.0,0.0,0,0,0.4006638526916504,0
9558,318.05686044692993,37.03677801619469,6.000280380249023,0.0,0.0,1,0,0.3976144790649414,0
9559,318.0798668861389,41.66720311537621,4.00090217590332,0.0,0.0,0,0,0.39905500411987305,0
9560,318.1828866004944,9.706879952603126,82.02528953552246,0.0,0.0,1,0,0.3976144790649414,0
9561,318.2048888206482,45.44995882276451,3.993988037109375,0.0,0.0,0,0,0.3990449905395508,0
9562,318.22988843917847,40.00061036087587,5.99980354309082,0.0,0.0,1,0,0.3976144790649414,0
9563,318.2498903274536,49.99527975778959,5.00178337097168,0.0,0.0,0,0,0.4006643295288086,0
9564,318.27588844299316,38.46432632698727,6.000280380249023,0.0,0.0,1,0,0.3976144790649414,0
9565,318.29892086982727,43.41704880699757,5.040168762207031,0.0,0.0,0,0,0.3990488052368164,0
9566,318.3228917121887,41.7173491411464,7.002592086791992,0.0,0.0,1,0,0.3976144790649414,0
9567,318.34296011924744,49.829565300036826,5.037546157836914,0.0,0.0,0,0,0.40070390701293945,0
9568,318.36789107322693,40.110779588401805,6.008386611938477,0.0,0.0,1,0,0.3976144790649414,0
9569,318.39288353919983,41.66968685423621,4.006147384643555,0.0,0.0,0,0,0.3990483283996582,0
9570,318.41988825798035,37.0387403855494,5.99980354309082,0.0,0.0,1,0,0.3976144790649414,0
9571,318.4408836364746,45.46375303503295,4.994630813598633,0.0,0.0,0,0,0.3990449905395508,0
9572,318.4678883552551,37.030565218159026,5.999565124511719,0.0,0.0,1,0,0.3976144790649414,0
9573,318.48888897895813,47.617633368527414,4.005908966064453,0.0,0.0,0,0,0.4011068344116211,0
9574,318.51488852500916,38.462209995414945,6.000041961669922,0.0,0.0,1,0,0.3976144790649414,0
9575,318.5368900299072,47.61817397425126,4.999637603759766,0.0,0.0,0,0,0.3990449905395508,0
9576,318.5628819465637,38.45903593467756,5.000591278076172,0.0,0.0,1,0,0.3976144790649414,0
9577,318.58488845825195,43.48231391250259,5.99980354309082,0.0,0.0,0,0,0.3990449905395508,0
9578,318.6078886985779,43.477806571991295,6.997585296630859,0.0,0.0,1,0,0.3976144790649414,0
9579,318.6308844089508,43.48637131807861,4.992485046386719,0.0,0.0,0,0,0.3990449905395508,0
9580,318.6568830013275,38.463620857252906,5.994319915771484,0.0,0.0,1,0,0.3976144790649414,0
9581,318.67888140678406,45.45784020462132,3.999948501586914,0.0,0.0,0,0,0.40064382553100586,0
9582,318.7068819999695,35.71352911625214,5.993127822875977,0.0,0.0,1,0,0.3976144790649414,0
9583,318.7328839302063,39.99984741269145,5.001306533813477,0.0,0.0,0,0,0.3990483283996582,0
9584,318.7618885040283,34.47363705852861,6.000995635986328,0.0,0.0,1,0,0.3976144790649414,0
9585,318.78689670562744,38.451279324538646,6.004571914672852,0.0,0.0,0,0,0.3990449905395508,0
9586,318.81689047813416,33.34025420697439,7.001161575317383,0.0,0.0,1,0,0.3976144790649414,0
9587,318.8428909778595,38.46079923707521,4.999399185180664,0.0,0.0,0,0,0.3990483283996582,0
9588,318.8698844909668,38.46679567486266,6.003618240356445,0.0,0.0,1,0,0.3976144790649414,0
9589,318.89489245414734,39.98535692495424,6.00433349609375,0.0,0.0,0,0,0.3990449905395508,0
9590,318.91888904571533,40.01205807719459,7.000923156738281,0.0,0.0,1,0,0.3976144790649414,0
9591,318.94288182258606,41.679210596921486,4.989862442016602,0.0,0.0,0,0,0.3990449905395508,0
9592,318.9698896408081,37.02631555716417,5.998134613037109,0.0,0.0,1,0,0.3976144790649414,0
9593,319.00188875198364,32.25891401322873,3.997802734375,0.0,0.0,0,0,0.3976144790649414,0
9594,319.02789211273193,37.03252692918947,7.0037841796875,0.0,0.0,1,0,0.3976144790649414,0
9595,319.05289030075073,40.002899380066765,4.991054534912109,0.0,0.0,0,0,0.3990449905395508,0
9596,319.0788896083832,38.46256270117103,6.00123405456543,0.0,0.0,1,0,0.3976144790649414,0
9597,319.1028964519501,41.654788861081315,5.004167556762695,0.0,0.0,0,0,0.3990449905395508,0
9598,319.1288888454437,38.472793982755455,5.9986114501953125,0.0,0.0,1,0,0.3976144790649414,0
9599,319.14988923072815,47.61817397425126,3.993988037109375,0.0,0.0,0,0,0.4010801315307617,0
9600,319.17789363861084,37.035142867234136,6.002187728881836,0.0,0.0,1,0,0.3976144790649414,0
9601,319.2048819065094,37.039067467326035,4.999876022338867,0.0,0.0,0,0,0.3990483283996582,0
9602,319.2289035320282,39.9769724928039,7.017612457275391,0.0,0.0,1,0,0.3976144790649414,0
9603,319.25289154052734,41.687495651655354,5.0029754638671875,0.0,0.0,0,0,0.3990449905395508,0
9604,319.28088879585266,37.04037585220248,6.000518798828125,0.0,0.0,1,0,0.3976144790649414,0
9605,319.3018887042999,45.455376979181345,3.9968490600585938,0.0,0.0,0,0,0.3990449905395508,0
9606,319.32888889312744,37.03677801619469,7.000446319580078,0.0,0.0,1,0,0.3976144790649414,0
9607,319.35289001464844,41.66471967258712,4.997730255126953,0.0,0.0,0,0,0.3990449905395508,0
9608,319.37889218330383,38.458330658989006,6.003618240356445,0.0,0.0,1,0,0.3976144790649414,0
9609,319.40489172935486,38.462209995414945,5.003213882446289,0.0,0.0,0,0,0.3990488052368164,0
9610,319.43188428878784,37.04724638961268,5.995988845825195,0.0,0.0,1,0,0.3976144790649414,0
9611,319.45688128471375,40.004807096189616,4.992008209228516,0.0,0.0,0,0,0.3990449905395508,0
9612,319.48388409614563,37.0331808790549,6.000280380249023,0.0,0.0,1,0,0.3976144790649414,0
9613,319.50989151000977,38.45057433330583,6.000041961669922,0.0,0.0,0,0,0.3990488052368164,0
9614,319.53388595581055,41.67631160572337,5.996942520141602,0.0,0.0,1,0,0.3976144790649414,0
9615,319.5549006462097,47.58575934287854,5.012273788452148,0.0,0.0,0,0,0.40064430236816406,0
9616,319.58189034461975,37.051173555471145,6.008386611938477,0.0,0.0,1,0,0.3976144790649414,0
9617,319.60588908195496,43.477806571991295,5.002021789550781,0.0,0.0,0,0,0.40105342864990234,0
9618,319.6318893432617,37.0387403855494,6.00123405456543,0.0,0.0,1,0,0.3976144790649414,0
9619,319.65488839149475,43.48006012543409,6.000041961669922,0.0,0.0,0,0,0.3990449905395508,0
9620,319.6808922290802,38.4558623977702,6.003379821777344,0.0,0.0,1,0,0.3976144790649414,0
9621,319.7048890590668,41.67217088922007,5.007266998291016,0.0,0.0,0,0,0.3990449905395508,0
9622,319.73289465904236,35.707144316556565,7.006168365478516,0.0,0.0,1,0,0.3976144790649414,0
9623,319.75588297843933,43.50035262393694,5.00035285949707,0.0,0.0,0,0,0.3990449905395508,0
9624,319.78584480285645,33.37580469328156,6.962776184082031,0.0,0.0,1,0,0.3976144790649414,0
9625,319.8086051940918,43.935975865247634,4.9953460693359375,0.0,0.0,0,0,0.3990449905395508,0
9626,319.83456015586853,40.10080884180737,6.0024261474609375,0.0,0.0,1,0,0.3976144790649414,0
9627,319.8605487346649,37.028276817953085,5.002737045288086,0.0,0.0,0,0,0.39911460876464844,0
9628,319.88770842552185,36.81927033954844,5.997419357299805,0.0,0.0,1,0,0.3976144790649414,0
9629,319.9127016067505,40.010913010712684,4.993438720703125,0.0,0.0,0,0,0.3990449905395508,0
9630,319.93970227241516,37.03612393928423,6.001710891723633,0.0,0.0,1,0,0.3976144790649414,0
9631,319.9657070636749,39.98421338620959,5.005359649658203,0.0,0.0,0,0,0.3991279602050781,0
9632,319.99170422554016,37.04790085944194,5.996942520141602,0.0,0.0,1,0,0.3976144790649414,0
9633,320.01670145988464,40.00442553840871,4.990816116333008,0.0,0.0,0,0,0.3990449905395508,0
9634,320.04270815849304,38.45163182984965,5.997896194458008,0.0,0.0,1,0,0.3976144790649414,0
9635,320.06871247291565,40.010149669468,3.9892196655273438,0.0,0.0,0,0,0.3990449905395508,0
9636,320.0957016944885,35.714441416893735,6.999731063842773,0.0,0.0,1,0,0.3976144790649414,0
9637,320.1217076778412,38.4526893845632,4.996299743652344,0.0,0.0,0,0,0.3990449905395508,0
9638,320.14571022987366,41.662236525816,6.002187728881836,0.0,0.0,1,0,0.3976144790649414,0
9639,320.1727035045624,38.465031822600466,3.9985179901123047,0.0,0.0,0,0,0.3990483283996582,0
9640,320.20270800590515,32.25792161447117,5.998849868774414,0.0,0.0,1,0,0.3976144790649414,0
9641,320.2287130355835,40.01282149126154,3.9877891540527344,0.0,0.0,0,0,0.3990449905395508,0
9642,320.25671768188477,34.461740709397006,6.009340286254883,0.0,0.0,1,0,0.3976144790649414,0
9643,320.2787117958069,45.46671002710027,5.005836486816406,0.0,0.0,0,0,0.3990449905395508,0
9644,320.30870842933655,34.48157252197075,6.002664566040039,0.0,0.0,1,0,0.3976144790649414,0
9645,320.33470821380615,37.04332005617035,6.000041961669922,0.0,0.0,0,0,0.3990483283996582,0
9646,320.3617091178894,37.03579690949228,6.001472473144531,0.0,0.0,1,0,0.3976144790649414,0
9647,320.38771295547485,38.4558623977702,5.011081695556641,0.0,0.0,0,0,0.3991279602050781,0
9648,320.41671109199524,35.71809108560139,4.993915557861328,0.0,0.0,1,0,0.3976144790649414,0
9649,320.44170212745667,40.002899380066765,5.000591278076172,0.0,0.0,0,0,0.3990449905395508,0
9650,320.4657027721405,41.663891924108476,6.000757217407227,0.0,0.0,1,0,0.3976144790649414,0
9651,320.48970794677734,41.66968685423621,4.006624221801758,0.0,0.0,0,0,0.3990449905395508,0
9652,320.516708612442,35.71352911625214,6.000757217407227,0.0,0.0,1,0,0.3976144790649414,0
9653,320.53922486305237,44.412367640830155,4.013776779174805,0.0,0.0,0,0,0.3990449905395508,0
9654,320.5632371902466,41.64527627463635,6.003379821777344,0.0,0.0,1,0,0.3976144790649414,0
9655,320.5912330150604,35.719612001056014,5.000114440917969,0.0,0.0,0,0,0.3990449905395508,0
9656,320.61823987960815,37.02762304127124,6.006956100463867,0.0,0.0,1,0,0.3976144790649414,0
9657,320.6452376842499,38.468206873148496,4.00233268737793,0.0,0.0,0,0,0.3990483283996582,0
9658,320.6872892379761,23.22671820401925,20.06363868713379,0.0,0.0,1,0,0.3976144790649414,0
9659,320.72022795677185,31.30124330213884,5.003213882446289,0.0,0.0,0,0,0.3976144790649414,0
9660,320.74722599983215,37.04266574817405,6.999969482421875,0.0,0.0,1,0,0.3976144790649414,0
9661,320.7772295475006,32.26139527728636,5.943775177001953,0.0,0.0,0,0,0.3990516662597656,0
9662,320.817241191864,25.59968750381465,18.065452575683594,0.0,0.0,1,0,0.3976144790649414,0
9663,320.84923243522644,30.35830920671685,5.942583084106445,0.0,0.0,0,0,0.3976144790649414,0
9664,320.8732330799103,41.66554745395665,5.996942520141602,0.0,0.0,1,0,0.3976144790649414,0
9665,320.90222692489624,34.490078859294954,5.00178337097168,0.0,0.0,0,0,0.3976144790649414,0
9666,320.9282953739166,39.8993930861285,5.999088287353516,0.0,0.0,1,0,0.3976144790649414,0
9667,320.96223282814026,29.454795713422943,6.007194519042969,0.0,0.0,0,0,0.3976144790649414,0
9668,320.98422837257385,43.50080378348666,5.9909820556640625,0.0,0.0,1,0,0.3976144790649414,0
9669,321.01322984695435,34.48100558199949,4.919528961181641,0.0,0.0,0,0,0.3990511894226074,0
9670,321.04023694992065,37.02729616158763,5.934953689575195,0.0,0.0,1,0,0.3976144790649414,0
9671,321.0682361125946,35.71535376414588,5.001306533813477,0.0,0.0,0,0,0.3990449905395508,0
9672,321.09423542022705,38.46256270117103,6.001710891723633,0.0,0.0,1,0,0.3976140022277832,0
9673,321.1222462654114,35.700457926901926,5.01561164855957,0.0,0.0,0,0,0.3990511894226074,0
9674,321.14622807502747,41.69827114835913,5.994558334350586,0.0,0.0,1,0,0.3976140022277832,0
9675,321.17722606658936,32.26015459754644,5.992650985717773,0.0,0.0,0,0,0.39905261993408203,0
9676,321.201229095459,43.47420137233359,5.992889404296875,0.0,0.0,1,0,0.3976144790649414,0
9677,321.2302327156067,33.32833259169792,4.999876022338867,0.0,0.0,0,0,0.3990511894226074,0
9678,321.25423312187195,41.66596135697611,5.9967041015625,0.0,0.0,1,0,0.3976144790649414,0
9679,321.2812330722809,38.46150460330851,4.0073394775390625,0.0,0.0,0,0,0.3990488052368164,0
9680,321.3072371482849,37.031546047694306,6.004571914672852,0.0,0.0,1,0,0.3976144790649414,0
9681,321.33723521232605,33.33548453755732,7.002353668212891,0.0,0.0,0,0,0.3976140022277832,0
9682,321.3632278442383,40.004043987906186,5.996942520141602,0.0,0.0,1,0,0.3976140022277832,0
9683,321.39123702049255,34.47760433363748,5.004405975341797,0.0,0.0,0,0,0.3990492820739746,0
9684,321.4162278175354,40.014730153884315,6.002187728881836,0.0,0.0,1,0,0.3976144790649414,0
9685,321.4452335834503,34.475903961071516,4.946231842041016,0.0,0.0,0,0,0.39905261993408203,0
9686,321.4692807197571,41.58499320847503,5.991458892822266,0.0,0.0,1,0,0.3976144790649414,0
9687,321.4982798099518,34.483840468301665,4.999637603759766,0.0,0.0,0,0,0.3990511894226074,0
9688,321.52028822898865,45.43715740439822,5.9967041015625,0.0,0.0,1,0,0.3976144790649414,0
9689,321.54728078842163,37.04724638961268,4.99415397644043,0.0,0.0,0,0,0.3990483283996582,0
9690,321.56928730010986,47.6008806773044,5.002260208129883,0.0,0.0,1,0,0.3976140022277832,0
9691,321.5982804298401,33.34263955355581,5.990505218505859,0.0,0.0,0,0,0.3990507125854492,0
9692,321.6232867240906,39.98993173410625,6.00123405456543,0.0,0.0,1,0,0.3976144790649414,0
9693,321.65028715133667,38.4618572961275,3.9854049682617188,0.0,0.0,0,0,0.3990449905395508,0
9694,321.6732873916626,41.6651335591604,5.996227264404297,0.0,0.0,1,0,0.3976144790649414,0
9695,321.70228004455566,34.49149699023059,4.996061325073242,0.0,0.0,0,0,0.3990511894226074,0
9696,321.7262885570526,41.65189326607017,7.0095062255859375,0.0,0.0,1,0,0.3976144790649414,0
9697,321.75528168678284,34.49092972386231,4.99415397644043,0.0,0.0,0,0,0.39905261993408203,0
9698,321.78128695487976,38.45374699745127,6.993532180786133,0.0,0.0,1,0,0.3976144790649414,0
9699,321.81128191947937,33.3389291618975,5.98907470703125,0.0,0.0,0,0,0.3976140022277832,0
9700,321.8352870941162,41.657684858717786,6.999969482421875,0.0,0.0,1,0,0.3976140022277832,0
9701,321.8652865886688,34.483273453750215,5.000114440917969,0.0,0.0,0,0,0.3976140022277832,0
9702,321.88829016685486,41.66058125906355,7.003545761108398,0.0,0.0,1,0,0.3976140022277832,0
9703,321.916291475296,35.71261686221753,4.011392593383789,0.0,0.0,0,0,0.3990445137023926,0
9704,321.94127893447876,41.687495651655354,5.991697311401367,0.0,0.0,1,0,0.3976140022277832,0
9705,321.9672894477844,37.023374055504554,5.002737045288086,0.0,0.0,0,0,0.3990445137023926,0
9706,321.9912793636322,43.49539048646182,5.993843078613281,0.0,0.0,1,0,0.3976140022277832,0
9707,322.0182909965515,37.03808623932605,3.988027572631836,0.0,0.0,0,0,0.39911413192749023,0
9708,322.04128861427307,43.477806571991295,5.989551544189453,0.0,0.0,1,0,0.3976140022277832,0
9709,322.06731390953064,38.4248598336326,3.9916038513183594,0.0,0.0,0,0,0.39905452728271484,0
9710,322.0913143157959,39.98459455852352,6.002664566040039,0.0,0.0,1,0,0.3976140022277832,0
9711,322.11830496788025,37.04986440767797,5.00035285949707,0.0,0.0,0,0,0.3990483283996582,0
9712,322.24726152420044,7.754549505161005,112.95723915100098,0.0,0.0,1,0,0.3976140022277832,0
9713,322.2712686061859,41.65437518000258,5.003452301025391,0.0,0.0,0,0,0.3990445137023926,0
9714,322.29025864601135,52.659183929692404,4.99272346496582,0.0,0.0,1,0,0.3976140022277832,0
9715,322.31327176094055,43.453483071567696,5.005836486816406,0.0,0.0,0,0,0.3990445137023926,0
9716,322.3332633972168,50.02091805702973,5.9967041015625,0.0,0.0,1,0,0.3976140022277832,0
9717,322.3562591075897,43.48637131807861,5.000591278076172,0.0,0.0,0,0,0.3990445137023926,0
9718,322.3782696723938,47.604662512626696,5.943536758422852,0.0,0.0,1,0,0.3976140022277832,0
9719,322.40426898002625,37.03219996291751,7.009983062744141,0.0,0.0,0,0,0.3990483283996582,0
9720,322.4262647628784,45.46326024041536,6.006717681884766,0.0,0.0,1,0,0.3976140022277832,0
9721,322.4512677192688,39.9952703347001,5.0029754638671875,0.0,0.0,0,0,0.3990445137023926,0
9722,322.47425866127014,43.49539048646182,5.993127822875977,0.0,0.0,1,0,0.3976140022277832,0
9723,322.49926710128784,41.663064208518755,3.995180130004883,0.0,0.0,0,0,0.3990445137023926,0
9724,322.52027344703674,45.428299107529675,6.00886344909668,0.0,0.0,1,0,0.3976140022277832,0
9725,322.5472683906555,38.47314688265348,6.000280380249023,0.0,0.0,0,0,0.3990478515625,0
9726,322.56826066970825,45.464738656318424,5.997896194458008,0.0,0.0,1,0,0.3976140022277832,0
9727,322.59325885772705,40.002899380066765,4.993915557861328,0.0,0.0,0,0,0.3990445137023926,0
9728,322.61525797843933,45.45636223732267,6.993293762207031,0.0,0.0,1,0,0.3976140022277832,0
9729,322.640264749527,39.989169193219304,4.9915313720703125,0.0,0.0,0,0,0.3990445137023926,0
9730,322.6642668247223,41.663064208518755,6.005525588989258,0.0,0.0,1,0,0.3976140022277832,0
9731,322.7002682685852,28.572915602242613,5.00035285949707,0.0,0.0,0,0,0.3976140022277832,0
9732,322.7217962741852,46.46758915613263,5.509376525878906,0.0,0.0,1,0,0.3976140022277832,0
9733,322.746785402298,38.46150460330851,4.999399185180664,0.0,0.0,0,0,0.3990478515625,0
9734,322.7727921009064,39.986119320456844,6.001710891723633,0.0,0.0,1,0,0.3976140022277832,0
9735,322.7987983226776,37.03121909874276,5.013227462768555,0.0,0.0,0,0,0.3990445137023926,0
9736,322.82379269599915,40.009004712211684,6.00743293762207,0.0,0.0,1,0,0.3976140022277832,0
9737,322.85378670692444,33.33998918953292,6.000995635986328,0.0,0.0,0,0,0.3976140022277832,0
9738,322.893785238266,25.635674644891573,21.003246307373047,0.0,0.0,1,0,0.3976140022277832,0
9739,322.91979217529297,37.04070296286484,5.997657775878906,0.0,0.0,0,0,0.3990483283996582,0
9740,322.94179344177246,45.451928912006935,6.001710891723633,0.0,0.0,1,0,0.3976140022277832,0
9741,322.967791557312,38.46432632698727,5.005359649658203,0.0,0.0,0,0,0.3990511894226074,0
9742,322.99078607559204,45.451928912006935,5.006074905395508,0.0,0.0,1,0,0.3976140022277832,0
9743,323.01679372787476,37.03579690949228,6.001710891723633,0.0,0.0,0,0,0.3990483283996582,0
9744,323.0407919883728,41.66968685423621,6.000041961669922,0.0,0.0,1,0,0.3976140022277832,0
9745,323.0657947063446,39.99565171785752,4.998683929443359,0.0,0.0,0,0,0.3990445137023926,0
9746,323.0887851715088,43.49629260906988,5.98907470703125,0.0,0.0,1,0,0.3976140022277832,0
9747,323.11479234695435,38.450926825690765,4.998683929443359,0.0,0.0,0,0,0.3990445137023926,0
9748,323.13985419273376,39.90129094247362,5.989789962768555,0.0,0.0,1,0,0.3976140022277832,0
9749,323.16485595703125,39.9971773232251,4.9991607666015625,0.0,0.0,0,0,0.3990445137023926,0
9750,323.18686175346375,47.63277497018909,4.993438720703125,0.0,0.0,1,0,0.3976140022277832,0
9751,323.21185326576233,38.456567582931434,5.003213882446289,0.0,0.0,0,0,0.3990483283996582,0
9752,323.2359256744385,41.54133528776729,6.011009216308594,0.0,0.0,1,0,0.3976144790649414,0
9753,323.26085233688354,40.11768531802965,4.999876022338867,0.0,0.0,0,0,0.3990449905395508,0
9754,323.28485131263733,41.668444947794036,6.992101669311523,0.0,0.0,1,0,0.3976140022277832,0
9755,323.3099138736725,41.66347806220262,4.003763198852539,0.0,0.0,0,0,0.3990445137023926,0
9756,323.3338534832001,39.99946594951316,5.940914154052734,0.0,0.0,1,0,0.3976140022277832,0
9757,323.35685443878174,43.47645455205083,4.997968673706055,0.0,0.0,0,0,0.3990445137023926,0
9758,323.38077569007874,43.617970049916806,5.005598068237305,0.0,0.0,1,0,0.3976140022277832,0
9759,323.4057807922363,39.99870304498336,5.000829696655273,0.0,0.0,0,0,0.3990445137023926,0
9760,323.4267826080322,45.45242146100413,6.00123405456543,0.0,0.0,1,0,0.3976140022277832,0
9761,323.4527790546417,38.46679567486266,6.00433349609375,0.0,0.0,0,0,0.3991274833679199,0
9762,323.4747807979584,45.45094384603715,6.000280380249023,0.0,0.0,1,0,0.3976140022277832,0
9763,323.49977850914,40.00366244468182,4.995107650756836,0.0,0.0,0,0,0.3990483283996582,0
9764,323.5217821598053,45.44700400910175,6.001472473144531,0.0,0.0,1,0,0.3976140022277832,0
9765,323.5467836856842,39.99755874275252,4.999399185180664,0.0,0.0,0,0,0.3990445137023926,0
9766,323.56777477264404,47.639267176266145,4.992961883544922,0.0,0.0,1,0,0.3976140022277832,0
9767,323.5937833786011,39.99641450599331,3.995656967163086,0.0,0.0,0,0,0.3990445137023926,0
9768,323.6147811412811,45.446019156589955,6.000041961669922,0.0,0.0,1,0,0.3976140022277832,0
9769,323.6397738456726,40.011676381085024,4.998683929443359,0.0,0.0,0,0,0.3990445137023926,0
9770,323.6637852191925,41.6469303253865,6.007909774780273,0.0,0.0,1,0,0.3976140022277832,0
9771,323.6897807121277,38.468206873148496,5.006313323974609,0.0,0.0,0,0,0.3990483283996582,0
9772,323.71278190612793,43.47600389742314,7.001161575317383,0.0,0.0,1,0,0.3976140022277832,0
9773,323.7387762069702,38.46997101661958,5.997180938720703,0.0,0.0,0,0,0.3990478515625,0
9774,323.7667746543884,37.02860371495162,8.007526397705078,0.0,0.0,1,0,0.3976140022277832,0
9775,323.79277777671814,37.04332005617035,5.996942520141602,0.0,0.0,0,0,0.3990445137023926,0
9776,323.8167827129364,41.65809860553812,6.933450698852539,0.0,0.0,1,0,0.3976140022277832,0
9777,323.8498492240906,31.198101769549467,5.057334899902344,0.0,0.0,0,0,0.3976140022277832,0
9778,323.8727753162384,43.559081939973,5.944967269897461,0.0,0.0,1,0,0.3976140022277832,0
9779,323.89877676963806,38.483383796678595,5.003452301025391,0.0,0.0,0,0,0.3990483283996582,0
9780,323.92377853393555,38.46150460330851,5.932092666625977,0.0,0.0,1,0,0.3976140022277832,0
9781,323.9497740268707,39.99565171785752,3.999471664428711,0.0,0.0,0,0,0.3990445137023926,0
9782,323.97377467155457,40.01053133644949,7.00068473815918,0.0,0.0,1,0,0.3976140022277832,0
9783,323.9997820854187,38.45057433330583,5.000829696655273,0.0,0.0,0,0,0.3991274833679199,0
9784,324.02178144454956,45.455869602913126,5.99217414855957,0.0,0.0,1,0,0.3976140022277832,0
9785,324.04578471183777,41.66099506342064,5.003690719604492,0.0,0.0,0,0,0.3990445137023926,0
9786,324.06778383255005,45.45636223732267,5.998373031616211,0.0,0.0,1,0,0.3976140022277832,0
9787,324.09778213500977,34.48270645784519,5.002260208129883,0.0,0.0,0,0,0.3976140022277832,0
9788,324.1197805404663,45.45439176374966,4.998683929443359,0.0,0.0,1,0,0.3976140022277832,0
9789,324.14478373527527,38.4618572961275,5.003213882446289,0.0,0.0,0,0,0.3990445137023926,0
9790,324.1667742729187,45.47410419038326,5.99360466003418,0.0,0.0,1,0,0.3976140022277832,0
9791,324.1917805671692,39.98993173410625,5.0048828125,0.0,0.0,0,0,0.3990445137023926,0
9792,324.2157745361328,43.468794693750645,5.001306533813477,0.0,0.0,1,0,0.3976140022277832,0
9793,324.23977637290955,40.014730153884315,5.001544952392578,0.0,0.0,0,0,0.3990478515625,0
9794,324.2637839317322,43.47690521602123,4.9915313720703125,0.0,0.0,1,0,0.3976140022277832,0
9795,324.2887840270996,38.451279324538646,5.002498626708984,0.0,0.0,0,0,0.3990483283996582,0
9796,324.3097810745239,47.625743743470956,6.000041961669922,0.0,0.0,1,0,0.3976140022277832,0
9797,324.33478140830994,39.99946594951316,5.000591278076172,0.0,0.0,0,0,0.3990445137023926,0
9798,324.3587808609009,41.66761705129097,6.002902984619141,0.0,0.0,1,0,0.3976140022277832,0
9799,324.38377594947815,40.007859820483226,5.002021789550781,0.0,0.0,0,0,0.3990445137023926,0
9800,324.4067761898041,45.29339222271417,6.010770797729492,0.0,0.0,1,0,0.3976140022277832,0
9801,324.4317810535431,40.1115467742861,4.941701889038086,0.0,0.0,0,0,0.3990445137023926,0
9802,324.4537742137909,45.46079642756498,6.006717681884766,0.0,0.0,1,0,0.3976140022277832,0
9803,324.47978162765503,38.450221847383666,5.014657974243164,0.0,0.0,0,0,0.3990478515625,0
9804,324.50378584861755,40.00557023358736,7.004737854003906,0.0,0.0,1,0,0.3976140022277832,0
9805,324.5287847518921,40.001754837725194,5.003929138183594,0.0,0.0,0,0,0.3990445137023926,0
9806,324.5527763366699,41.681281551854354,6.002664566040039,0.0,0.0,1,0,0.3976140022277832,0
9807,324.57678484916687,41.65189326607017,4.996299743652344,0.0,0.0,0,0,0.3990445137023926,0
9808,324.6007809638977,43.485920457844315,5.997180938720703,0.0,0.0,1,0,0.3976140022277832,0
9809,324.62577772140503,38.46609011454617,5.001306533813477,0.0,0.0,0,0,0.3990445137023926,0
9810,324.64783930778503,45.32765607945274,6.058692932128906,0.0,0.0,1,0,0.3976140022277832,0
9811,324.68682861328125,25.648058801587446,4.994392395019531,0.0,0.0,0,0,0.3976140022277832,0
9812,324.708833694458,45.44404957961342,5.992412567138672,0.0,0.0,1,0,0.3976140022277832,0
9813,324.7338261604309,40.01205807719459,4.9915313720703125,0.0,0.0,0,0,0.3990445137023926,0
9814,324.7648332118988,32.25072854912997,13.000011444091797,0.0,0.0,1,0,0.3976140022277832,0
9815,324.79083156585693,39.99755874275252,5.001544952392578,0.0,0.0,0,0,0.3990478515625,0
9816,324.8178265094757,35.72478408258522,7.993221282958984,0.0,0.0,1,0,0.3976140022277832,0
9817,324.8438367843628,38.44634492873184,6.000995635986328,0.0,0.0,0,0,0.3990483283996582,0
9818,324.86883330345154,40.00557023358736,7.000923156738281,0.0,0.0,1,0,0.3976140022277832,0
9819,324.89382910728455,40.00671499427699,4.001617431640625,0.0,0.0,0,0,0.3990483283996582,0
9820,324.9208323955536,38.456920185210656,5.998134613037109,0.0,0.0,1,0,0.3976140022277832,0
9821,324.9458348751068,38.45762540916718,5.002021789550781,0.0,0.0,0,0,0.3990445137023926,0
9822,324.97082781791687,40.01129469225779,5.991458892822266,0.0,0.0,1,0,0.3976140022277832,0
9823,324.99683475494385,38.451279324538646,5.988359451293945,0.0,0.0,0,0,0.3990483283996582,0
9824,325.0208365917206,41.66347806220262,6.004095077514648,0.0,0.0,1,0,0.3976140022277832,0
9825,325.04483294487,43.481863136397095,4.001379013061523,0.0,0.0,0,0,0.3990445137023926,0
9826,325.06884026527405,39.991075599965676,6.005525588989258,0.0,0.0,1,0,0.3976140022277832,0
9827,325.0938332080841,40.01129469225779,4.997968673706055,0.0,0.0,0,0,0.3990445137023926,0
9828,325.1178364753723,41.66099506342064,6.003379821777344,0.0,0.0,1,0,0.3976140022277832,0
9829,325.1428384780884,39.9967959109721,5.002737045288086,0.0,0.0,0,0,0.3990445137023926,0
9830,325.16683077812195,41.680038954199006,5.997896194458008,0.0,0.0,1,0,0.3976140022277832,0
9831,325.191832780838,39.9967959109721,3.999948501586914,0.0,0.0,0,0,0.3990511894226074,0
9832,325.2168321609497,40.00099184588241,6.003379821777344,0.0,0.0,1,0,0.3976140022277832,0
9833,325.2418267726898,40.00862307435494,4.990816116333008,0.0,0.0,0,0,0.3990445137023926,0
9834,325.26682567596436,40.001754837725194,5.992889404296875,0.0,0.0,1,0,0.3976140022277832,0
9835,325.2918288707733,39.99488895881607,5.002498626708984,0.0,0.0,0,0,0.3990445137023926,0
9836,325.31583285331726,41.65975367500993,5.006074905395508,0.0,0.0,1,0,0.3976140022277832,0
9837,325.34082651138306,41.67382707708205,4.002094268798828,0.0,0.0,0,0,0.3990445137023926,0
9838,325.3658335208893,38.454452105031535,6.943464279174805,0.0,0.0,1,0,0.3976140022277832,0
9839,325.3908338546753,39.99946594951316,5.000829696655273,0.0,0.0,0,0,0.3990445137023926,0
9840,325.41282987594604,45.46276745648074,6.003618240356445,0.0,0.0,1,0,0.3976140022277832,0
9841,325.4378354549408,39.991075599965676,5.000829696655273,0.0,0.0,0,0,0.39910078048706055,0
9842,325.4618320465088,41.67258492384425,5.999565124511719,0.0,0.0,1,0,0.3976140022277832,0
9843,325.4868264198303,41.65685738973254,4.004955291748047,0.0,0.0,0,0,0.3990445137023926,0
9844,325.5118341445923,38.46679567486266,6.005764007568359,0.0,0.0,1,0,0.3976140022277832,0
9845,325.5368766784668,39.932061388476335,5.993843078613281,0.0,0.0,0,0,0.3990445137023926,0
9846,325.55888271331787,45.442080173347776,5.006551742553711,0.0,0.0,1,0,0.3976140022277832,0
9847,325.5849349498749,38.384420386012756,5.05828857421875,0.0,0.0,0,0,0.3990478515625,0
9848,325.60688996315,45.54768368698825,6.0062408447265625,0.0,0.0,1,0,0.3976140022277832,0
9849,325.6338827610016,38.465384580112065,5.002737045288086,0.0,0.0,0,0,0.3990445137023926,0
9850,325.6568834781647,41.673413017775,7.001399993896484,0.0,0.0,1,0,0.3976140022277832,0
9851,325.6828866004944,38.456920185210656,5.00178337097168,0.0,0.0,0,0,0.3990511894226074,0
9852,325.70788836479187,41.68376696945002,5.9909820556640625,0.0,0.0,1,0,0.3976140022277832,0
9853,325.732878446579,38.45903593467756,4.986763000488281,0.0,0.0,0,0,0.3990445137023926,0
9854,325.7578852176666,39.989169193219304,7.003307342529297,0.0,0.0,1,0,0.3976140022277832,0
9855,325.78289222717285,39.98878793368101,5.014896392822266,0.0,0.0,0,0,0.3990445137023926,0
9856,325.8098826408386,37.05019168595304,6.995677947998047,0.0,0.0,1,0,0.3976140022277832,0
9857,325.8368775844574,37.04397438728196,5.994319915771484,0.0,0.0,0,0,0.3990478515625,0
9858,325.86088705062866,41.650238821087754,7.011175155639648,0.0,0.0,1,0,0.3976140022277832,0
9859,325.8868763446808,38.47738218646509,3.998994827270508,0.0,0.0,0,0,0.39905452728271484,0
9860,325.91288018226624,38.4558623977702,6.994724273681641,0.0,0.0,1,0,0.3976140022277832,0
9861,325.93987703323364,37.04135720152252,6.000280380249023,0.0,0.0,0,0,0.3990478515625,0
9862,325.99388670921326,18.51520087581059,34.99579429626465,0.0,0.0,1,0,0.3976140022277832,0
9863,326.01895785331726,39.8864924493134,5.01561164855957,0.0,0.0,0,0,0.3990445137023926,0
9864,326.0448820590973,38.57398789706991,5.997419357299805,0.0,0.0,1,0,0.3976140022277832,0
9865,326.06988549232483,39.9945075902052,5.002737045288086,0.0,0.0,0,0,0.3990445137023926,0
9866,326.09388303756714,43.48276469795457,4.99725341796875,0.0,0.0,1,0,0.3976140022277832,0
9867,326.1188840866089,38.460093896713616,5.00035285949707,0.0,0.0,0,0,0.3990445137023926,0
9868,326.14188623428345,43.47420137233359,6.00433349609375,0.0,0.0,1,0,0.3976140022277832,0
9869,326.16993951797485,35.646450911068804,8.053064346313477,0.0,0.0,0,0,0.3990445137023926,0
9870,326.1918830871582,47.74881888867385,6.000280380249023,0.0,0.0,1,0,0.3976140022277832,0
9871,326.21687960624695,38.46573734409391,5.002737045288086,0.0,0.0,0,0,0.3990445137023926,0
9872,326.2398827075958,43.47239899670405,5.999326705932617,0.0,0.0,1,0,0.3976140022277832,0
9873,326.26588344573975,38.46044656366054,5.001068115234375,0.0,0.0,0,0,0.3990483283996582,0
9874,326.28987646102905,41.67879643062981,5.988359451293945,0.0,0.0,1,0,0.3976140022277832,0
9875,326.3178770542145,35.71352911625214,7.001399993896484,0.0,0.0,0,0,0.3990478515625,0
9876,326.3438823223114,38.45374699745127,6.997823715209961,0.0,0.0,1,0,0.3976140022277832,0
9877,326.36988592147827,38.45621498711801,5.003452301025391,0.0,0.0,0,0,0.3990445137023926,0
9878,326.39288306236267,43.48366629689914,6.007194519042969,0.0,0.0,1,0,0.3976140022277832,0
9879,326.41788482666016,39.9971773232251,4.999637603759766,0.0,0.0,0,0,0.3990445137023926,0
9880,326.44388699531555,40.010913010712684,8.993864059448242,0.0,0.0,1,0,0.3976140022277832,0
9881,326.468900680542,38.42802825547198,5.014657974243164,0.0,0.0,0,0,0.3990445137023926,0
9882,326.49194502830505,45.35363321799308,5.000591278076172,0.0,0.0,1,0,0.3976140022277832,0
9883,326.51695108413696,38.4593885822223,5.006551742553711,0.0,0.0,0,0,0.3990445137023926,0
9884,326.54294300079346,40.002517858675645,6.000041961669922,0.0,0.0,1,0,0.3976140022277832,0
9885,326.57102608680725,34.39194463577028,6.059408187866211,0.0,0.0,0,0,0.3976140022277832,0
9886,326.59697341918945,40.06250596977859,4.955768585205078,0.0,0.0,1,0,0.3976140022277832,0
9887,326.62196588516235,38.49291961491515,3.9985179901123047,0.0,0.0,0,0,0.3990445137023926,0
9888,326.6469659805298,39.99984741269145,5.935430526733398,0.0,0.0,1,0,0.3976140022277832,0
9889,326.674973487854,35.7047126123672,6.00123405456543,0.0,0.0,0,0,0.3990478515625,0
9890,326.69797706604004,43.471497864930974,5.010366439819336,0.0,0.0,1,0,0.3976140022277832,0
9891,326.7259726524353,35.719916199690005,6.007194519042969,0.0,0.0,0,0,0.3990478515625,0
9892,326.75197172164917,38.46291541339593,6.999015808105469,0.0,0.0,1,0,0.3976140022277832,0
9893,326.78403902053833,31.184416356877325,11.072397232055664,0.0,0.0,0,0,0.3976140022277832,0
9894,326.8149724006653,32.32753730422987,11.995553970336914,0.0,0.0,1,0,0.3976140022277832,0
9895,326.8439772129059,34.47703752414615,6.0100555419921875,0.0,0.0,0,0,0.3976473808288574,0
9896,326.8709740638733,37.04135720152252,6.999492645263672,0.0,0.0,1,0,0.3976140022277832,0
9897,326.8989658355713,35.72478408258522,5.001068115234375,0.0,0.0,0,0,0.3990507125854492,0
9898,326.9260370731354,36.93957461799287,6.993770599365234,0.0,0.0,1,0,0.3976144790649414,0
9899,326.95396757125854,35.803156663735926,4.999637603759766,0.0,0.0,0,0,0.3990488052368164,0
9900,326.9799723625183,38.454452105031535,5.999565124511719,0.0,0.0,1,0,0.3976144790649414,0
9901,327.0079765319824,35.70896831207751,5.002021789550781,0.0,0.0,0,0,0.3990488052368164,0
9902,327.03197264671326,41.673413017775,6.00743293762207,0.0,0.0,1,0,0.3976144790649414,0
9903,327.0589671134949,38.46644289146903,5.002737045288086,0.0,0.0,0,0,0.3990488052368164,0
9904,327.0849726200104,38.45409954800913,6.000280380249023,0.0,0.0,1,0,0.3976140022277832,0
9905,327.1119771003723,35.710792493954976,5.010366439819336,0.0,0.0,0,0,0.3990483283996582,0
9906,327.13796949386597,40.00442553840871,5.007743835449219,0.0,0.0,1,0,0.3976144790649414,0
9907,327.16696667671204,34.48695938168064,4.996299743652344,0.0,0.0,0,0,0.3990511894226074,0
9908,327.18997597694397,41.657684858717786,6.995439529418945,0.0,0.0,1,0,0.3976144790649414,0
9909,327.2119724750519,47.62141786638812,3.998994827270508,0.0,0.0,0,0,0.3990449905395508,0
9910,327.23897194862366,35.71809108560139,5.998134613037109,0.0,0.0,1,0,0.3976144790649414,0
9911,327.26200103759766,43.42334171920779,4.027843475341797,0.0,0.0,0,0,0.3990449905395508,0
9912,327.2890057563782,37.030565218159026,6.006479263305664,0.0,0.0,1,0,0.3976144790649414,0
9913,327.31399941444397,41.676725722632376,5.001306533813477,0.0,0.0,0,0,0.3990449905395508,0
9914,327.33900332450867,39.9952703347001,7.00068473815918,0.0,0.0,1,0,0.3976144790649414,0
9915,327.36399960517883,38.46644289146903,5.999088287353516,0.0,0.0,0,0,0.3990449905395508,0
9916,327.3919999599457,37.03677801619469,6.000041961669922,0.0,0.0,1,0,0.3976144790649414,0
9917,327.4160010814667,39.99794016955456,5.000829696655273,0.0,0.0,0,0,0.3990449905395508,0
9918,327.44400453567505,37.03546988547563,6.001949310302734,0.0,0.0,1,0,0.3976144790649414,0
9919,327.46900248527527,38.46115191695781,4.999876022338867,0.0,0.0,0,0,0.3990449905395508,0
9920,327.49800062179565,34.48497455334753,5.997896194458008,0.0,0.0,1,0,0.3976140022277832,0
9921,327.5230007171631,41.662236525816,5.002021789550781,0.0,0.0,0,0,0.3990445137023926,0
9922,327.5529987812042,32.26263605245952,5.994319915771484,0.0,0.0,1,0,0.39771270751953125,0
9923,327.5830023288727,33.329391945583424,5.0029754638671875,0.0,0.0,0,0,0.4017148017883301,0
9924,327.61000299453735,37.03612393928423,6.003379821777344,0.0,0.0,1,0,0.4004993438720703,0
9925,327.6350018978119,40.001754837725194,4.998207092285156,0.0,0.0,0,0,0.4021921157836914,0
9926,327.66200590133667,37.031546047694306,7.006406784057617,0.0,0.0,1,0,0.4005146026611328,0
9927,327.68401050567627,45.44503434676144,5.001544952392578,0.0,0.0,0,0,0.4001154899597168,0
9928,327.7129988670349,34.496603227345254,6.999492645263672,0.0,0.0,1,0,0.40062475204467773,0
9929,327.7390058040619,38.451279324538646,7.006168365478516,0.0,0.0,0,0,0.3991551399230957,0
9930,327.7760019302368,27.029856998318007,12.99738883972168,0.0,0.0,1,0,0.4007139205932617,0
9931,327.81199979782104,28.57038540659101,13.002634048461914,0.0,0.0,0,0,0.39977264404296875,0
9932,327.8410325050354,33.300813008130085,6.999731063842773,0.0,0.0,1,0,0.40076255798339844,0
9933,327.8670334815979,38.460093896713616,5.996465682983398,0.0,0.0,0,0,0.3990445137023926,0
9934,327.8980436325073,32.24750511278889,7.002115249633789,0.0,0.0,1,0,0.3976140022277832,0
9935,327.9250421524048,37.039067467326035,5.001068115234375,0.0,0.0,0,0,0.3976140022277832,0
9936,327.95404148101807,34.48355695869508,7.0095062255859375,0.0,0.0,1,0,0.3976140022277832,0
9937,327.9790418148041,39.99946594951316,5.008935928344727,0.0,0.0,0,0,0.3976140022277832,0
9938,328.00404167175293,40.00022888314562,6.001949310302734,0.0,0.0,1,0,0.3976140022277832,0
9939,328.03003764152527,40.00557023358736,4.999637603759766,0.0,0.0,0,0,0.3976140022277832,0
9940,328.05703926086426,35.7129209417174,5.996942520141602,0.0,0.0,1,0,0.3976140022277832,0
9941,328.0830419063568,40.00824144377886,4.995107650756836,0.0,0.0,0,0,0.3976140022277832,0
9942,328.1100363731384,35.7114005959983,6.99615478515625,0.0,0.0,1,0,0.3976140022277832,0
9943,328.13503885269165,39.996033108288515,5.930185317993164,0.0,0.0,0,0,0.3976140022277832,0
9944,328.16203117370605,37.0475736216369,5.993127822875977,0.0,0.0,1,0,0.3976140022277832,0
9945,328.1870393753052,39.98688174503299,5.006074905395508,0.0,0.0,0,0,0.3976140022277832,0
9946,328.214035987854,37.041684329518155,6.001949310302734,0.0,0.0,1,0,0.3976140022277832,0
9947,328.24104166030884,37.02925752626468,6.002902984619141,0.0,0.0,0,0,0.3976140022277832,0
9948,328.2680311203003,38.47632327309421,4.99725341796875,0.0,0.0,1,0,0.3976140022277832,0
9949,328.2930941581726,38.36932140439468,4.9953460693359375,0.0,0.0,0,0,0.3976140022277832,0
9950,328.31710386276245,43.43908198351216,6.006479263305664,0.0,0.0,1,0,0.3976140022277832,0
9951,328.34303975105286,38.57327839905827,6.001472473144531,0.0,0.0,0,0,0.3976140022277832,0
9952,328.368038892746,38.46256270117103,5.998134613037109,0.0,0.0,1,0,0.3976140022277832,0
9953,328.3920331001282,41.676725722632376,5.001544952392578,0.0,0.0,0,0,0.3976140022277832,0
9954,328.4170413017273,39.98688174503299,6.003379821777344,0.0,0.0,1,0,0.3976140022277832,0
9955,328.4420385360718,41.670100839501266,5.005836486816406,0.0,0.0,0,0,0.3976140022277832,0
9956,328.46704053878784,38.459741236234265,6.002187728881836,0.0,0.0,1,0,0.3976140022277832,0
9957,328.49304604530334,40.01205807719459,4.997730255126953,0.0,0.0,0,0,0.3976140022277832,0
9958,328.51704382896423,39.98268876962527,5.012273788452148,0.0,0.0,1,0,0.3976140022277832,0
9959,328.5380403995514,47.6268253355438,5.008220672607422,0.0,0.0,0,0,0.3976144790649414,0
9960,328.56503891944885,37.039067467326035,6.000518798828125,0.0,0.0,1,0,0.3976144790649414,0
9961,328.5890429019928,41.65975367500993,4.005193710327148,0.0,0.0,0,0,0.3976140022277832,0
9962,328.6130402088165,41.67134284465286,6.00886344909668,0.0,0.0,1,0,0.3976140022277832,0
9963,328.63704228401184,41.663064208518755,5.003690719604492,0.0,0.0,0,0,0.3976144790649414,0
9964,328.6650321483612,37.04266574817405,5.002498626708984,0.0,0.0,1,0,0.3976144790649414,0
9965,328.68903946876526,39.99794016955456,4.9419403076171875,0.0,0.0,0,0,0.3976140022277832,0
9966,328.71503925323486,38.4618572961275,6.000518798828125,0.0,0.0,1,0,0.3976140022277832,0
9967,328.7410378456116,39.9967959109721,4.999399185180664,0.0,0.0,0,0,0.3976140022277832,0
9968,328.7680308818817,35.727522849817284,7.000446319580078,0.0,0.0,1,0,0.3976140022277832,0
9969,328.79403352737427,38.45762540916718,5.99980354309082,0.0,0.0,0,0,0.3976144790649414,0
9970,328.8220314979553,35.71687444648818,8.000612258911133,0.0,0.0,1,0,0.3976144790649414,0
9971,328.8510317802429,34.482422966884805,5.999565124511719,0.0,0.0,0,0,0.3976144790649414,0
9972,328.87803506851196,37.03252692918947,6.9980621337890625,0.0,0.0,1,0,0.3976144790649414,0
9973,328.905038356781,38.45621498711801,5.00035285949707,0.0,0.0,0,0,0.3976144790649414,0
9974,328.92903184890747,41.668444947794036,6.005764007568359,0.0,0.0,1,0,0.3976144790649414,0
9975,328.9530391693115,39.99755874275252,5.002737045288086,0.0,0.0,0,0,0.3976144790649414,0
9976,328.97903990745544,38.46044656366054,6.00433349609375,0.0,0.0,1,0,0.3976144790649414,0
9977,329.0050382614136,40.001754837725194,4.000663757324219,0.0,0.0,0,0,0.3976140022277832,0
9978,329.03003764152527,38.46326813208983,5.99980354309082,0.0,0.0,1,0,0.3976140022277832,0
9979,329.0540325641632,41.67548339659387,5.001068115234375,0.0,0.0,0,0,0.3976140022277832,0
9980,329.0800325870514,38.46150460330851,6.001710891723633,0.0,0.0,1,0,0.3976140022277832,0
9981,329.1060428619385,39.97316254955779,5.011558532714844,0.0,0.0,0,0,0.3976140022277832,0
9982,329.13103461265564,38.483383796678595,5.996227264404297,0.0,0.0,1,0,0.3976140022277832,0
9983,329.15609908103943,41.566036052999294,4.058361053466797,0.0,0.0,0,0,0.3976140022277832,0
9984,329.18903851509094,30.35018126297966,13.002157211303711,0.0,0.0,1,0,0.3976140022277832,0
9985,329.2130308151245,40.0170207894059,4.936933517456055,0.0,0.0,0,0,0.3976140022277832,0
9986,329.23704743385315,41.6378346718553,6.935358047485352,0.0,0.0,1,0,0.3976140022277832,0
9987,329.26203417778015,40.021220969065475,5.000591278076172,0.0,0.0,0,0,0.3976140022277832,0
9988,329.28703331947327,40.00137333816545,5.999088287353516,0.0,0.0,1,0,0.3976140022277832,0
9989,329.3120470046997,41.66720311537621,3.990650177001953,0.0,0.0,0,0,0.3976140022277832,0
9990,329.34903621673584,26.313569264164318,17.99798011779785,0.0,0.0,1,0,0.3976140022277832,0
9991,329.3800344467163,32.25990647304947,5.995988845825195,0.0,0.0,0,0,0.3976140022277832,0
9992,329.4130349159241,31.24807414360854,7.000207901000977,0.0,0.0,1,0,0.3976140022277832,0
9993,329.44109201431274,35.64281586729665,5.990743637084961,0.0,0.0,0,0,0.3976140022277832,0
9994,329.4690361022949,35.7829970566907,6.000518798828125,0.0,0.0,1,0,0.3976140022277832,0
9995,329.4960346221924,35.719612001056014,6.000280380249023,0.0,0.0,0,0,0.3976140022277832,0
9996,329.5230321884155,37.04037585220248,5.995988845825195,0.0,0.0,1,0,0.3976140022277832,0
9997,329.5490438938141,38.444230575338445,5.003690719604492,0.0,0.0,0,0,0.3976140022277832,0
9998,329.5750398635864,40.020075378083106,5.997896194458008,0.0,0.0,1,0,0.3976140022277832,0
9999,329.6010401248932,38.45163182984965,4.004478454589844,0.0,0.0,0,0,0.3976140022277832,0
10000,329.6270315647125,37.045937519320965,5.993843078613281,0.0,0.0,1,0,0.3976140022277832,0
10001,329.6520459651947,39.9769724928039,5.006313323974609,0.0,0.0,0,0,0.3976140022277832,0
10002,329.68075728416443,36.07134625638556,6.019830703735352,0.0,0.0,1,0,0.3976140022277832,0
10003,329.7057502269745,38.48903408152403,4.995584487915039,0.0,0.0,0,0,0.3976140022277832,0
10004,329.7317545413971,38.455157238470704,6.000280380249023,0.0,0.0,1,0,0.3976140022277832,0
10005,329.75775504112244,38.46079923707521,5.0067901611328125,0.0,0.0,0,0,0.3990445137023926,0
10006,329.78674840927124,35.71413731150109,7.001161575317383,0.0,0.0,1,0,0.3976140022277832,0
10007,329.8118121623993,38.37739612593901,5.063056945800781,0.0,0.0,0,0,0.3976140022277832,0
10008,329.83774852752686,38.55590384703773,6.000280380249023,0.0,0.0,1,0,0.3976140022277832,0
10009,329.86475467681885,38.45198434162396,5.007266998291016,0.0,0.0,0,0,0.3976140022277832,0
10010,329.88975524902344,38.46115191695781,7.001638412475586,0.0,0.0,1,0,0.3976140022277832,0
10011,329.9137511253357,41.67382707708205,5.001306533813477,0.0,0.0,0,0,0.39911413192749023,0
10012,329.9407546520233,38.45621498711801,5.997896194458008,0.0,0.0,1,0,0.3976140022277832,0
10013,329.9667501449585,37.04332005617035,5.995512008666992,0.0,0.0,0,0,0.3990507125854492,0
10014,329.99374771118164,37.04037585220248,5.990505218505859,0.0,0.0,1,0,0.3976144790649414,0
10015,330.0197603702545,39.9967959109721,4.991292953491211,0.0,0.0,0,0,0.3990488052368164,0
10016,330.04575181007385,38.46150460330851,4.986763000488281,0.0,0.0,1,0,0.3976144790649414,0
10017,330.07075595855713,38.45233685986175,4.998207092285156,0.0,0.0,0,0,0.3990459442138672,0
10018,330.0978126525879,36.95943040428607,6.002902984619141,0.0,0.0,1,0,0.3976144790649414,0
10019,330.12380480766296,38.47314688265348,4.99415397644043,0.0,0.0,0,0,0.3990511894226074,0
10020,330.15180563926697,37.03089215556439,5.995750427246094,0.0,0.0,1,0,0.3976144790649414,0
10021,330.1768035888672,38.46997101661958,5.000591278076172,0.0,0.0,0,0,0.3990488052368164,0
10022,330.2018172740936,39.97811561740457,7.010221481323242,0.0,0.0,1,0,0.3976144790649414,0
10023,330.2278118133545,38.469618174980965,5.008697509765625,0.0,0.0,0,0,0.39905261993408203,0
10024,330.2548100948334,37.0393945548795,6.005048751831055,0.0,0.0,1,0,0.3976144790649414,0
10025,330.28080916404724,40.00099184588241,4.996776580810547,0.0,0.0,0,0,0.3990483283996582,0
10026,330.30781078338623,35.71261686221753,6.000280380249023,0.0,0.0,1,0,0.3976144790649414,0
10027,330.33880639076233,33.33839917335665,4.001617431640625,0.0,0.0,0,0,0.3976140022277832,0
10028,330.36480736732483,37.03546988547563,6.001472473144531,0.0,0.0,1,0,0.3976140022277832,0
10029,330.38780403137207,43.484567933233116,5.000591278076172,0.0,0.0,0,0,0.4006843566894531,0
10030,330.415803194046,35.71535376414588,6.999492645263672,0.0,0.0,1,0,0.3976559638977051,0
10031,330.44080996513367,41.66637526821903,4.9991607666015625,0.0,0.0,0,0,0.4025716781616211,0
10032,330.4728088378906,30.298002672734498,8.004188537597656,0.0,0.0,1,0,0.3993654251098633,0
10033,330.5008153915405,35.705928423059895,6.010770797729492,0.0,0.0,0,0,0.40158653259277344,0
10034,330.52680230140686,38.48091231868767,6.000041961669922,0.0,0.0,1,0,0.400846004486084,0
10035,330.5498118400574,45.45291402067665,4.998207092285156,0.0,0.0,0,0,0.4017167091369629,0
10036,330.5818123817444,30.294501303710337,7.010459899902344,0.0,0.0,1,0,0.40039682388305664,0
10037,330.60580372810364,41.68169576753754,6.002187728881836,0.0,0.0,0,0,0.4024081230163574,0
10038,330.65580439567566,19.99973297475658,7.998466491699219,0.0,0.0,1,0,0.39950084686279297,0
10039,330.6828067302704,37.03383485201667,5.999565124511719,0.0,0.0,0,0,0.4014763832092285,0
10040,330.7128036022186,33.336809308831945,5.999565124511719,0.0,0.0,1,0,0.3996901512145996,0
10041,330.7428123950958,34.48100558199949,5.000591278076172,0.0,0.0,0,0,0.3997526168823242,0
10042,330.775803565979,29.413071528751754,8.00013542175293,0.0,0.0,1,0,0.39971303939819336,0
10043,330.80581498146057,34.478738008532744,5.003213882446289,0.0,0.0,0,0,0.3999638557434082,0
10044,330.8378050327301,31.252265140677157,6.999969482421875,0.0,0.0,1,0,0.399843692779541,0
10045,330.8668065071106,33.33124597693842,4.999876022338867,0.0,0.0,0,0,0.4000825881958008,0
10046,330.8998110294342,30.298878141456754,12.008428573608398,0.0,0.0,0,0,0.4005155563354492,1
10047,330.93486523628235,28.52724651086868,11.018753051757812,0.0,0.0,0,0,0.3976144790649414,1
10048,330.9708044528961,28.616778560122263,11.0015869140625,0.0,0.0,0,0,0.3998708724975586,1
10049,331.00486421585083,28.52705248624421,10.990381240844727,0.0,0.0,0,0,0.3976144790649414,1
10050,331.0418632030487,27.027766858910333,11.996269226074219,0.0,0.0,0,0,0.39858150482177734,1
10051,331.07695055007935,29.413484060084993,9.999275207519531,0.0,0.0,0,0,0.3976144790649414,1
10052,331.11286330223083,27.025502905965283,12.003421783447266,0.0,0.0,0,0,0.39858150482177734,1
10053,331.1448619365692,31.25133371084553,9.999752044677734,0.0,0.0,0,0,0.3976144790649414,1
10054,331.18086552619934,28.5596856891891,11.012077331542969,0.0,0.0,0,0,0.39858150482177734,1
10055,331.208927154541,34.422427943010966,5.050182342529297,0.0,0.0,0,0,0.3976140022277832,0
10056,331.26686120033264,17.562542657471496,31.93521499633789,0.0,0.0,1,0,0.39920663833618164,0
10057,331.29486775398254,34.48128904965472,6.000041961669922,0.0,0.0,0,0,0.39929866790771484,0
10058,331.320867061615,38.46256270117103,5.9947967529296875,0.0,0.0,1,0,0.3993721008300781,0
10059,331.34886717796326,35.71413731150109,4.997014999389648,0.0,0.0,0,0,0.39945363998413086,0
10060,331.3788673877716,34.48128904965472,5.001068115234375,0.0,0.0,1,0,0.3976140022277832,0
10061,331.4068605899811,34.49206427525863,3.9911270141601562,0.0,0.0,0,0,0.3976140022277832,0
10062,331.43786907196045,33.32171315532322,8.010625839233398,0.0,0.0,1,0,0.3976140022277832,0
10063,331.4598608016968,43.497645863148946,4.993915557861328,0.0,0.0,0,0,0.3976140022277832,0
10064,331.48886704444885,34.475337207486376,5.999565124511719,0.0,0.0,1,0,0.3976140022277832,0
10065,331.51686835289,35.71261686221753,6.00123405456543,0.0,0.0,0,0,0.3976144790649414,0
10066,331.5458679199219,34.483273453750215,6.008148193359375,0.0,0.0,1,0,0.3976144790649414,0
10067,331.5728621482849,38.46679567486266,4.003047943115234,0.0,0.0,0,0,0.3976144790649414,0
10068,331.60286355018616,32.25891401322873,7.996082305908203,0.0,0.0,1,0,0.3976144790649414,0
10069,331.6278598308563,40.00595181320463,4.930973052978516,0.0,0.0,0,0,0.3976140022277832,0
10070,331.6619246006012,29.355842047061127,7.001161575317383,0.0,0.0,1,0,0.3976140022277832,0
10071,331.68686866760254,40.08969347084293,5.006313323974609,0.0,0.0,0,0,0.3976140022277832,0
10072,331.7158625125885,35.7186994362407,6.002187728881836,0.0,0.0,1,0,0.3976140022277832,0
10073,331.7409279346466,38.36897040662306,5.995750427246094,0.0,0.0,0,0,0.3976140022277832,0
10074,331.7708704471588,33.3973309551868,8.008480072021484,0.0,0.0,1,0,0.3976140022277832,0
10075,331.7958698272705,41.668444947794036,5.008935928344727,0.0,0.0,0,0,0.3976140022277832,0
10076,331.82386350631714,34.48979524710139,6.000518798828125,0.0,0.0,1,0,0.3976140022277832,0
10077,331.8488714694977,39.98726296822416,4.997968673706055,0.0,0.0,0,0,0.3976140022277832,0
10078,331.87693667411804,35.63130978473249,6.066799163818359,0.0,0.0,1,0,0.3976140022277832,0
10079,331.89986634254456,43.61162060432133,4.99415397644043,0.0,0.0,0,0,0.3976140022277832,0
10080,331.9298801422119,33.31800741935228,8.01992416381836,0.0,0.0,1,0,0.3976140022277832,0
10081,331.95586609840393,38.48232455295294,4.979848861694336,0.0,0.0,0,0,0.3976144790649414,0
10082,331.97987127304077,41.657684858717786,6.003618240356445,0.0,0.0,1,0,0.3976144790649414,0
10083,332.0018661022186,45.465231482987,5.997896194458008,0.0,0.0,0,0,0.3976144790649414,0
10084,332.0348722934723,30.297346104393302,11.005163192749023,0.0,0.0,1,0,0.3976144790649414,0
10085,332.05892395973206,41.57716098334655,5.062103271484375,0.0,0.0,0,0,0.3976144790649414,0
10086,332.0878674983978,35.796128767965044,5.936384201049805,0.0,0.0,1,0,0.3976144790649414,0
10087,332.10986971855164,43.45978655061651,5.009651184082031,0.0,0.0,0,0,0.3976144790649414,0
10088,332.1378769874573,35.705016557277965,6.00886344909668,0.0,0.0,1,0,0.3976144790649414,0
10089,332.15993571281433,47.51729372712957,3.9865970611572266,0.0,0.0,0,0,0.3976140022277832,0
10090,332.1868624687195,35.790325195620824,6.002664566040039,0.0,0.0,1,0,0.3976140022277832,0
10091,332.20886874198914,47.59385886277758,5.006313323974609,0.0,0.0,0,0,0.3976140022277832,0
10092,332.2358717918396,35.71657029966023,5.996942520141602,0.0,0.0,1,0,0.3976140022277832,0
10093,332.25786781311035,45.46276745648074,5.00035285949707,0.0,0.0,0,0,0.3976140022277832,0
10094,332.2808663845062,43.48096161222438,5.99980354309082,0.0,0.0,1,0,0.3976140022277832,0
10095,332.307110786438,38.103364008830184,5.243778228759766,0.0,0.0,0,0,0.3976140022277832,0
10096,332.3351082801819,37.03972164820996,5.994081497192383,0.0,0.0,1,0,0.3976140022277832,0
10097,332.35811042785645,43.47600389742314,4.006624221801758,0.0,0.0,0,0,0.3976140022277832,0
10098,332.38510847091675,35.71626615801216,5.995512008666992,0.0,0.0,1,0,0.3976140022277832,0
10099,332.4081025123596,43.489527601509685,4.990339279174805,0.0,0.0,0,0,0.3976144790649414,0
10100,332.4341125488281,38.446697343575266,6.003618240356445,0.0,0.0,1,0,0.3976144790649414,0
10101,332.45510959625244,47.625743743470956,4.001379013061523,0.0,0.0,0,0,0.3976144790649414,0
10102,332.4821090698242,37.03775917487902,6.000280380249023,0.0,0.0,1,0,0.3976144790649414,0
10103,332.51010847091675,35.715049643216,5.007028579711914,0.0,0.0,0,0,0.3976144790649414,0
10104,332.5371057987213,37.04070296286484,6.997585296630859,0.0,0.0,1,0,0.3976144790649414,0
10105,332.55810379981995,47.623580706694526,4.001379013061523,0.0,0.0,0,0,0.3976144790649414,0
10106,332.58210802078247,41.65933989531292,6.005764007568359,0.0,0.0,1,0,0.3976144790649414,0
10107,332.6091146469116,37.02794992672634,5.003690719604492,0.0,0.0,0,0,0.3976140022277832,0
10108,332.6371030807495,37.04561031619855,4.994869232177734,0.0,0.0,1,0,0.3976140022277832,0
10109,332.6611075401306,40.00137333816545,5.984067916870117,0.0,0.0,0,0,0.3976140022277832,0
10110,332.68916630744934,35.63948439504788,5.995035171508789,0.0,0.0,1,0,0.3976140022277832,0
10111,332.71811294555664,34.54632611542611,6.010532379150391,0.0,0.0,0,0,0.3976140022277832,0
10112,332.7491157054901,32.25519283269889,8.013486862182617,0.0,0.0,1,0,0.3976140022277832,0
10113,332.78110551834106,31.259951555803987,8.002042770385742,0.0,0.0,0,0,0.3976144790649414,0
10114,332.813111782074,31.243884270432943,6.937503814697266,0.0,0.0,1,0,0.3976144790649414,0
10115,332.8431062698364,33.33945916728932,6.002664566040039,0.0,0.0,0,0,0.3976144790649414,0
10116,332.8731036186218,34.48157252197075,6.00433349609375,0.0,0.0,1,0,0.3976144790649414,0
10117,332.9011027812958,34.48809367188528,4.9991607666015625,0.0,0.0,0,0,0.3976144790649414,0
10118,332.9291114807129,37.031546047694306,7.000207901000977,0.0,0.0,1,0,0.3976144790649414,0
10119,332.9591064453125,33.33071623264647,5.003690719604492,0.0,0.0,0,0,0.3976144790649414,0
10120,332.98910427093506,32.263132389252554,7.000207901000977,0.0,0.0,1,0,0.3976144790649414,0
10121,333.0181050300598,34.481855998947694,5.002021789550781,0.0,0.0,0,0,0.3976144790649414,0
10122,333.0501036643982,31.25133371084553,6.999492645263672,0.0,0.0,1,0,0.3976144790649414,0
10123,333.0791118144989,34.473070379472176,4.999876022338867,0.0,0.0,0,0,0.3976140022277832,0
10124,333.11010909080505,32.26089899393902,7.002353668212891,0.0,0.0,1,0,0.3976140022277832,0
10125,333.14310359954834,30.30807361856795,7.997989654541016,0.0,0.0,0,0,0.3976140022277832,0
10126,333.1751034259796,31.250169501627962,7.0018768310546875,0.0,0.0,1,0,0.3976140022277832,0
10127,333.203106880188,35.70988037971989,6.001710891723633,0.0,0.0,0,0,0.3976140022277832,0
10128,333.2351086139679,32.248744819738434,6.005525588989258,0.0,0.0,1,0,0.3976140022277832,0
10129,333.2671058177948,30.312235311122354,7.001399993896484,0.0,0.0,0,0,0.3976140022277832,0
10130,333.29511284828186,35.70532050736358,7.94529914855957,0.0,0.0,1,0,0.39803504943847656,0
10131,333.3261125087738,33.34051922862911,4.99725341796875,0.0,0.0,0,0,0.4006690979003906,0
10132,333.3561089038849,32.255440884691694,7.000446319580078,0.0,0.0,1,0,0.39933347702026367,0
10133,333.384991645813,35.87297405940763,4.993677139282227,0.0,0.0,0,0,0.40081214904785156,0
10134,333.41699719429016,32.25767352432224,6.999492645263672,0.0,0.0,1,0,0.39946508407592773,0
10135,333.44599509239197,32.24800098413089,6.003618240356445,0.0,0.0,0,0,0.4008216857910156,0
10136,333.4789972305298,30.30106703462625,6.007909774780273,0.0,0.0,1,0,0.3976140022277832,0
10137,333.50898933410645,34.496603227345254,5.00035285949707,0.0,0.0,0,0,0.3976144790649414,0
10138,333.5379865169525,33.3323055160411,6.995201110839844,0.0,0.0,1,0,0.3976144790649414,0
10139,333.5660548210144,35.627375198552585,5.067110061645508,0.0,0.0,0,0,0.3976140022277832,0
10140,333.59598660469055,34.55771147967801,7.000207901000977,0.0,0.0,1,0,0.3976140022277832,0
10141,333.6229875087738,37.04626472822343,3.9963722229003906,0.0,0.0,0,0,0.3976140022277832,0
10142,333.6469852924347,39.99984741269145,5.993843078613281,0.0,0.0,1,0,0.3976140022277832,0
10143,333.6699914932251,43.4665423078916,5.005359649658203,0.0,0.0,0,0,0.3976140022277832,0
10144,333.69899249076843,34.48157252197075,8.001327514648438,0.0,0.0,1,0,0.3976140022277832,0
10145,333.7249872684479,40.00518866124909,4.997968673706055,0.0,0.0,0,0,0.3976140022277832,0
10146,333.75199007987976,35.713225026395556,7.002353668212891,0.0,0.0,1,0,0.3976140022277832,0
10147,333.77898955345154,37.03775917487902,5.937337875366211,0.0,0.0,0,0,0.3976140022277832,0
10148,333.8079915046692,34.48043866067098,6.999731063842773,0.0,0.0,1,0,0.3976140022277832,0
10149,333.83798599243164,34.48781009233907,5.994319915771484,0.0,0.0,0,0,0.3976140022277832,0
10150,333.86698842048645,33.33204062495033,7.000923156738281,0.0,0.0,1,0,0.3976140022277832,0
10151,333.8909912109375,41.66182269679662,4.998683929443359,0.0,0.0,0,0,0.3976140022277832,0
10152,333.91899156570435,35.71383321128727,6.0062408447265625,0.0,0.0,1,0,0.3976140022277832,0
10153,333.94098591804504,45.466217168377575,3.984689712524414,0.0,0.0,0,0,0.3976140022277832,0
10154,333.96599197387695,39.990313015455314,6.996870040893555,0.0,0.0,1,0,0.3976140022277832,0
10155,333.9929986000061,37.02794992672634,5.0067901611328125,0.0,0.0,0,0,0.3976140022277832,0
10156,334.02203941345215,35.63797029534718,6.016016006469727,0.0,0.0,1,0,0.3976140022277832,0
10157,334.05404901504517,30.311797184401467,4.942178726196289,0.0,0.0,0,0,0.3976140022277832,0
10158,334.08003520965576,38.48197148466888,5.99217414855957,0.0,0.0,1,0,0.3976140022277832,0
10159,334.1020450592041,45.43420425495039,5.001306533813477,0.0,0.0,0,0,0.3976140022277832,0
10160,334.1290400028229,37.04397438728196,4.992485046386719,0.0,0.0,1,0,0.3976140022277832,0
10161,334.1557755470276,37.40339049555455,5.661249160766602,0.0,0.0,0,0,0.3976140022277832,0
10162,334.18526005744934,33.91611343365651,5.996942520141602,0.0,0.0,1,0,0.3976140022277832,0
10163,334.20729303359985,45.38651488426953,5.029201507568359,0.0,0.0,0,0,0.3976140022277832,0
10164,334.2353231906891,37.08950710079055,5.935192108154297,0.0,0.0,1,0,0.3976140022277832,0
10165,334.2572605609894,43.46744323422424,5.002498626708984,0.0,0.0,0,0,0.3976140022277832,0
10166,334.281263589859,41.661408875998255,7.003307342529297,0.0,0.0,1,0,0.3976140022277832,0
10167,334.30826020240784,38.462209995414945,4.002094268798828,0.0,0.0,0,0,0.3976140022277832,0
10168,334.3342533111572,38.47314688265348,4.994869232177734,0.0,0.0,1,0,0.3976140022277832,0
10169,334.36127281188965,36.97898152066582,3.9780139923095703,0.0,0.0,0,0,0.3976140022277832,0
10170,334.38725423812866,37.09672397933914,5.988836288452148,0.0,0.0,1,0,0.3976140022277832,0
10171,334.4152545928955,35.71383321128727,4.994392395019531,0.0,0.0,0,0,0.3976140022277832,0
10172,334.4432547092438,35.71413731150109,7.99560546875,0.0,0.0,1,0,0.3976140022277832,0
10173,334.4692599773407,39.990313015455314,3.9947032928466797,0.0,0.0,0,0,0.3976140022277832,0
10174,334.4912533760071,43.49223335199817,5.987644195556641,0.0,0.0,1,0,0.3976140022277832,0
10175,334.51825618743896,37.0331808790549,5.00035285949707,0.0,0.0,0,0,0.3976140022277832,0
10176,334.54595470428467,36.2446552945853,6.590604782104492,0.0,0.0,1,0,0.3976140022277832,0
10177,334.57286310195923,38.4526893845632,3.9987564086914062,0.0,0.0,0,0,0.3976140022277832,0
10178,334.5968654155731,39.97925880738143,6.006002426147461,0.0,0.0,1,0,0.3976140022277832,0
10179,334.6248686313629,35.71018441262111,5.009174346923828,0.0,0.0,0,0,0.3976140022277832,0
10180,334.65385365486145,35.7186994362407,7.006406784057617,0.0,0.0,1,0,0.3976140022277832,0
10181,334.68185925483704,34.48979524710139,5.99217414855957,0.0,0.0,0,0,0.3976140022277832,0
10182,334.7098593711853,35.71413731150109,6.999015808105469,0.0,0.0,1,0,0.3976140022277832,0
10183,334.73886728286743,34.473353716671596,7.007837295532227,0.0,0.0,0,0,0.3976140022277832,0
10184,334.76685404777527,35.73117519274183,6.999731063842773,0.0,0.0,1,0,0.3976140022277832,0
10185,334.7948591709137,35.707752294359025,6.00433349609375,0.0,0.0,0,0,0.3976140022277832,0
10186,334.82286047935486,37.03579690949228,6.933689117431641,0.0,0.0,1,0,0.3976140022277832,0
10187,334.84985613822937,35.719307807603215,4.943370819091797,0.0,0.0,0,0,0.3976140022277832,0
10188,334.8768572807312,38.455157238470704,6.004810333251953,0.0,0.0,1,0,0.3976140022277832,0
10189,334.9028551578522,37.044301561506394,4.9915313720703125,0.0,0.0,0,0,0.3976140022277832,0
10190,334.9279386997223,41.64486278247746,6.005525588989258,0.0,0.0,1,0,0.3976140022277832,0
10191,334.95486187934875,35.7217415003066,3.997802734375,0.0,0.0,0,0,0.3976140022277832,0
10192,334.9779803752899,43.255409112472414,6.044149398803711,0.0,0.0,1,0,0.3976140022277832,0
10193,335.0049464702606,37.0836044702221,4.940986633300781,0.0,0.0,0,0,0.3976140022277832,0
10194,335.02694749832153,45.45242146100413,5.929470062255859,0.0,0.0,1,0,0.3976140022277832,0
10195,335.0539426803589,37.04364721883666,4.999399185180664,0.0,0.0,0,0,0.3976140022277832,0
10196,335.07595109939575,45.43715740439822,6.006002426147461,0.0,0.0,1,0,0.3976140022277832,0
10197,335.10295248031616,37.035142867234136,4.99725341796875,0.0,0.0,0,0,0.3976140022277832,0
10198,335.13394689559937,32.26387692307692,13.003349304199219,0.0,0.0,1,0,0.3976140022277832,0
10199,335.15994930267334,40.00595181320463,4.999876022338867,0.0,0.0,0,0,0.3976140022277832,0
10200,335.1829528808594,41.64982523037814,7.004022598266602,0.0,0.0,1,0,0.3976140022277832,0
10201,335.2090036869049,39.8993930861285,5.001544952392578,0.0,0.0,0,0,0.3976140022277832,0
10202,335.23295378685,40.09965869001979,6.003618240356445,0.0,0.0,1,0,0.3976140022277832,0
10203,335.2590138912201,38.37283173534363,5.006313323974609,0.0,0.0,0,0,0.3976140022277832,0
10204,335.28194189071655,45.58976532863773,6.000041961669922,0.0,0.0,1,0,0.3976140022277832,0
10205,335.3090076446533,36.94543148325949,6.061553955078125,0.0,0.0,0,0,0.3976140022277832,0
10206,335.334947347641,37.130878186968836,6.002664566040039,0.0,0.0,1,0,0.3976140022277832,0
10207,335.35995268821716,41.676725722632376,3.9997100830078125,0.0,0.0,0,0,0.3990478515625,0
10208,335.3839490413666,39.988025436413736,6.006002426147461,0.0,0.0,1,0,0.3976140022277832,0
10209,335.4089546203613,39.991075599965676,4.011869430541992,0.0,0.0,0,0,0.3990445137023926,0
10210,335.4339497089386,40.007859820483226,5.998373031616211,0.0,0.0,1,0,0.3976140022277832,0
10211,335.4599492549896,38.462209995414945,5.998134613037109,0.0,0.0,0,0,0.3990478515625,0
10212,335.58303236961365,8.124591281709566,105.07535934448242,0.0,0.0,1,0,0.3976140022277832,0
10213,335.60603189468384,43.47915867602393,4.999876022338867,0.0,0.0,0,0,0.3990445137023926,0
10214,335.62803196907043,47.61222798633263,4.998445510864258,0.0,0.0,1,0,0.3976140022277832,0
10215,335.651025056839,41.68376696945002,3.989696502685547,0.0,0.0,0,0,0.3990445137023926,0
10216,335.67202401161194,50.00123980735301,4.99725341796875,0.0,0.0,1,0,0.3976140022277832,0
10217,335.70002841949463,34.478171161766035,8.91733169555664,0.0,0.0,0,0,0.3976140022277832,0
10218,335.7220947742462,45.317861117413806,5.996942520141602,0.0,0.0,1,0,0.3976140022277832,0
10219,335.74802565574646,40.09352566124669,4.00090217590332,0.0,0.0,0,0,0.3990478515625,0
10220,335.77004075050354,43.470146237316946,7.005214691162109,0.0,0.0,1,0,0.3976140022277832,0
10221,335.79603242874146,40.007478204467844,5.002737045288086,0.0,0.0,0,0,0.3990445137023926,0
10222,335.8260371685028,32.25692927677116,11.005401611328125,0.0,0.0,1,0,0.3976140022277832,0
10223,335.8540344238281,35.71778691805261,5.999565124511719,0.0,0.0,0,0,0.3990445137023926,0
10224,335.8780369758606,41.662236525816,5.008697509765625,0.0,0.0,1,0,0.3976140022277832,0
10225,335.90502524375916,37.05313745063915,4.983186721801758,0.0,0.0,0,0,0.3990478515625,0
10226,335.9290325641632,41.653961507140444,6.000995635986328,0.0,0.0,1,0,0.3976140022277832,0
10227,335.9660315513611,27.027766858910333,5.99980354309082,0.0,0.0,0,0,0.3976140022277832,0
10228,335.99403524398804,35.70957635199564,8.996963500976562,0.0,0.0,1,0,0.3976140022277832,0
10229,336.0200426578522,40.01511190826003,3.988027572631836,0.0,0.0,0,0,0.3990511894226074,0
10230,336.0450313091278,38.45339445335778,5.996465682983398,0.0,0.0,1,0,0.3976140022277832,0
10231,336.06904554367065,41.64196856725872,5.013465881347656,0.0,0.0,0,0,0.3990445137023926,0
10232,336.09403586387634,40.015493669919955,5.008459091186523,0.0,0.0,1,0,0.3976140022277832,0
10233,336.1200315952301,38.467854063869986,4.99725341796875,0.0,0.0,0,0,0.3990445137023926,0
10234,336.1460266113281,39.986500529110614,6.007909774780273,0.0,0.0,1,0,0.3976140022277832,0
10235,336.1790270805359,29.422975475615914,6.000757217407227,0.0,0.0,0,0,0.3976140022277832,0
10236,336.2040317058563,39.99260085624112,5.994319915771484,0.0,0.0,1,0,0.3976140022277832,0
10237,336.2290322780609,41.673413017775,4.001140594482422,0.0,0.0,0,0,0.3990445137023926,0
10238,336.252028465271,41.66554745395665,6.001472473144531,0.0,0.0,1,0,0.3976140022277832,0
10239,336.2731261253357,47.398621313142726,4.099369049072266,0.0,0.0,0,0,0.4006228446960449,0
10240,336.29809832572937,40.04452888553671,6.0062408447265625,0.0,0.0,1,0,0.3976140022277832,0
10241,336.3240325450897,38.55909391777598,5.997419357299805,0.0,0.0,0,0,0.3990483283996582,0
10242,336.3670382499695,23.2527289762112,27.005910873413086,0.0,0.0,1,0,0.3976140022277832,0
10243,336.39202404022217,41.69163941433158,3.999948501586914,0.0,0.0,0,0,0.3990445137023926,0
10244,336.4140365123749,43.45438345662129,5.939483642578125,0.0,0.0,1,0,0.3976140022277832,0
10245,336.4400255680084,38.477735170541074,5.987882614135742,0.0,0.0,0,0,0.3990445137023926,0
10246,336.46203231811523,45.44060323066422,5.9986114501953125,0.0,0.0,1,0,0.3976140022277832,0
10247,336.48302817344666,47.628447815768254,3.995656967163086,0.0,0.0,0,0,0.4011197090148926,0
10248,336.5090320110321,39.98993173410625,6.00123405456543,0.0,0.0,1,0,0.3976140022277832,0
10249,336.5340313911438,38.46609011454617,4.999637603759766,0.0,0.0,0,0,0.3990445137023926,0
10250,336.5600323677063,38.460093896713616,6.986379623413086,0.0,0.0,1,0,0.3976140022277832,0
10251,336.5840256214142,41.67838227256919,5.939245223999023,0.0,0.0,0,0,0.3990445137023926,0
10252,336.6080377101898,43.47645455205083,6.000995635986328,0.0,0.0,1,0,0.3976140022277832,0
10253,336.63002490997314,43.48141236963779,4.992485046386719,0.0,0.0,0,0,0.3990445137023926,0
10254,336.6550316810608,39.989169193219304,6.997585296630859,0.0,0.0,1,0,0.3976140022277832,0
10255,336.679025888443,41.676725722632376,4.941225051879883,0.0,0.0,0,0,0.3990445137023926,0
10256,336.7080385684967,34.46768785747157,6.007194519042969,0.0,0.0,1,0,0.3976140022277832,0
10257,336.73203206062317,41.67796812273938,4.996538162231445,0.0,0.0,0,0,0.3990445137023926,0
10258,336.7560317516327,41.66720311537621,7.99107551574707,0.0,0.0,1,0,0.3976140022277832,0
10259,336.7780249118805,47.63385688165082,5.00035285949707,0.0,0.0,0,0,0.3990445137023926,0
10260,336.80402660369873,38.37142752589015,6.059408187866211,0.0,0.0,1,0,0.3976140022277832,0
10261,336.8290820121765,38.467854063869986,5.996227264404297,0.0,0.0,0,0,0.3990445137023926,0
10262,336.85503101348877,38.53712857641632,6.999969482421875,0.0,0.0,1,0,0.3976140022277832,0
10263,336.8780372142792,43.4665423078916,6.002187728881836,0.0,0.0,0,0,0.3990445137023926,0
10264,336.90302777290344,40.01511190826003,6.995439529418945,0.0,0.0,1,0,0.3976140022277832,0
10265,336.9270350933075,41.653961507140444,5.008697509765625,0.0,0.0,0,0,0.3990445137023926,0
10266,336.9510374069214,41.66265036305663,6.005287170410156,0.0,0.0,1,0,0.3976140022277832,0
10267,336.97503209114075,41.67589749704395,5.000114440917969,0.0,0.0,0,0,0.3990445137023926,0
10268,336.9980251789093,45.44897384218625,5.002260208129883,0.0,0.0,1,0,0.3976140022277832,0
10269,337.02003931999207,43.469695713456595,5.006551742553711,0.0,0.0,0,0,0.40064382553100586,0
10270,337.0430283546448,43.49899920143534,5.995512008666992,0.0,0.0,1,0,0.3976140022277832,0
10271,337.0660321712494,43.471047313053845,5.004644393920898,0.0,0.0,0,0,0.3990445137023926,0
10272,337.0900251865387,41.67879643062981,5.984783172607422,0.0,0.0,1,0,0.3976140022277832,0
10273,337.114031791687,41.6552025503769,5.996465682983398,0.0,0.0,0,0,0.3990445137023926,0
10274,337.1380434036255,41.646516800381285,6.011962890625,0.0,0.0,1,0,0.3976140022277832,0
10275,337.160035610199,45.47065328158539,4.996776580810547,0.0,0.0,0,0,0.4006228446960449,0
10276,337.18303179740906,43.48546960695883,7.00068473815918,0.0,0.0,1,0,0.3976140022277832,0
10277,337.2040321826935,47.61817397425126,4.996776580810547,0.0,0.0,0,0,0.4006843566894531,0
10278,337.2260320186615,45.45488436612697,5.999565124511719,0.0,0.0,1,0,0.3976140022277832,0
10279,337.248024225235,47.634938842261874,3.988981246948242,0.0,0.0,0,0,0.3990445137023926,0
10280,337.2701075077057,45.451928912006935,4.938840866088867,0.0,0.0,1,0,0.3976140022277832,0
10281,337.2920250892639,43.48051086415658,4.999876022338867,0.0,0.0,0,0,0.3990445137023926,0
10282,337.3160321712494,43.4660918587299,6.000041961669922,0.0,0.0,1,0,0.3976140022277832,0
10283,337.3380358219147,43.470146237316946,4.999399185180664,0.0,0.0,0,0,0.3990445137023926,0
10284,337.3611762523651,45.46818866738214,6.989717483520508,0.0,0.0,1,0,0.3976140022277832,0
10285,337.38306736946106,45.400762036716316,4.992008209228516,0.0,0.0,0,0,0.40076208114624023,0
10286,337.4080550670624,38.4618572961275,6.994009017944336,0.0,0.0,1,0,0.3976140022277832,0
10287,337.4300663471222,45.43125148935248,5.004644393920898,0.0,0.0,0,0,0.3990445137023926,0
10288,337.4530658721924,43.47915867602393,7.004737854003906,0.0,0.0,1,0,0.3976140022277832,0
10289,337.4750645160675,45.45734753817642,5.003213882446289,0.0,0.0,0,0,0.40064382553100586,0
10290,337.4970631599426,45.45734753817642,7.002115249633789,0.0,0.0,1,0,0.3976140022277832,0
10291,337.517062664032,50.00123980735301,3.996133804321289,0.0,0.0,0,0,0.3990445137023926,0
10292,337.53906178474426,47.59169872122182,5.017995834350586,0.0,0.0,1,0,0.3976140022277832,0
10293,337.5600616931915,45.481500759054434,4.947185516357422,0.0,0.0,0,0,0.4006638526916504,0
10294,337.5830578804016,43.48546960695883,6.994009017944336,0.0,0.0,1,0,0.3976140022277832,0
10295,337.6050615310669,45.44700400910175,5.000114440917969,0.0,0.0,0,0,0.3990445137023926,0
10296,337.6280617713928,45.464738656318424,5.9947967529296875,0.0,0.0,1,0,0.3976140022277832,0
10297,337.6490616798401,45.44404957961342,5.0067901611328125,0.0,0.0,0,0,0.4014763832092285,0
10298,337.6760609149933,37.03808623932605,7.999181747436523,0.0,0.0,1,0,0.3976140022277832,0
10299,337.6980650424957,45.446019156589955,5.005836486816406,0.0,0.0,0,0,0.4006843566894531,0
10300,337.72105741500854,43.4926843431463,7.001161575317383,0.0,0.0,1,0,0.3976140022277832,0
10301,337.74505400657654,41.67258492384425,5.998849868774414,0.0,0.0,0,0,0.3990445137023926,0
10302,337.77205419540405,37.03677801619469,6.999731063842773,0.0,0.0,1,0,0.3976140022277832,0
10303,337.8030540943146,32.2581697084362,5.990266799926758,0.0,0.0,0,0,0.3976140022277832,0
10304,337.82805585861206,39.9971773232251,8.001327514648438,0.0,0.0,1,0,0.3976140022277832,0
10305,337.8520538806915,41.670100839501266,4.999876022338867,0.0,0.0,0,0,0.3990445137023926,0
10306,337.8760600090027,41.65602995361956,7.005214691162109,0.0,0.0,1,0,0.3976140022277832,0
10307,337.89806938171387,45.43518859544598,5.9261322021484375,0.0,0.0,0,0,0.40070343017578125,0
10308,337.92106103897095,45.47065328158539,5.997896194458008,0.0,0.0,1,0,0.3976140022277832,0
10309,337.9430639743805,43.47375076441505,5.000591278076172,0.0,0.0,0,0,0.4006829261779785,0
10310,337.9690625667572,38.463620857252906,7.00068473815918,0.0,0.0,1,0,0.3976140022277832,0
10311,337.9910635948181,47.620877187006826,3.998279571533203,0.0,0.0,0,0,0.400723934173584,0
10312,338.013064622879,43.472849576600574,7.002830505371094,0.0,0.0,1,0,0.3976140022277832,0
10313,338.03405594825745,47.638726091499706,4.994392395019531,0.0,0.0,0,0,0.3990445137023926,0
10314,338.0560631752014,45.43961865554412,6.001949310302734,0.0,0.0,1,0,0.3976140022277832,0
10315,338.0780668258667,45.44700400910175,6.002664566040039,0.0,0.0,0,0,0.3990445137023926,0
10316,338.0990629196167,47.627906976744185,6.001949310302734,0.0,0.0,1,0,0.3976140022277832,0
10317,338.1210551261902,45.47065328158539,5.000591278076172,0.0,0.0,0,0,0.40064382553100586,0
10318,338.14405632019043,43.47600389742314,7.002115249633789,0.0,0.0,1,0,0.3976140022277832,0
10319,338.1760563850403,31.249936670193268,7.000207901000977,0.0,0.0,0,0,0.3976140022277832,0
10320,338.20308923721313,36.99202709376984,6.032705307006836,0.0,0.0,1,0,0.3976140022277832,0
10321,338.2270576953888,41.721498841153476,4.999399185180664,0.0,0.0,0,0,0.3990445137023926,0
10322,338.25506019592285,35.71109654238789,5.995035171508789,0.0,0.0,1,0,0.3976140022277832,0
10323,338.2800588607788,40.00213634456186,4.99415397644043,0.0,0.0,0,0,0.4006638526916504,0
10324,338.3057179450989,40.548182521268366,6.000995635986328,0.0,0.0,1,0,0.3976140022277832,0
10325,338.3288116455078,43.36363260411066,4.975080490112305,0.0,0.0,0,0,0.3990445137023926,0
10326,338.35373187065125,40.09045985031686,6.0062408447265625,0.0,0.0,1,0,0.3976140022277832,0
10327,338.3757174015045,43.4931353436476,4.998922348022461,0.0,0.0,0,0,0.3990445137023926,0
10328,338.3987829685211,43.35466798974613,6.0024261474609375,0.0,0.0,1,0,0.3976140022277832,0
10329,338.420795917511,47.58575934287854,4.010677337646484,0.0,0.0,0,0,0.400723934173584,0
10330,338.44372820854187,41.78759016458773,7.003068923950195,0.0,0.0,1,0,0.3976140022277832,0
10331,338.4657244682312,45.462274683228735,5.000591278076172,0.0,0.0,0,0,0.4006843566894531,0
10332,338.48772406578064,45.455376979181345,6.000518798828125,0.0,0.0,1,0,0.3976140022277832,0
10333,338.509724855423,45.45291402067665,5.000591278076172,0.0,0.0,0,0,0.40064382553100586,0
10334,338.5347173213959,40.01205807719459,5.993127822875977,0.0,0.0,1,0,0.3976140022277832,0
10335,338.55778884887695,43.34346743275223,6.064176559448242,0.0,0.0,0,0,0.3990445137023926,0
10336,338.5797243118286,45.58827877048824,5.999326705932617,0.0,0.0,1,0,0.3976140022277832,0
10337,338.60172724723816,45.44848136790664,4.9991607666015625,0.0,0.0,0,0,0.4006829261779785,0
10338,338.6237277984619,45.45340659102485,5.999565124511719,0.0,0.0,1,0,0.3976140022277832,0
10339,338.6467182636261,43.49629260906988,5.994319915771484,0.0,0.0,0,0,0.40070343017578125,0
10340,338.6697242259979,43.46699276638962,7.004976272583008,0.0,0.0,1,0,0.3976140022277832,0
10341,338.69172859191895,45.44552674634046,5.010366439819336,0.0,0.0,0,0,0.40064334869384766,0
10342,338.71772956848145,38.460093896713616,8.002042770385742,0.0,0.0,1,0,0.3976140022277832,0
10343,338.73872423171997,47.63115219514411,4.993677139282227,0.0,0.0,0,0,0.3990445137023926,0
10344,338.7617244720459,43.477806571991295,6.998777389526367,0.0,0.0,1,0,0.3976140022277832,0
10345,338.78372716903687,45.44897384218625,5.002260208129883,0.0,0.0,0,0,0.3990445137023926,0
10346,338.810720205307,37.0465919429061,6.991147994995117,0.0,0.0,1,0,0.3976140022277832,0
10347,338.8337252140045,45.46079642756498,4.992961883544922,0.0,0.0,0,0,0.3990445137023926,0
10348,338.8567247390747,41.65354784249466,7.00068473815918,0.0,0.0,1,0,0.3976140022277832,0
10349,338.8787245750427,45.45488436612697,4.9953460693359375,0.0,0.0,0,0,0.3990445137023926,0
10350,338.901730298996,43.46744323422424,6.0062408447265625,0.0,0.0,1,0,0.3976140022277832,0
10351,338.9907190799713,11.237371599427723,4.9953460693359375,0.0,0.0,0,0,0.3976140022277832,0
10352,339.01172518730164,47.605202823871245,5.006551742553711,0.0,0.0,1,0,0.3976140022277832,0
10353,339.03272318840027,47.623580706694526,4.994392395019531,0.0,0.0,0,0,0.3990445137023926,0
10354,339.05272030830383,50.00720127810764,6.0024261474609375,0.0,0.0,1,0,0.3976140022277832,0
10355,339.07371854782104,49.83489377881279,4.006147384643555,0.0,0.0,0,0,0.3990445137023926,0
10356,339.0947313308716,47.741753363534954,5.008935928344727,0.0,0.0,1,0,0.3976140022277832,0
